user_id,risk_score,status
163557,0.9997593281667092,1
162336,0.9996266680035221,1
169545,0.9994440336930605,1
161398,0.9994372128263708,1
162573,0.9993301980053825,1
167196,0.9993297969142539,1
164687,0.9992979293287765,1
168354,0.9992869333975738,1
171775,0.9992087554183666,1
165938,0.9990601559860747,1
167194,0.9988128708301157,1
163561,0.9983587799534919,1
167172,0.99829948631849,1
167176,0.998285652925052,1
171566,0.998147374477559,1
161350,0.9977855273969299,1
161257,0.9977853742877039,1
163610,0.9974074128640997,1
167359,0.997276301046396,1
161303,0.9972608689444478,1
164003,0.9971580457421426,1
171068,0.9968542964711221,1
164757,0.996818443917978,1
165832,0.9967794456244369,1
171968,0.9966035530203902,1
165910,0.9965347381955512,1
171966,0.9964811827797296,1
164814,0.9964420216051969,1
163841,0.9962680098308558,1
163175,0.9962361508349449,1
168484,0.996173335343397,1
165748,0.9960052306107466,1
171977,0.9955911918711512,1
161098,0.9955731008151403,1
161063,0.9950004632405823,1
163377,0.9949597747102118,1
163508,0.9943854820878714,1
170920,0.9939386070491202,1
167341,0.9930445165624004,1
166658,0.992192337926423,1
171912,0.9921473829227733,1
168486,0.9919903499632939,1
170842,0.9917055062829692,1
170838,0.991696879218631,1
167244,0.9916496724361347,1
169831,0.9912229353555096,1
165788,0.9911555258531555,1
170643,0.9906535681851703,1
169013,0.9902040027029906,1
160983,0.989530590871818,1
170565,0.988102598589852,1
162537,0.9873411408061573,1
163481,0.9870706395154879,1
165169,0.9868597385526237,1
162417,0.9867577673209688,1
161346,0.9866216198343726,1
168537,0.9854849500106803,1
163689,0.9853463716698763,1
163960,0.9853183433046719,1
164887,0.9849149014479602,1
162590,0.9843308046492175,1
165359,0.9842739395190617,1
170552,0.9824640554417209,1
171081,0.9821493841285787,1
164362,0.9820203715557341,1
171713,0.9816079647142768,1
170739,0.9810284395227785,1
162535,0.9808817614632293,1
167219,0.9804309988961638,1
164018,0.9794481472281189,1
169640,0.9787817988898768,1
160377,0.9780762208697128,0
168197,0.9775286325646825,0
164716,0.9771088203483345,0
162172,0.9763436423131256,0
171425,0.9763029551020849,0
166101,0.976291698882207,0
170728,0.9754628377985625,0
170202,0.9748698378391544,0
63961,0.9737058784146617,0
172101,0.9728590167483846,0
162470,0.9724143618418883,0
160464,0.9718794516316908,0
163882,0.9718695201116851,0
166039,0.9710150101487006,0
162233,0.9705912544935879,0
165921,0.9705225223305096,0
164715,0.9700134576299767,0
165111,0.9689724071380149,0
163502,0.9681591340787966,0
171766,0.9671446305682941,0
163268,0.9671348561396071,0
165001,0.9662508005711632,0
170785,0.9659817915199322,0
162400,0.9655569968177029,0
164604,0.9651324480417188,0
164523,0.9644736371032335,0
166922,0.9640128309231735,0
166955,0.9638993398896313,0
166943,0.9628001841177312,0
167355,0.9609347310645745,0
167702,0.9604935028666253,0
162259,0.9599788428068109,0
169486,0.9598966941785123,0
171770,0.9597038707717035,0
171588,0.95948744907873,0
161242,0.9593698834245176,0
163957,0.9590515561777576,0
164867,0.9585127061254481,0
170774,0.9581590044669088,0
167300,0.9581313770291094,0
163411,0.9578657607111406,0
162272,0.9576042569401322,0
167277,0.9559961906358186,0
169275,0.955391359670395,0
171768,0.95534760996699,0
171683,0.9552994110011931,0
170540,0.9542505834827822,0
164875,0.9542380955603622,0
168579,0.9540570262639003,0
169770,0.9536711854755169,0
164744,0.9529619631113556,0
169702,0.9527619663078822,0
162195,0.951478184802762,0
165754,0.9505146881109393,0
170507,0.9495853205459213,0
167039,0.94958289838544,0
162266,0.9488286807930825,0
160366,0.9479356044432516,0
163135,0.9478990234986312,0
163063,0.9435810136443833,0
168162,0.9431380539790222,0
161554,0.9425699172772183,0
160801,0.9419582449509573,0
167630,0.9415029169992147,0
168299,0.9411476698583854,0
164511,0.9411195187113492,0
165726,0.9396405802911686,0
171684,0.9394479258729388,0
162648,0.9392318096519847,0
163615,0.9375141195382022,0
164657,0.9357854345262064,0
75883,0.9354519712752963,0
169396,0.9333627821891515,0
163379,0.9328019699065971,0
164967,0.93238957400706,0
166607,0.9314240827850578,0
168249,0.9311444211958986,0
167305,0.930540316804782,0
39657,0.9291848634309277,0
170285,0.9275472394760917,0
169621,0.9269954072936386,0
162324,0.9263344673761053,0
165996,0.9256759629328262,0
161406,0.9238966587989413,0
163267,0.9232365904385269,0
164649,0.9229571761369175,0
167097,0.9222698293839224,0
168900,0.922064938240351,0
169360,0.9214938810518938,0
166290,0.9212305701334363,0
162539,0.9211722924789562,0
43301,0.9205655638725099,0
35096,0.9203509523436529,0
163211,0.9181684068888641,0
163483,0.918011488765303,0
171702,0.9178837124598588,0
163819,0.9176978680990705,0
162120,0.9161912078937083,0
161133,0.9158262381613821,0
163943,0.9155661520966848,0
172026,0.914438662902914,0
160274,0.9142069405237769,0
163375,0.9136407124026157,0
164699,0.912569608598517,0
160833,0.9119800625302852,0
162270,0.9116147505273968,0
166964,0.9109927204303907,0
163593,0.9109798566835915,0
163378,0.9093733467025167,0
97050,0.9079696193303778,0
170779,0.9071340312331987,0
165853,0.9070249897034194,0
166926,0.90662730851532,0
164369,0.904747890629764,0
168613,0.9045728510421669,0
163361,0.9038779597240428,0
162302,0.9029412729273192,0
170852,0.9020724404610782,0
170547,0.9015076193388096,0
160966,0.9005256729959119,0
160971,0.9001562596800515,0
164474,0.9001169162115863,0
165934,0.900092567899355,0
168088,0.8999945247203802,0
164851,0.8968636762151487,0
168118,0.8950404623299911,0
164435,0.8943966272592242,0
171691,0.8942149223855388,0
169591,0.8927653545226829,0
169631,0.8925020654599402,0
164739,0.8921028881157599,0
170013,0.8905453059097724,0
3553,0.8888431898553655,0
170654,0.8885497123600612,0
160995,0.8885455091724733,0
166808,0.8883085099437588,0
167363,0.888294859756633,0
166967,0.8878979961329987,0
171960,0.8873599361668104,0
171925,0.8867990967579715,0
162223,0.8861357341582187,0
162160,0.8859269383236532,0
160594,0.8856038008702166,0
166437,0.8853523895871226,0
169480,0.8845453406447948,0
166055,0.8843648452574402,0
169945,0.8842239243666618,0
167062,0.8831864609828929,0
164822,0.8823303958660154,0
166666,0.8822293838550066,0
161214,0.8819226539420507,0
37856,0.88188876672973,0
166788,0.8811831913557896,0
171705,0.8798370940969785,0
163713,0.8787509149382174,0
168252,0.8773375156653979,0
171787,0.8771791740639978,0
167335,0.8763813622040221,0
171984,0.8763055050149843,0
169241,0.8761067292002371,0
170514,0.8753897440285525,0
166047,0.8747601979346558,0
163382,0.8737727947338485,0
168035,0.8730598583233229,0
163470,0.8730490473525127,0
167493,0.8728991965551771,0
161157,0.8720181848378087,0
167131,0.8710447432420075,0
170867,0.8704975635794931,0
161075,0.8695160992066593,0
162171,0.8685224189682992,0
166043,0.8684601313044372,0
163337,0.8675729318749015,0
76809,0.8666592998239946,0
161042,0.8661123054751854,0
161873,0.8648419966512652,0
165963,0.8626851527987013,0
23114,0.8624062719026886,0
163403,0.8618939127955394,0
161620,0.8605340213245858,0
161064,0.8601989550396734,0
163942,0.8592334335329433,0
22475,0.8587534639026922,0
34601,0.8583921796932414,0
165815,0.8582230789781098,0
166440,0.8580255625019239,0
163524,0.8579437652862787,0
169599,0.8572313632876893,0
162143,0.8566801993417235,0
170053,0.8552584194439794,0
166650,0.8551379455598502,0
168307,0.8545402438365228,0
166377,0.8525006620729084,0
170106,0.8511610786746701,0
169364,0.8511356222027474,0
162699,0.8491360634352376,0
163278,0.8487825159333767,0
164070,0.848594400608534,0
168287,0.8482814551414756,0
167794,0.8481582824591112,0
168403,0.8472977060453684,0
164798,0.8460216770505793,0
166050,0.8450290479041717,0
164724,0.844353439425185,0
168971,0.8439904005865051,0
160751,0.8436223061386445,0
162996,0.843105545709704,0
167141,0.8424083027109145,0
169038,0.8415021659335404,0
160922,0.839995826466075,0
166974,0.8381385162657808,0
167124,0.837285670393524,0
161201,0.8368882217515523,0
161067,0.8365483553577676,0
163736,0.8354423124719281,0
163160,0.8338652956074155,0
165016,0.8329041352771217,0
169435,0.8323270446891563,0
168258,0.8322814919894896,0
169612,0.8316906279412474,0
161093,0.8314352659445126,0
170808,0.8311049922502548,0
163013,0.8310228956194635,0
163261,0.8300534330574377,0
168739,0.829064316741837,0
164840,0.8287862893692022,0
168267,0.8287402328111171,0
161055,0.8273833737664089,0
161111,0.8267652910324371,0
170704,0.8256372855867415,0
164195,0.825260223834324,0
166044,0.825176751714846,0
167156,0.8243642054660956,0
163221,0.8239645959319642,0
161568,0.8237998160963018,0
167239,0.8236277246505865,0
164863,0.8232453613594446,0
165814,0.8228756649088534,0
165416,0.8226096428047123,0
168685,0.8223012974286811,0
168379,0.8220648300097454,0
163274,0.8206354099494226,0
163643,0.8163253566409229,0
163486,0.8159762727626451,0
170533,0.8157259026302626,0
163540,0.8153438410535371,0
170458,0.8152826922614553,0
167423,0.814519540244923,0
165122,0.813483652056725,0
163326,0.8132590296949325,0
165991,0.8126205050017281,0
163782,0.8105464262116168,0
167685,0.8090855093216914,0
165927,0.8064752648236619,0
171719,0.8040904595123628,0
165055,0.8038494904909205,0
171769,0.8037686976299305,0
168324,0.8027298538083409,0
163952,0.8024560034529297,0
171053,0.8011661192141529,0
172070,0.8009993320604145,0
170035,0.8000449950960937,0
161162,0.7990155706677177,0
167348,0.7987110752758142,0
166564,0.7971273145709016,0
170956,0.7964290715822134,0
168598,0.7961492878805521,0
170714,0.7947442806827903,0
170532,0.7942000361343405,0
165800,0.7939052054572021,0
167209,0.7929369858956773,0
167575,0.7921621552606625,0
162833,0.791978860056854,0
162232,0.7917813813770802,0
165973,0.7905864164578492,0
162389,0.7892231138271925,0
167724,0.7890397254902869,0
161197,0.7868044426030762,0
163560,0.7858969087693352,0
164634,0.7851066295904704,0
164187,0.7849938209463366,0
166894,0.7843129130795718,0
162325,0.7822298231565146,0
162928,0.7821855996890593,0
161596,0.7816122693545215,0
165081,0.776139279463927,0
163584,0.7761379153027225,0
167467,0.7756238332813716,0
168135,0.7753886692279599,0
164506,0.7735725915580103,0
167026,0.7728475021581134,0
169581,0.7719817156269538,0
164348,0.7717267720616708,0
171002,0.7712531075240847,0
161407,0.7705933610072123,0
164771,0.7701584220586398,0
161808,0.7700960121393085,0
163418,0.7696014290492909,0
169674,0.7694602974556024,0
172013,0.7694272082007362,0
161378,0.7691504526652735,0
161731,0.7682350061799611,0
162340,0.7658469405761366,0
165305,0.7652908603922477,0
163275,0.7643851888945612,0
162445,0.7621241093820807,0
3056,0.7619594252247873,0
163147,0.7599811937031994,0
169100,0.7596808768767938,0
160732,0.7585261359616041,0
168294,0.7570274917283022,0
167774,0.7563483295720012,0
165274,0.7552576269535564,0
162497,0.7545693999277566,0
163619,0.7543913207832856,0
167344,0.7528153657582608,0
168935,0.7526839470413205,0
165936,0.752487806995418,0
169873,0.7523259070891244,0
170748,0.7507747084706768,0
164768,0.7487229388291321,0
163245,0.7477122234103798,0
162024,0.7475491101057783,0
165278,0.7472489022539545,0
164518,0.7460868417474465,0
171202,0.7454857241518569,0
162003,0.744155173448251,0
170806,0.743303387538067,0
166059,0.7418711954064588,0
168296,0.7418097352403406,0
160286,0.7411835141204821,0
164541,0.7392962072708948,0
163680,0.7383647326678512,0
166014,0.7380088809485434,0
161389,0.737469350329839,0
169329,0.7372270701840123,0
171711,0.7366249021931125,0
162912,0.7365046196001681,0
167479,0.734109205871292,0
162313,0.7334559526284281,0
169619,0.7334006372297703,0
168297,0.7317229913407373,0
163349,0.7312348176037051,0
169424,0.7296830418641879,0
165941,0.7292491170817945,0
163535,0.7286886805193088,0
168756,0.7277952432567445,0
170262,0.727748374869326,0
170604,0.7273542912027668,0
168532,0.7271162954765844,0
171338,0.7270265860063183,0
169361,0.7266681260720881,0
169205,0.7262744719678454,0
162136,0.7262123564423616,0
164679,0.725778066996135,0
276,0.7253065061691565,0
162767,0.7249528565757,0
169346,0.7247918867342354,0
163572,0.7247867813317362,0
171774,0.7234999989645666,0
169495,0.7227350305993587,0
164170,0.7217223656063654,0
160849,0.7213024210177891,0
170448,0.7199454983628105,0
171581,0.7196665439524662,0
163303,0.7193898016748629,0
165135,0.7185236293520364,0
163108,0.7175285612589647,0
7518,0.7172175754809197,0
165960,0.7151756805530053,0
170705,0.7149718351690895,0
166075,0.7148088519642307,0
169189,0.7146251973891745,0
170716,0.7142697290100493,0
167002,0.7122693286295886,0
164141,0.7117934113585632,0
166161,0.7096544756846639,0
161189,0.7085990919852466,0
169982,0.7074858895293519,0
169197,0.7066456863046774,0
162018,0.7065477274725449,0
161342,0.7064030044543406,0
171423,0.7061271816918318,0
166823,0.7060682277603461,0
162265,0.7047122527280224,0
171694,0.7046086412474964,0
164267,0.7040581746589462,0
166982,0.7019189862668868,0
165828,0.7017678652001531,0
171997,0.7012206010526947,0
168441,0.7011257185765633,0
167480,0.7002680093162555,0
170964,0.6999319501113223,0
162341,0.699098105461473,0
162380,0.699094897135292,0
165211,0.6987929582789574,0
166309,0.6977596671888114,0
160301,0.6973954482397129,0
172111,0.6966121355044719,0
96931,0.6958427893766351,0
170619,0.6950128747681524,0
168040,0.6938919493313979,0
161759,0.6928164323267471,0
163460,0.6925636903761744,0
171579,0.6925242964459712,0
169746,0.6921864346850771,0
163332,0.6918449807766474,0
170572,0.690084860761001,0
172002,0.6893529573005229,0
168414,0.6890449674853736,0
163856,0.6875711611766699,0
164666,0.6869414467291791,0
167887,0.6868543018556685,0
98555,0.6835379826578004,0
166957,0.6834684573545872,0
166859,0.6819680654125625,0
161124,0.6814444203210985,0
162800,0.6813423478764276,0
168345,0.6813364594347792,0
172023,0.6812405277528991,0
165835,0.6801874984085645,0
168386,0.6792471945228861,0
165871,0.6786310495683083,0
163311,0.6780194409073044,0
164552,0.6775923500569012,0
162368,0.6773694578693067,0
167193,0.6753318627824356,0
166246,0.6743265590033328,0
165615,0.6739233074687042,0
161018,0.6723866942395873,0
163250,0.6710392411589375,0
166031,0.6700075813023668,0
171647,0.6694356033699642,0
162690,0.6685174497692961,0
168381,0.6684041164143729,0
162248,0.6683698124112598,0
161442,0.6675914052740752,0
166081,0.6674219606826427,0
165435,0.665410663068364,0
164670,0.6651472543598784,0
161081,0.6649893699914168,0
167584,0.6633074625713936,0
168008,0.6629878912632589,0
169130,0.6629257150352227,0
164251,0.662217108852038,0
166094,0.6613083290138346,0
164786,0.6602068226783033,0
165236,0.658593206658517,0
164820,0.6585184132276604,0
161193,0.6571014172497709,0
166603,0.6567118137472003,0
169779,0.6560816442833378,0
160895,0.6559098290574187,0
171712,0.6556838953685524,0
164629,0.6556429167209721,0
161871,0.6555343407463152,0
169380,0.6549689178563297,0
165619,0.6546931632850871,0
168105,0.6533165076750143,0
38722,0.6533120023005128,0
170535,0.6522258318470917,0
169829,0.651548398729614,0
167139,0.6506947246527569,0
168545,0.6504458409646771,0
168980,0.6498893693972344,0
169605,0.6493880287210468,0
167488,0.6466327099605167,0
169789,0.6458592402005205,0
169391,0.6443651677593205,0
164834,0.6439828343435038,0
166956,0.6424944112890044,0
161279,0.6424300282428629,0
167795,0.6422497696256,0
169206,0.6408072687764531,0
163478,0.6402487124366351,0
162214,0.6399233167665896,0
164632,0.6388699987330236,0
168605,0.638698315200828,0
165603,0.6370018146847736,0
162170,0.6358402525418658,0
164577,0.6356132058716186,0
168445,0.635470839785843,0
161296,0.6343411278212919,0
171842,0.633625967371908,0
170745,0.6326396022582285,0
164382,0.632239381599819,0
165026,0.6319487382934558,0
165195,0.6318904294023554,0
168261,0.6311176894193645,0
166167,0.6304050790063602,0
163901,0.6289724064620863,0
169366,0.6287653955561167,0
162224,0.628754276966336,0
24202,0.6283612872448473,0
163259,0.6276964050835709,0
164818,0.6275040873598142,0
162649,0.6265082844532589,0
163451,0.6261129676015411,0
162348,0.6259400799584365,0
169127,0.6249308366430348,0
170685,0.6246163532588872,0
165765,0.6243130578442904,0
171331,0.6242465967537346,0
169464,0.6238146938448824,0
171917,0.622166312390106,0
169050,0.6205736230563884,0
165406,0.6203386855549632,0
160880,0.6203070774182758,0
165004,0.6201575753736248,0
161541,0.6201243437923903,0
165708,0.6184695508123782,0
169310,0.6175121779175109,0
168727,0.6169440566355429,0
164209,0.6163360973872546,0
167805,0.6156445602250519,0
167989,0.6156243937089709,0
165341,0.615160698490106,0
165489,0.6132114681603271,0
165804,0.613199621342046,0
170505,0.6131033147456685,0
166947,0.6113185507442046,0
160758,0.6110417172841593,0
95077,0.6105186296620965,0
162227,0.6085404077854554,0
168721,0.6078211623121812,0
169758,0.6077054150199867,0
163843,0.6044645677431573,0
96613,0.6042000824102232,0
167888,0.6039865550196004,0
162210,0.6034001760344769,0
171872,0.6033382018472991,0
163489,0.6023712848290186,0
166674,0.601864773761591,0
168507,0.6018027994991181,0
171395,0.6015271594954359,0
166580,0.601499307129025,0
164260,0.6010634012461489,0
165137,0.6008536765967046,0
164261,0.6005613911680221,0
167800,0.6004646036726423,0
162639,0.6002871804625952,0
168871,0.6000825785594582,0
162100,0.5996976904016669,0
160243,0.5982587652384703,0
162744,0.5982316055884112,0
169254,0.5979290950458994,0
163734,0.5973706914630653,0
171648,0.5972336965399316,0
164804,0.5971185782019554,0
168536,0.5949813285712929,0
163159,0.5949536930191479,0
168867,0.5943895563876914,0
160585,0.5941924507059727,0
168558,0.5932102939818809,0
161094,0.5931870522185803,0
170679,0.5930897622871267,0
168110,0.5929176823737499,0
164662,0.592871286363461,0
171915,0.5928379921191599,0
170512,0.5915393349635479,0
166173,0.5912229296136496,0
172095,0.5910788671227337,0
163870,0.5903487339649336,0
160625,0.5898596276882889,0
165824,0.5890434765586224,0
171300,0.5889598735928258,0
161244,0.5884074782252652,0
169459,0.5883337420204222,0
163330,0.5881440852157542,0
1097,0.5878557155707598,0
169390,0.587837558257193,0
165752,0.586965806286643,0
163725,0.5864458383944374,0
165275,0.5861322401926135,0
163771,0.5859559380044442,0
11190,0.5854556383674677,0
171327,0.5852349307709034,0
160260,0.5838968902746597,0
167403,0.5832549134710564,0
168404,0.5820666764082958,0
162105,0.581117809140342,0
161012,0.5810444485131575,0
170528,0.5802896695185403,0
168219,0.5794023168335702,0
162246,0.5790132643381507,0
168124,0.5775806371516858,0
170571,0.5762342767762355,0
163318,0.5759149160700737,0
162197,0.5758266428017949,0
163440,0.5751418623689848,0
165912,0.5741922887127573,0
168960,0.5741185065899731,0
161135,0.5736408844691745,0
163785,0.5733749127962118,0
161347,0.573013707466314,0
163695,0.5724292898420494,0
171710,0.5724187192384059,0
163441,0.5723623127225734,0
169433,0.5716514782284832,0
161145,0.5713457259488357,0
162382,0.5711695828583647,0
163283,0.5707049888346402,0
166760,0.5704250567044937,0
162692,0.5701669659479887,0
162536,0.5688924300970875,0
23557,0.5677592075674814,0
163194,0.5676777059459406,0
171620,0.567667436530599,0
166286,0.5674177832882988,0
171701,0.5671491868925904,0
164801,0.567073643220736,0
167284,0.5666588331719186,0
167051,0.5661720870796759,0
169342,0.5655749021885793,0
169969,0.56513444394286,0
162130,0.5650418887993088,0
164486,0.5647162957271097,0
165971,0.5647160646849295,0
165125,0.5643501308359453,0
171814,0.5642066442312289,0
166005,0.56404707354404,0
160362,0.5637416973259147,0
165749,0.5636129792444436,0
168724,0.5635233596054419,0
170976,0.5633396215260169,0
164531,0.5632071071502022,0
165781,0.5631848909436646,0
58610,0.5621960528674869,0
171679,0.5617790510695402,0
163327,0.5617494779368181,0
171668,0.5612493979954123,0
169053,0.5609130674800675,0
170115,0.5607915664805913,0
167007,0.5599394177260456,0
167482,0.5597517240656643,0
163290,0.5594353370461116,0
163322,0.5587750557184181,0
160766,0.558065040200859,0
160251,0.5577994218601022,0
163452,0.5575521889742765,0
165795,0.5555842909026255,0
169318,0.554825525463729,0
172007,0.5541824527967891,0
164578,0.5525659396655908,0
165616,0.5521644702664157,0
169427,0.5517977335311925,0
162668,0.5513688639992422,0
170944,0.5513024722391917,0
167163,0.5512254286163807,0
168321,0.5509139426967224,0
168165,0.550821766057781,0
167590,0.5505389469487358,0
171825,0.5504763183611034,0
165801,0.5503194717988384,0
170916,0.5500296265215968,0
160972,0.5496141996511322,0
100060,0.5477796331804473,0
171557,0.5473183346440913,0
170412,0.547142700598509,0
171698,0.5465197649446926,0
161082,0.5460120602216973,0
162902,0.5455126091060567,0
166935,0.5453724020589885,0
167290,0.5453491667152681,0
171321,0.5446458430180315,0
11406,0.544436522215977,0
170636,0.5443089441740931,0
160638,0.5440584186861681,0
161358,0.5439621441804091,0
162574,0.5437305664007173,0
165724,0.5431056715348421,0
167161,0.5430143975721792,0
170592,0.5428042127294299,0
168340,0.5421182980366132,0
162804,0.5414412068971196,0
170560,0.5410295106770451,0
164232,0.5410096653718843,0
161914,0.5408782491763092,0
162712,0.5400719805166501,0
169246,0.5397915326303832,0
162115,0.5397038861603636,0
163526,0.5394013039089748,0
170397,0.5388287588310675,0
167048,0.5381605919501652,0
168070,0.5379733477912666,0
161493,0.5379560573291087,0
168140,0.5377425687239463,0
162140,0.5377340660781282,0
169692,0.537675424333449,0
167461,0.5375358822104045,0
162163,0.5374045807236649,0
161220,0.5373932316851832,0
162182,0.536599938565145,0
165883,0.5363801839553485,0
167384,0.536243421371374,0
163312,0.5360316923288927,0
161935,0.5352213024871529,0
170603,0.5348901977529035,0
163236,0.5348525281717771,0
160951,0.5337301610143809,0
170998,0.5336388075273791,0
166987,0.533051177243838,0
168072,0.5325547891212147,0
160368,0.5322452021633534,0
160968,0.5322354361438056,0
162450,0.5316113072985598,0
160834,0.5304704969653404,0
170488,0.5302082040922386,0
162188,0.5292472878728802,0
162499,0.5285426985490611,0
170225,0.5271640040527105,0
95530,0.5266660250217718,0
169388,0.5264051518095223,0
171664,0.5261086934349963,0
500,0.525499286139814,0
171399,0.5254242073396407,0
160990,0.5246147827783557,0
161013,0.52444946139511,0
166930,0.5244448830329529,0
171722,0.5241770821833729,0
165666,0.5240274173296701,0
168993,0.5234429132013121,0
168022,0.5234264016676039,0
162156,0.5228096256032353,0
162508,0.5225304692540836,0
169819,0.5221332073453007,0
164914,0.5219639405260874,0
166960,0.5216969843766655,0
164653,0.5211491723987803,0
161414,0.5209408757858627,0
171334,0.5203336140249287,0
164387,0.5198843685968111,0
165582,0.5173314996950913,0
164600,0.5166632049092695,0
163310,0.5166325766992601,0
168425,0.5148642157104553,0
162518,0.5148629103684593,0
162593,0.5148622789243492,0
164974,0.5143074069218577,0
168543,0.5139361757282528,0
169301,0.5137250217285652,0
167027,0.5136392780237252,0
165371,0.5135933431034425,0
172058,0.5135245332819051,0
164559,0.5128109127378034,0
171672,0.5120864490019468,0
163488,0.5119575224430037,0
170816,0.5115499950215332,0
171638,0.5113258852513808,0
166821,0.5109045449557218,0
171095,0.5108130030883724,0
170602,0.5105520050641852,0
164580,0.5101905557000695,0
160353,0.5101723006660331,0
166904,0.5090409973960107,0
165761,0.5087476847577261,0
160381,0.5080776038014474,0
166927,0.5076619690611803,0
171788,0.5075109910830867,0
160796,0.5074896419864587,0
167001,0.5066792597667489,0
169247,0.5061056904524547,0
166631,0.5057563604988561,0
165533,0.5042593986912688,0
169382,0.5041075827593056,0
169389,0.5034937941382676,0
160364,0.5028904634352431,0
168275,0.5028019345647625,0
75807,0.5026525231236492,0
164220,0.5020905994972764,0
165257,0.5020430656700067,0
166638,0.5020069040228518,0
164865,0.5013445561093253,0
162174,0.5009478701440911,0
160343,0.5004170292591195,0
171704,0.49939546357020775,0
162113,0.49840783235869307,0
168009,0.4980626315919068,0
164785,0.49771483750933304,0
165496,0.49656226557432065,0
164599,0.4963448008870251,0
163497,0.49545784077750776,0
171675,0.4953648037340149,0
163744,0.4950499080676008,0
161559,0.4947402974475841,0
165837,0.49458502314302666,0
164637,0.4934126702191324,0
170589,0.49337457608962776,0
170932,0.49330592651202676,0
161112,0.49323316070425705,0
170271,0.491965848524725,0
167054,0.49181505394693104,0
161229,0.4915596118698711,0
168448,0.49121860500769515,0
164688,0.4908170931528025,0
168240,0.4907451962030255,0
170574,0.49074191462008276,0
169968,0.4906624119052433,0
170557,0.49042619426195866,0
161817,0.4902768898138452,0
160920,0.49024410742933194,0
170142,0.4896997789681774,0
164129,0.48968057241496293,0
170138,0.4891994975882251,0
166813,0.4891965882169263,0
161126,0.4889857380000818,0
164885,0.4881862355197082,0
170583,0.48799957232848884,0
163392,0.48757434630382446,0
171901,0.4874703304901824,0
171181,0.48673973901676576,0
161121,0.48663866859162636,0
161087,0.48663620278786235,0
168692,0.4863277055412756,0
169323,0.4861636213960792,0
171745,0.4861531910417041,0
166557,0.48554340226027387,0
160970,0.48486297188930166,0
167497,0.4848453550231636,0
167629,0.4842683215291947,0
168207,0.4841333819009174,0
170667,0.484074481055094,0
161108,0.48404400836187433,0
161004,0.48397794341045697,0
162550,0.483572706910133,0
169944,0.48296427722853574,0
162203,0.4829424630850227,0
168433,0.48277885911504875,0
165475,0.48250537166450536,0
170018,0.4823973849156099,0
163121,0.48228680198573454,0
166340,0.48214402745307083,0
162387,0.4820498604889599,0
161325,0.48198580507836897,0
166902,0.48141607199819175,0
167129,0.479903019040443,0
164697,0.4798839911253887,0
171544,0.4797801070717006,0
167920,0.47933260714628506,0
169497,0.4789541859206952,0
161152,0.47875658556030243,0
167781,0.4786756339621332,0
166629,0.4785047696270673,0
164565,0.47805566644697767,0
170020,0.4776552676098606,0
167225,0.477077892716781,0
167174,0.4769379571703274,0
166977,0.47642080154987204,0
169425,0.4762183390720181,0
169457,0.47548584816630807,0
164555,0.4750008110037568,0
161000,0.47497142800838926,0
161184,0.4746268906186693,0
164742,0.47447065330628435,0
169719,0.4743651160028668,0
165441,0.4738606302556856,0
163357,0.47373964646412636,0
166972,0.47360166357004674,0
167949,0.4735172716706782,0
170657,0.47313943726335617,0
166875,0.47296585756415405,0
167583,0.47295958944456784,0
168178,0.47243531524884985,0
165775,0.4717711518130211,0
165251,0.47158087152156564,0
170709,0.47156001437551,0
163892,0.4709810207731968,0
170973,0.47055293101442097,0
162271,0.4703831636402718,0
169564,0.47003075553541634,0
169432,0.4698556448206277,0
171863,0.46969872138013086,0
162251,0.46944480452236387,0
167440,0.46931700355317246,0
170274,0.46815682799754327,0
167750,0.4678844423842835,0
164332,0.46741190315120984,0
166482,0.4669772576620712,0
167250,0.46674584065754354,0
169410,0.46650520755976044,0
170400,0.466279625900136,0
169802,0.4662337221149249,0
171685,0.46579939934026193,0
162375,0.4657136558124945,0
171613,0.46569035373183876,0
171314,0.4655900103788507,0
162242,0.46554321626347517,0
168359,0.46550550959668113,0
161060,0.46511220111374574,0
170653,0.4646770548225195,0
166996,0.46453988689684345,0
165756,0.4641332856337559,0
167678,0.4639704092609796,0
161047,0.46393180115320376,0
20412,0.46333443006214486,0
162812,0.4632144011407279,0
170588,0.46306189139136356,0
163439,0.4627554364545503,0
162397,0.46179294563830525,0
98572,0.46167437175663534,0
163644,0.46165373853352143,0
172019,0.4607868164882833,0
165157,0.4603216032136642,0
161315,0.460276180743079,0
169073,0.46010119492134144,0
169487,0.460045368311771,0
161882,0.45999135268848496,0
166790,0.45951860706549363,0
166958,0.45909008275320995,0
162490,0.4589831201823008,0
170541,0.45876856797075827,0
164564,0.4587285017320719,0
167283,0.45859185305897743,0
164503,0.4585454108945661,0
162591,0.45785171942185027,0
165750,0.45743856538731087,0
162494,0.4574190548594317,0
168205,0.4572980046414276,0
160781,0.4572227418262238,0
169056,0.45717085981714783,0
169714,0.45640107944774666,0
160950,0.45624941873984476,0
170596,0.4560045690156377,0
166951,0.45588154632900774,0
163416,0.4550720815027423,0
166334,0.45504170193015187,0
167831,0.4547153059993231,0
162241,0.4546665249621367,0
164942,0.4535816285401579,0
97648,0.45347071947667983,0
110056,0.45254057132515585,0
160519,0.45241124061037413,0
163334,0.45158045721489826,0
169720,0.4515668937661392,0
171839,0.4512223034028328,0
160735,0.4510321098709317,0
163583,0.4509963519924218,0
162025,0.4509900670533807,0
161745,0.45085034876297564,0
170537,0.450840677377314,0
160836,0.4507258806967639,0
161661,0.4501960306156239,0
165307,0.4499284429643726,0
165632,0.44915281402733487,0
164569,0.44889674984633665,0
171765,0.4477033135589523,0
167170,0.447398495011281,0
166589,0.4469047583576118,0
167955,0.44687875460142856,0
168668,0.4466385475388524,0
169348,0.44638426237053075,0
163602,0.44619079798297,0
171126,0.44609489484452114,0
161368,0.4458373346850493,0
170681,0.4454614973252426,0
169660,0.44520872772797576,0
162154,0.4451918673133578,0
167298,0.44513927269344084,0
168746,0.4448156326277043,0
160929,0.44480308373452815,0
165974,0.44346564223329876,0
172025,0.4434636809470412,0
163432,0.44342762851678047,0
170608,0.443402906701619,0
167615,0.44303175708376313,0
163062,0.4429441263732815,0
171764,0.44291497371615535,0
168157,0.44288575196178837,0
167581,0.44258159300100225,0
162253,0.44246356498603656,0
168216,0.441775154820795,0
166243,0.44170046891112275,0
170727,0.4411857677108272,0
167000,0.44100950034336656,0
171099,0.44016008974369747,0
169772,0.44002855623053394,0
163398,0.43970763079633496,0
170680,0.43937382908924333,0
166924,0.4388332964860858,0
163666,0.43852618477861033,0
163080,0.43820202721638496,0
160558,0.43817822403476064,0
165523,0.43797415038595,0
161237,0.43787381802356584,0
165980,0.4377538760004777,0
166750,0.43743350343902593,0
163417,0.4371623871131135,0
167207,0.4367729007866392,0
165808,0.4366506884531817,0
93164,0.4362961183246538,0
167211,0.43564024241628885,0
162322,0.43521852596647115,0
162779,0.4350550025727792,0
167651,0.43468777348269916,0
166979,0.43465724687329627,0
164839,0.4343592972835852,0
167212,0.434281352219848,0
172099,0.4340513299373995,0
169403,0.4338854087003768,0
164609,0.4337375213866574,0
161420,0.4336893390178824,0
166412,0.4335047964612341,0
171100,0.43348348192027514,0
171763,0.4334159974818399,0
166237,0.4332844607559691,0
169293,0.4329275838463904,0
167082,0.43283827357874605,0
166950,0.4324921428854098,0
162257,0.4318809828426624,0
164409,0.43170353384417764,0
164898,0.4316747143146252,0
162305,0.4315371335574099,0
170791,0.4311648089367722,0
171785,0.43073838258772496,0
168214,0.43055287183843227,0
161617,0.4297501389019124,0
165261,0.42952578651137296,0
97298,0.4293006519524334,0
164421,0.4290010743209552,0
163328,0.4289833377671827,0
163260,0.428695168523576,0
162063,0.4286498848206149,0
160246,0.42847287401023754,0
95251,0.4282492228545155,0
169395,0.4281708924694296,0
163401,0.4279663833922919,0
171539,0.42796484270611923,0
163388,0.4277417432207115,0
163331,0.42769070950656546,0
160921,0.42741105542026187,0
161359,0.42737438718088505,0
170027,0.42722649295908727,0
171721,0.42696724130305613,0
161936,0.42581161783636684,0
170078,0.4255046880507504,0
161286,0.42540412113621634,0
166372,0.42506001676830274,0
162365,0.4248389767448312,0
171310,0.4245605699159882,0
166370,0.4240369848379593,0
165344,0.4238847863531587,0
171910,0.42385157697077314,0
170722,0.42346371223762197,0
165427,0.4231728575117715,0
164869,0.4226261901243108,0
169848,0.4225982217894748,0
169514,0.4225225136685199,0
171083,0.4223531389999865,0
161322,0.4222366929030353,0
164372,0.42213211135158585,0
9170,0.4217506953892595,0
170595,0.42049133759893514,0
168791,0.42045059066864066,0
7459,0.42041753058415515,0
170616,0.4204084243471086,0
170972,0.42026418265366733,0
165723,0.4201514597096155,0
170493,0.4200043156461803,0
162671,0.41997201984995847,0
163543,0.4197831778818099,0
166824,0.4194273397750638,0
169428,0.4190765708255245,0
164799,0.41895079661779044,0
161863,0.418950795291556,0
160926,0.4186988317798035,0
168575,0.41835416624584537,0
169413,0.41811450002911316,0
160557,0.41704505475834364,0
161138,0.41698426280580564,0
167093,0.41697845716588655,0
162091,0.4167685592795402,0
160361,0.41671676076273056,0
164312,0.41647394186855524,0
170563,0.4164358238298023,0
160360,0.416365745661617,0
167061,0.4163335169557922,0
164311,0.4163135677627713,0
168744,0.416242606250314,0
162901,0.41610553122401545,0
167032,0.41563439701233545,0
170434,0.41497025604779225,0
161141,0.41478495676935545,0
42629,0.41440205746898773,0
169070,0.41438835208047303,0
160397,0.414264092634545,0
161107,0.414069257170845,0
164517,0.4139733366909304,0
166850,0.4139264014243437,0
165777,0.413917093693958,0
168236,0.41362237830408344,0
171900,0.4135594658905951,0
162355,0.41350235805024654,0
160507,0.4128443915657406,0
161020,0.41261751259905594,0
166364,0.4125112708567177,0
161326,0.41233868838134535,0
166543,0.41227695965895467,0
167586,0.412221531343924,0
164189,0.41199180373807587,0
163061,0.41098111199361786,0
168295,0.41052523764052185,0
165544,0.41019611265534567,0
164908,0.41007017934754575,0
169549,0.4096052319177343,0
168276,0.4090013625548398,0
163595,0.40883232157307425,0
166784,0.4087729684201482,0
165338,0.40877065944840435,0
166506,0.40823118045528184,0
168186,0.40804446857596044,0
163374,0.4080383179103129,0
102314,0.40794814296426085,0
161744,0.40772744723908977,0
169905,0.40752813132652543,0
161437,0.4070924043790478,0
166588,0.4066026572698655,0
163774,0.40624634339612176,0
167064,0.4059813385842687,0
171054,0.4049979125135607,0
170424,0.4048753821821743,0
171801,0.4048192761724696,0
170701,0.4045755587115135,0
162433,0.40376549395267386,0
165158,0.4028266286551821,0
51142,0.4019124085558316,0
171434,0.40144392028054027,0
168292,0.40139055404351415,0
160865,0.40103622039002457,0
162295,0.40090790672528887,0
169409,0.4009049820116768,0
168203,0.4007343629384834,0
162893,0.40053527871919953,0
162021,0.4000324828433095,0
166994,0.39901135791553044,0
170128,0.398767843644561,0
80821,0.39863387160364866,0
171123,0.3982562087758855,0
164527,0.39816110278078526,0
168393,0.39805679598775573,0
161989,0.3977042165319378,0
161570,0.3974540269394094,0
169404,0.39724292199909883,0
164691,0.397174418993819,0
171360,0.3971305996848211,0
162446,0.3969763433660919,0
168264,0.3969663678849276,0
169478,0.39691641077145895,0
169429,0.3968519250326749,0
163984,0.3966543987137623,0
163831,0.39659138189622545,0
169317,0.39658624595854675,0
168189,0.3960966619196886,0
171309,0.3959749056229959,0
163415,0.39562055351567027,0
162776,0.3953607345361622,0
166228,0.3948480580355822,0
169891,0.3938918510534061,0
160885,0.3936266920318389,0
160493,0.3932225525534852,0
164402,0.39307817103591375,0
162304,0.39275779265565286,0
160518,0.39255488809872724,0
170823,0.3922585028072594,0
166883,0.39223763666799094,0
163125,0.39190889048597727,0
167361,0.39181136851441367,0
164304,0.3914381470239219,0
163348,0.39137903381049344,0
163399,0.3909067651071848,0
160687,0.3907850877024693,0
170984,0.390749761464183,0
164491,0.38988093190411804,0
162328,0.38979057672555567,0
171993,0.38924993324487545,0
169649,0.38923140769899117,0
168529,0.38906689265560224,0
161912,0.38882051106226456,0
18716,0.38874799552159095,0
167460,0.38870885041040887,0
164024,0.3885318934237273,0
163172,0.38827786620425414,0
165773,0.3882663565892556,0
164975,0.38818331526386685,0
171349,0.38795267206067185,0
163511,0.38757090607849276,0
161177,0.3871283160229395,0
163948,0.38619190681372867,0
164536,0.3861388789205273,0
168191,0.38592883904447195,0
166359,0.38592575866070145,0
167063,0.38569809927897813,0
161153,0.3846414912557369,0
161234,0.38446129495347126,0
164043,0.3842054239716684,0
171875,0.3840770043929372,0
167498,0.38368214693779834,0
166925,0.38366183528376513,0
164658,0.3835114560181521,0
166961,0.38334953639438624,0
170492,0.3828562514808518,0
164087,0.38246566435190793,0
164961,0.3822047444329195,0
163365,0.38199582378016605,0
171101,0.3817918838910488,0
168722,0.38131533875161233,0
95833,0.381314337979548,0
160757,0.38123040968427263,0
171064,0.38075190748887233,0
161416,0.3805498832442223,0
164060,0.38046860888739065,0
169912,0.3802931172493773,0
171375,0.3800832235648882,0
168233,0.3800551961499034,0
165863,0.38004402730557946,0
164636,0.3797828322451984,0
166183,0.37972388955605996,0
165994,0.3792254614216188,0
83566,0.3790351620343682,0
165097,0.37875912967232245,0
54108,0.3787519670482862,0
166969,0.3786933862091294,0
171069,0.3785400054342911,0
171510,0.37823185972569195,0
164318,0.3781738976746632,0
168152,0.3779624213495617,0
165869,0.3776028803507779,0
166204,0.3775239128977576,0
171364,0.3773143347228766,0
167900,0.37689306719817317,0
171150,0.37661695936105366,0
170610,0.37661496188659854,0
166277,0.376566702489313,0
53873,0.37628488851366654,0
169689,0.3761288436412037,0
165935,0.37608450707404173,0
164945,0.37586975527443073,0
164692,0.37568593409014,0
160918,0.375682410941986,0
171991,0.3755707178654073,0
169400,0.3753185013674798,0
167799,0.3752930003096394,0
165627,0.3750261412212246,0
170502,0.3749042426145397,0
167070,0.3746387407298969,0
171681,0.3745635482046511,0
167143,0.3745244118816519,0
162764,0.37408140966045833,0
164561,0.3728481197758068,0
165266,0.37256092970951726,0
170319,0.37226091267643285,0
164475,0.37187607639242426,0
164142,0.37179812730793965,0
167067,0.3717386955500155,0
166328,0.3711727728934596,0
168392,0.37033401379624614,0
161840,0.3697957290164603,0
170741,0.36962433113050863,0
171132,0.36951471442888967,0
164113,0.36934210341540863,0
161290,0.36925419203243665,0
169975,0.3687990205818488,0
170163,0.36821231259765297,0
163981,0.36782295109405694,0
161102,0.3677781913694021,0
172091,0.3674875346605731,0
170297,0.3673980253875122,0
163463,0.36712927829542535,0
171540,0.3670567127140984,0
161403,0.3670157871901418,0
169198,0.36700801931520416,0
167563,0.3668054824981617,0
165944,0.36676244282884085,0
162789,0.366718768303919,0
170172,0.36664546757475996,0
163387,0.3664617496873409,0
167136,0.3659600426071223,0
168737,0.36595320472503673,0
162439,0.3659157019238416,0
165888,0.36570506976779704,0
79171,0.36569492093863415,0
171046,0.3654885581601195,0
163445,0.3654144195386027,0
170349,0.36535754318898434,0
167115,0.36535711557966555,0
161635,0.36528871676155217,0
160979,0.3650951733109292,0
166814,0.3649089176066308,0
65971,0.3645931519481765,0
170016,0.36450968862102384,0
171207,0.36449698921792817,0
170967,0.3634500535581819,0
170706,0.36327361406689046,0
169697,0.36326032141346937,0
162096,0.36312572016771866,0
165423,0.3625878722090597,0
66252,0.36229708422102175,0
165255,0.3615979605448161,0
170061,0.3614751386343128,0
162739,0.36144855586445623,0
166058,0.36084340386021596,0
168751,0.36082431637018236,0
168758,0.3606842421526327,0
167777,0.3605389623599974,0
168912,0.3604596767317041,0
161560,0.36045347496973507,0
162110,0.3602038939260409,0
160709,0.3598293270563188,0
164048,0.3595345133087982,0
160799,0.35938458075969865,0
166052,0.3585447017053032,0
165865,0.35793964483988217,0
165075,0.3578696027110368,0
165860,0.35779130589789393,0
170077,0.35755707647191254,0
92525,0.3569121563351704,0
166409,0.3568804151713836,0
161930,0.35649081164466473,0
162422,0.3561680889098959,0
167562,0.3561012193948173,0
165688,0.3560335125976519,0
161273,0.35562140006502607,0
161810,0.35545732808676767,0
169637,0.3549350596872729,0
170936,0.35490309065268744,0
165178,0.3548630758134314,0
171515,0.3546071502004903,0
162863,0.35444544059130806,0
161611,0.3543243111278239,0
161131,0.35373596431776116,0
70100,0.35359635024721875,0
169179,0.3529831312961529,0
168666,0.3526233473768735,0
168255,0.3525149007585865,0
166220,0.35217746353809576,0
167226,0.3517829993116528,0
171731,0.35168128114590147,0
164186,0.3514723832068243,0
161123,0.351349463138472,0
161039,0.3503895372843099,0
161453,0.35030396228634236,0
170050,0.3502412993258792,0
160429,0.3488905476690895,0
169511,0.348834971203445,0
160991,0.3484386526327042,0
168173,0.3483549601093778,0
170600,0.34820547753335873,0
165914,0.3477586817832751,0
163473,0.3475101327617885,0
168602,0.34707060218947117,0
170646,0.34702243483287687,0
170009,0.3466522429443296,0
166263,0.3463277396715857,0
167217,0.346322578004823,0
162644,0.34615517959934394,0
169510,0.3452805795844445,0
166442,0.34521159502775384,0
164633,0.3446817016111905,0
171800,0.34458223768332763,0
169751,0.3445268434589502,0
166953,0.3443843641153784,0
168272,0.34386261021531916,0
170522,0.3436865997725659,0
165858,0.34349337690105636,0
160292,0.3434811349507751,0
163667,0.3434043279733331,0
168316,0.3433396123939851,0
164652,0.3432247911507308,0
161557,0.34295989571058655,0
168656,0.3428686964962028,0
161134,0.3428284201482023,0
166571,0.3423156823776789,0
167055,0.34187048473242804,0
161439,0.34159782067512245,0
160373,0.34147167470479783,0
165735,0.34119755569823723,0
166764,0.3411807559476824,0
160382,0.3411328746229196,0
170911,0.3408654908211286,0
163402,0.34077412456662376,0
167988,0.340683784832675,0
162478,0.3405523798981127,0
166015,0.34030807934219043,0
168800,0.3402333324990976,0
29650,0.34012930660764623,0
166387,0.34009347970259385,0
56016,0.3399097782830617,0
165369,0.33958239442041566,0
168838,0.33926528125659183,0
166811,0.33925726072065254,0
65107,0.3392264161517393,0
163471,0.3388944543270746,0
160746,0.3386013290992345,0
161898,0.33820540367577945,0
162972,0.3380403746935618,0
160866,0.3379003343573747,0
108323,0.3377951810758205,0
166604,0.3377232631508522,0
167838,0.3375912486420203,0
169731,0.33650361416175983,0
166455,0.3363068453004805,0
162756,0.33629615754574077,0
168732,0.33617797462224663,0
166404,0.3361245668470132,0
169499,0.3359424846416614,0
166986,0.33588726979428307,0
171678,0.3358813376648138,0
60604,0.33584059813808625,0
171790,0.3348415467507533,0
160964,0.33482645121614535,0
13192,0.33477609405958186,0
168042,0.33464232736163463,0
168817,0.33441825413394527,0
160402,0.3343896381095493,0
170889,0.3342088158695643,0
170277,0.3340324249730847,0
169043,0.33388827010404654,0
165611,0.33372366016518945,0
167848,0.33357947781040936,0
169207,0.333575179942332,0
170743,0.3329006855293787,0
164954,0.3328868141552986,0
168211,0.3328226250926879,0
169934,0.3327332910647097,0
171183,0.3326728136478301,0
163547,0.33225524352284064,0
167127,0.33177193688165246,0
164872,0.3316411359990081,0
168156,0.33145808819723277,0
170894,0.3312886216572756,0
167547,0.33117513516491254,0
170357,0.3311722387482432,0
39376,0.33116712479182,0
167565,0.33041200470070287,0
164055,0.330344901270389,0
161046,0.33002272193943144,0
163119,0.329898480840709,0
110797,0.3298830917552349,0
163544,0.3297822000898945,0
167243,0.3296085313843218,0
170629,0.3295499643949932,0
161080,0.32954179105998443,0
166349,0.3291139414305274,0
168308,0.32908355023724917,0
161205,0.3290226801431945,0
167024,0.32891345527565036,0
160961,0.3284586885544979,0
171602,0.3280311258723784,0
162505,0.3280048142166983,0
168327,0.3276300041740698,0
164623,0.32757090488602997,0
160624,0.3274793304507628,0
171771,0.3272702588833028,0
168168,0.32714468214995623,0
169326,0.3271183467482245,0
163641,0.3269307079054673,0
162564,0.3265720958581464,0
168626,0.3260587519443657,0
168149,0.3257661717082739,0
168500,0.3252827624097313,0
166569,0.3247567089306853,0
165165,0.3245640323314944,0
168483,0.3243859726914867,0
163846,0.32432135105655774,0
168399,0.3241722302861757,0
170900,0.3241108841168131,0
170489,0.32407435524406486,0
160622,0.32387672107573884,0
162146,0.32367437263945675,0
166911,0.32360528704841873,0
163404,0.3236032544233913,0
170630,0.3232660757367177,0
161379,0.3229511340305766,0
171889,0.32294307410311157,0
164678,0.3228798165623981,0
161352,0.3224068690088927,0
167743,0.3219588315666133,0
163706,0.3218953741660621,0
101227,0.3218727634125463,0
169575,0.32156513823062277,0
103376,0.32155837846744534,0
162278,0.3214782428223137,0
166093,0.3212858618339605,0
163988,0.32004852579241516,0
167677,0.3200242627477954,0
161158,0.3196870737374188,0
165372,0.3196576507935597,0
169244,0.3194216593383652,0
169908,0.3193769507774405,0
166973,0.31893129815234283,0
171059,0.31867192192711086,0
168706,0.3186237400018649,0
166655,0.31849247783478357,0
169300,0.31848713543127716,0
164401,0.3182515348479344,0
165945,0.3181940102515095,0
163933,0.318111062976339,0
169902,0.31803152266635193,0
165038,0.3178878903001071,0
169638,0.31774662773026047,0
165859,0.3175974114374968,0
164969,0.31684777453806984,0
167137,0.3164264494957047,0
171486,0.3159687309733548,0
168106,0.31588464076148104,0
165460,0.314899794593316,0
164582,0.3145300223203971,0
163427,0.31439766045323325,0
169007,0.3140259150683066,0
160391,0.31366173501714373,0
168506,0.31353126600298187,0
162332,0.3133824557404166,0
167981,0.3133155904839473,0
167263,0.3131732877243227,0
166550,0.31316026523039564,0
167405,0.3131282488946129,0
163646,0.3125540759337758,0
170256,0.3122348566374725,0
160502,0.3120899754916529,0
170736,0.3120241420818188,0
168114,0.3120215988483322,0
163429,0.31127413087592415,0
167114,0.31029157977210414,0
165656,0.31015642006542443,0
160899,0.3100826241255183,0
171892,0.3100711978339617,0
163389,0.3098827408105318,0
22816,0.3096011307947639,0
166527,0.3094691360357244,0
166128,0.30922783034303636,0
170393,0.30907533911403334,0
166116,0.3087342216215711,0
170883,0.3085344767273921,0
165658,0.30842232145516174,0
13358,0.30838738434361823,0
168802,0.3080673645818217,0
171994,0.30803759694786415,0
170960,0.3080113395214902,0
168476,0.3079339900168269,0
162718,0.307883796193702,0
168846,0.30785154798228587,0
163281,0.3078261430161522,0
167636,0.3074189128672295,0
165031,0.30681478392779,0
168200,0.30674219554281107,0
161167,0.3067362784533452,0
168680,0.30659578683673205,0
168986,0.3065466718830689,0
165136,0.30625998572995783,0
161032,0.30620071262655546,0
165892,0.30616197225872455,0
2879,0.3059944248509488,0
168388,0.3055903332628002,0
161140,0.30529520526410614,0
166599,0.30491097984191656,0
163210,0.30416358432889945,0
168712,0.30410287674336794,0
166794,0.30349581941547304,0
168957,0.3033501158817033,0
169924,0.30332171767739363,0
167428,0.3031520659456517,0
164958,0.3026402822573602,0
168711,0.30191840002634457,0
160679,0.3014444141341419,0
169426,0.30137780418323634,0
168789,0.30091448129666903,0
165897,0.3003732634158321,0
169623,0.3003550403574733,0
161802,0.30024080908034556,0
162282,0.2999221412098335,0
167383,0.29941671113465446,0
171943,0.29911595810414693,0
169008,0.298778313261093,0
170447,0.2985521831896071,0
160480,0.29850516109389824,0
166168,0.29847721410054695,0
162287,0.2984413395169076,0
171706,0.2982821663468023,0
165343,0.2978419566696819,0
164625,0.2972563494646797,0
171065,0.2971885952551463,0
163226,0.29711952378360285,0
164399,0.29694350897942684,0
168787,0.2968491758914925,0
171277,0.29599410851733576,0
168367,0.29597062793027695,0
162930,0.29594881268038664,0
161255,0.2957650832746617,0
163277,0.2956377090290671,0
160943,0.2955824636714675,0
166159,0.2955006167266335,0
165593,0.29530192384176124,0
166648,0.29526655053936596,0
162161,0.2950885249216294,0
168270,0.2948520951817457,0
166869,0.29478979895935603,0
161747,0.29476583874431117,0
167437,0.2946401229334541,0
169595,0.2946350942023604,0
165352,0.2945187710650777,0
171740,0.29417722652026923,0
161563,0.2941427075049086,0
90241,0.29390738579492376,0
161430,0.29367801327816406,0
97976,0.29364017037694995,0
170139,0.29344536880953365,0
167875,0.2933326442880446,0
167647,0.2932767588962057,0
169626,0.29305781905844963,0
169496,0.2930418264361234,0
170729,0.2927028600762024,0
164121,0.2925664465572795,0
164755,0.29253494759962095,0
171145,0.2917964593509965,0
165250,0.29178285080382443,0
165240,0.29172241076304695,0
171932,0.29128032618649286,0
163853,0.2912393640720119,0
162298,0.29116949200061376,0
170694,0.2905513566376646,0
167786,0.28944462689424194,0
171091,0.2894113998157135,0
160548,0.2889873224753802,0
168617,0.2887375873222343,0
167122,0.2887297758768923,0
167600,0.2887082747209458,0
163071,0.28870150937555794,0
172096,0.28863007353325537,0
164427,0.28861024498935905,0
163339,0.28851339947712396,0
167819,0.2884655880626051,0
169225,0.28839649154779623,0
169814,0.2874563431302845,0
162586,0.286990670714635,0
168913,0.2868094696674282,0
163075,0.2866435508235969,0
167453,0.2865152705213014,0
171779,0.28630486782396647,0
161180,0.2862791224492421,0
165978,0.28623758004021455,0
166248,0.2857222892586574,0
167620,0.2856462642268102,0
19371,0.2855065556456751,0
165448,0.2853683819428605,0
76808,0.2849257749581131,0
172001,0.2847858600352625,0
161601,0.28474398169095666,0
170878,0.2844395428963889,0
166310,0.2843659992840617,0
168657,0.2841575922889566,0
105720,0.28408578394315964,0
167619,0.28387232062812456,0
171356,0.28386101177014056,0
171128,0.28385777344491714,0
162952,0.283845282405833,0
171218,0.2836455700547938,0
167568,0.2835385825689741,0
165823,0.28341717076808903,0
170767,0.2832475685164411,0
162482,0.2831916653168628,0
162297,0.28257941753238563,0
166780,0.28249252787244916,0
162149,0.2822903088510456,0
167294,0.28211600675984405,0
171979,0.2820484854095083,0
166466,0.28203318373311925,0
170598,0.2820231866328111,0
166990,0.28125509901127504,0
161906,0.2808306714236332,0
169727,0.28056184364351205,0
166539,0.2801295384314376,0
163342,0.27996376699288333,0
170656,0.2799216419257459,0
168442,0.2798484143579104,0
165816,0.2794754587997615,0
162688,0.2794722247206602,0
167394,0.2792261390333908,0
165249,0.2792026969862642,0
172046,0.27918323185689947,0
169906,0.2791435649854203,0
164613,0.27905970389672735,0
167641,0.27897208869467754,0
163639,0.2789307920905424,0
168869,0.2789295059417976,0
166999,0.2789089169263618,0
161396,0.27890566431147085,0
166519,0.278705507604284,0
101279,0.2786964299631323,0
92072,0.2786046621289521,0
168497,0.27830776633930404,0
165355,0.2779972543801654,0
63788,0.2777632203111578,0
171027,0.27770350706038616,0
164526,0.2774684978317539,0
166063,0.2773801836069569,0
172116,0.2772372739908524,0
76521,0.2771912668768051,0
166325,0.2767339660768169,0
165725,0.27671618918464025,0
165665,0.2762997158636851,0
167816,0.2760628254858742,0
168058,0.2759828131998482,0
162949,0.27592066881361166,0
166034,0.275788918473582,0
96017,0.2757034713460224,0
168231,0.2756530321034778,0
160856,0.27561335815391386,0
160304,0.2754601453290559,0
164976,0.2753655297826293,0
163443,0.275200846592704,0
171657,0.275095630774078,0
166414,0.27501649475628975,0
163017,0.27488075618645197,0
165518,0.2748786059367797,0
171127,0.2747458458709051,0
163428,0.274610036694509,0
165166,0.2744565108694873,0
169042,0.2741855349913756,0
169997,0.27386435409412746,0
167962,0.2738463154836452,0
167388,0.27377472321544655,0
160698,0.2737142721918691,0
161577,0.2727771433735805,0
162565,0.27274704992504706,0
171246,0.2724076773280043,0
171179,0.27204663826346626,0
161122,0.27198277694208206,0
170498,0.2719412960984703,0
165699,0.27193912716626123,0
171718,0.2718636696546439,0
161580,0.2718437674378835,0
27987,0.2718213277627115,0
166507,0.2716142690719389,0
167104,0.2715802746248251,0
168254,0.27139486735129414,0
171139,0.2713528239781052,0
161974,0.27103187953067825,0
167457,0.2709146726395996,0
167652,0.2708067367450294,0
170877,0.27031269276446834,0
163868,0.26999942223744944,0
164257,0.2699809968312598,0
169334,0.2699787482438897,0
52832,0.26997151431123606,0
169730,0.2699549346096483,0
170333,0.269640193841658,0
169866,0.2694845110613592,0
96926,0.26906920791099326,0
162362,0.26890741846351973,0
163808,0.2688269322832292,0
161088,0.268525027645231,0
43351,0.2683751055871914,0
171574,0.2683416482112272,0
162430,0.26823423283650116,0
167847,0.26817707631540794,0
169505,0.2680978286105371,0
167287,0.2677767056518094,0
16166,0.26749928426678904,0
161426,0.2671392892611747,0
162208,0.26690402401848956,0
170240,0.26681820710391857,0
169620,0.2667854816669146,0
166932,0.2667135069408952,0
171735,0.2665961986564292,0
166317,0.26635740386494755,0
167517,0.265833850067319,0
164878,0.2656827891723689,0
160338,0.26560848726238145,0
171798,0.2653212464318802,0
169065,0.2652400343641587,0
161435,0.26505582717638076,0
170792,0.26497213390321717,0
167140,0.26472312234002937,0
168736,0.2645789872546574,0
6242,0.2641577628165231,0
170708,0.26408663151064143,0
171221,0.2640285925636397,0
164727,0.2638659568867206,0
169607,0.2638552902663768,0
160406,0.2635371008227179,0
164450,0.2635070486732203,0
169632,0.26347510905348326,0
169005,0.2632538129314181,0
166284,0.26282439968851495,0
82127,0.2628203399583989,0
166029,0.26273888455053185,0
168283,0.26198415239586464,0
167744,0.2617980979371087,0
4831,0.2617308626149366,0
162851,0.261723402204726,0
162950,0.26167405398994587,0
161941,0.2613441538400443,0
167121,0.26104058172861383,0
166130,0.2606331234325226,0
161041,0.26037670522086526,0
167616,0.2603635871613906,0
164923,0.26024095865234154,0
168143,0.260156297369644,0
163450,0.2601191539882665,0
162412,0.25990982352283437,0
165609,0.2597548667655712,0
161638,0.25965132395041446,0
164467,0.2596168087290501,0
161331,0.25948294590428106,0
163430,0.25944412221976304,0
162059,0.25943777797565315,0
169646,0.2593764251651702,0
165701,0.25929962462188927,0
170052,0.25886434369595906,0
63499,0.2588238016566122,0
170503,0.2587637809393089,0
163630,0.2585040961253299,0
162191,0.25841698049387835,0
164989,0.25841064502646943,0
100149,0.25840994837629344,0
169617,0.2581585295095998,0
171330,0.25794489264206377,0
161179,0.2578503862340597,0
161569,0.25773449169420853,0
171855,0.25705692984109096,0
4984,0.2568994598580763,0
170303,0.2563251192141301,0
164275,0.2560419853146046,0
169647,0.25599279187515916,0
163879,0.2552042105075677,0
171176,0.2551145004389514,0
160446,0.255095004532339,0
172061,0.25498992678383164,0
163928,0.25495786043158514,0
163021,0.25484897340901397,0
164571,0.2546619318860548,0
167944,0.25436703576717,0
171072,0.2543176635533344,0
168776,0.25414979087930795,0
161277,0.25413710233817355,0
167635,0.25407274813473346,0
161035,0.2539890490415078,0
166494,0.2539402509538775,0
168635,0.2538669138694818,0
160579,0.25368697376027444,0
168101,0.2535888084544041,0
161208,0.2534967771641667,0
164890,0.25347508656869994,0
161206,0.25347201162708005,0
162655,0.25327037297860755,0
97679,0.2530282138051441,0
163112,0.25301878377357123,0
171390,0.2528315665784464,0
171520,0.2527645307326209,0
169331,0.2526296516544315,0
164551,0.25260763489005056,0
170525,0.25260258588722173,0
164504,0.25249425160837524,0
163648,0.25237266935949343,0
164805,0.25223404842732877,0
165539,0.25215102295024217,0
160975,0.25205071141396557,0
161708,0.2520264948079845,0
76404,0.25187954833577963,0
167666,0.25186478299804926,0
166156,0.25159198188476445,0
166836,0.2515681737585862,0
168491,0.2515318941374552,0
168784,0.2515006243745145,0
166809,0.251455131814727,0
160669,0.2513529190057422,0
162691,0.2513316209629259,0
164071,0.25129243336958657,0
167091,0.25105020672890493,0
170523,0.25104138965975137,0
165986,0.250936758538131,0
162083,0.2509186218354811,0
162824,0.25080905260307346,0
167709,0.2507757432144837,0
171815,0.2506103264663318,0
163304,0.25025907700968314,0
27980,0.2501497927768536,0
168163,0.2500797119614973,0
81387,0.25005021609497924,0
169479,0.24986052344359783,0
168382,0.24985661210131693,0
167251,0.2493480120317227,0
165258,0.24926853300119062,0
171263,0.24915352941577767,0
167045,0.24878199831256165,0
164212,0.24872672745051164,0
161101,0.24825346497793474,0
171014,0.24807878718881418,0
171470,0.24796908866514009,0
167069,0.2479633056399168,0
163829,0.24768662295217217,0
169098,0.24765462438028915,0
165154,0.2467245552850286,0
170581,0.24665777064862682,0
170002,0.24645854951487894,0
165082,0.24644682345598268,0
170252,0.24641792367678336,0
74372,0.24638170892829267,0
171594,0.24621058964056772,0
170950,0.24606298286097242,0
19808,0.2460142975905642,0
162337,0.24575869043794688,0
161282,0.24553200878191547,0
167684,0.24551489671151758,0
168915,0.2454692699701956,0
24061,0.24542764500086847,0
1827,0.24531849400043979,0
161952,0.24514953300633266,0
163970,0.2450024562099935,0
167397,0.2449425715030735,0
172033,0.24491821422635293,0
74321,0.24471133122220692,0
166134,0.24446449703899006,0
168256,0.2444138952796332,0
162533,0.24429001850224724,0
168279,0.24420812459997454,0
162706,0.24385483037095976,0
167005,0.24356294144460128,0
161540,0.2435454241664456,0
166004,0.24353151789244148,0
170584,0.24343037261400238,0
160389,0.24299091203865938,0
171078,0.24296796271614163,0
97302,0.24289241251519944,0
167034,0.24288127467119391,0
162621,0.24245625782965244,0
171799,0.24233613301137666,0
171092,0.24222669199870928,0
164926,0.2421771400724787,0
172017,0.24209638928799446,0
165080,0.24192116858288348,0
168422,0.24191946538908368,0
162144,0.24190196408468048,0
163002,0.24166171499339606,0
165661,0.2414502378012792,0
160531,0.24138052814903344,0
163825,0.24134248904958602,0
163515,0.2411238133358408,0
163238,0.24102927364769205,0
36893,0.24102750891185654,0
167906,0.24089059232581314,0
163023,0.24070990252435917,0
161833,0.24048443396837993,0
104684,0.24021973262053517,0
167780,0.24009549255890744,0
162830,0.24007322026670685,0
77708,0.23982073620692856,0
170609,0.2396543960469744,0
171038,0.23964870563198196,0
163522,0.23954784935766874,0
171752,0.23947379857186393,0
168556,0.23929052494780298,0
161110,0.2392513045149143,0
167330,0.23910139151584517,0
167907,0.23886763374316378,0
171438,0.23865067694876055,0
163553,0.23852756399764058,0
163176,0.2383098041853612,0
25459,0.2380847479758305,0
162798,0.23807789175676206,0
167525,0.23774859038146678,0
160336,0.23762174927111335,0
170796,0.23754530483332942,0
169766,0.2372583561122147,0
72364,0.23717870613285297,0
161272,0.2370597926043548,0
161317,0.23689177389550162,0
165548,0.23680454138720258,0
166917,0.236699497788493,0
164889,0.23666311823909747,0
161305,0.23663295072798715,0
163779,0.23662483414281305,0
161337,0.2366012933032927,0
171268,0.23632439761923532,0
166584,0.23630767137678613,0
161210,0.23605765121763922,0
162360,0.23601999365526652,0
161147,0.2358860641584504,0
161858,0.23565775001374545,0
164455,0.2355104132936198,0
54306,0.23550564778793162,0
170408,0.2353766849147026,0
164035,0.2353704886317398,0
168223,0.23534866180658093,0
169292,0.23518106871238703,0
166963,0.23491684825965947,0
171244,0.23465100570858738,0
163768,0.2344937561428811,0
161830,0.23363999294418578,0
161025,0.2334790218039902,0
168767,0.2334303253677157,0
171154,0.23342946065864756,0
1372,0.23339645413958995,0
171813,0.23337666736386847,0
168589,0.23331248490258635,0
167029,0.23309159478438451,0
162480,0.2328419519556664,0
161860,0.2328097460204605,0
15542,0.23258377524459592,0
162261,0.2324410644562168,0
167783,0.23233360441075257,0
161666,0.23190660730770557,0
169790,0.231643130840706,0
55880,0.2316150494154646,0
167688,0.2316078857483167,0
165180,0.23159991829844512,0
161218,0.23144716637208093,0
52695,0.2311422156550372,0
162222,0.23111520643728647,0
163074,0.23104356043515706,0
160416,0.23075134477699547,0
164509,0.2306422967096369,0
164116,0.23055662195408252,0
166478,0.230539805426776,0
168480,0.23053844500936424,0
162279,0.23051723380442032,0
164284,0.2304848046742711,0
163712,0.23036345991608617,0
161070,0.23035429316032907,0
170760,0.23032718610339492,0
169786,0.23023772971848092,0
161345,0.22996359745660144,0
172105,0.22993868751003493,0
163999,0.22986278762065046,0
163088,0.22934522129282323,0
170223,0.2289707749269471,0
172000,0.22888100761680405,0
160313,0.22857004887599647,0
164243,0.22846473308204188,0
162686,0.22829613195166165,0
169134,0.2282792215612743,0
165720,0.228214641959056,0
163855,0.2281997790168265,0
168753,0.22813921478410917,0
162407,0.2280925570702803,0
169560,0.2280677273951759,0
5565,0.2277596276132183,0
160839,0.2273276123217423,0
165069,0.22711722522199412,0
162879,0.22706503721693308,0
164880,0.2267913259197619,0
168177,0.22671668364154823,0
165254,0.22669849225280791,0
168603,0.2266212133762108,0
28562,0.22637984939529587,0
164709,0.22633748962887207,0
93422,0.22627256623208747,0
169305,0.22617588882759404,0
163420,0.2261708207649379,0
170030,0.22608125473836574,0
164909,0.22602415145052637,0
161980,0.22598540909037332,0
170091,0.2259280974448849,0
163001,0.22586559609292872,0
170192,0.2254414666588662,0
169448,0.22541242933245015,0
165163,0.22532196471889296,0
168482,0.22509008105038722,0
170624,0.2249218432223146,0
168230,0.22470369744672003,0
165770,0.22469839548395687,0
162803,0.22445250456531132,0
76248,0.22442357762863557,0
162953,0.22440907230011925,0
165889,0.22399183297754405,0
169120,0.22397339240338152,0
163618,0.22387653301517765,0
165492,0.2237202376554851,0
166840,0.22356012287505955,0
163673,0.2234052995734106,0
168357,0.22340251504586575,0
6652,0.2233689486564892,0
21550,0.2233436566378254,0
171650,0.22330046878675502,0
161575,0.22322047305017684,0
164340,0.22310591307843114,0
160992,0.22301601356530854,0
165194,0.22297450336208238,0
163816,0.22277143194966376,0
171930,0.22262070117965171,0
167347,0.22260979695790206,0
171017,0.22255277119113112,0
168338,0.2224992396564369,0
167560,0.22228517607530426,0
165662,0.2222834031849978,0
165321,0.2219661709494316,0
171732,0.22188273022086646,0
163764,0.221878456661391,0
168734,0.22182454025661144,0
169840,0.22180746215109626,0
170962,0.2216787288775032,0
95810,0.2213727065838248,0
172042,0.22128277551022887,0
165048,0.2208216841499172,0
164819,0.22080818848590308,0
162758,0.22052626239650067,0
171693,0.220491694155554,0
87850,0.22037134797083785,0
165311,0.22023876390961034,0
163026,0.22017992453685697,0
170233,0.21999437471638866,0
162713,0.21998421149769345,0
160901,0.2199828304776623,0
161340,0.21986891237275083,0
165651,0.2198664561639055,0
162301,0.2198324864632072,0
167912,0.2194806745117195,0
162993,0.2190902599678122,0
164963,0.21849604239590759,0
167297,0.21839492987430784,0
92986,0.21836748612386148,0
167125,0.21813036973991293,0
165784,0.21809311507256324,0
170942,0.21797196904677962,0
165205,0.2177112784362158,0
162625,0.21714101477821313,0
162501,0.2166523277741682,0
160447,0.21651114095790058,0
169780,0.2164088526982107,0
168794,0.21636545314842393,0
160247,0.21632742111563555,0
160982,0.2162790471994895,0
169040,0.2161352426370546,0
163954,0.21608431946815,0
166635,0.21603364842122724,0
160843,0.2158872883019632,0
5822,0.21576976905979725,0
46873,0.21569086458016745,0
166171,0.21528509920495775,0
168213,0.21522372926439745,0
167073,0.21508984853993066,0
165367,0.21505411464349067,0
169336,0.2150256843345662,0
171250,0.2147317779365304,0
163519,0.21461654780875977,0
35218,0.214614346670087,0
109546,0.21459445444210345,0
163270,0.21445874742754262,0
169145,0.21441945948614657,0
17788,0.21439549109151723,0
169445,0.21425944557050752,0
163438,0.21407234301190714,0
41042,0.21405111902333032,0
167108,0.2139552235864531,0
162782,0.21367191920160933,0
168728,0.21366613517106378,0
169870,0.21362556106820035,0
166371,0.2136147807535945,0
165953,0.21354309386903422,0
67950,0.21349924294190806,0
160365,0.21346340263538327,0
171651,0.21319426017469842,0
166190,0.21315325928556675,0
168137,0.21308885047957776,0
163587,0.2126694794265465,0
166165,0.2126441051645096,0
167645,0.21258566099069354,0
162844,0.21249396430886433,0
165545,0.21246702536437925,0
171138,0.21236444687073908,0
162349,0.21233530917071058,0
169943,0.21228435948353502,0
171632,0.21220233580349976,0
166398,0.21183842258300883,0
164032,0.21182554504070897,0
161850,0.21156531076104826,0
164109,0.21146358179638072,0
161364,0.2114633632480282,0
171848,0.21140878098576707,0
164464,0.2113191728688308,0
163253,0.21122800567246322,0
164643,0.21115877168903321,0
162206,0.21113223752859453,0
171254,0.2111157010696506,0
162882,0.21108925733174266,0
170948,0.21108172909575645,0
169095,0.21104926810452604,0
160560,0.21104308588850973,0
161034,0.21089726032220585,0
165252,0.21086751771837933,0
167614,0.21084161253039058,0
169019,0.21070581083160347,0
162543,0.21064394946714335,0
163134,0.2106188778888783,0
171784,0.21056096827743198,0
164597,0.2105497355697202,0
164718,0.21054929155616817,0
172100,0.2104446823098245,0
170954,0.21004991225586947,0
171304,0.2099162932158698,0
164502,0.20991441471428365,0
161043,0.20985504101349367,0
166633,0.20984369576502493,0
160906,0.20980406429483783,0
166239,0.20979234269261834,0
169846,0.20977259053411326,0
166989,0.20963214019696824,0
63644,0.20960201002654902,0
160434,0.2095661545430093,0
167621,0.20934376737389662,0
167183,0.20932898662222804,0
160344,0.20920865787391918,0
166773,0.20917352432244826,0
168682,0.20905126613856184,0
163541,0.20904198645829425,0
164246,0.20902114453152978,0
169307,0.20899000977131463,0
170118,0.20870271355754413,0
163225,0.20869087358625696,0
163165,0.20867030892327226,0
160811,0.20865715914655705,0
171508,0.208375992406244,0
165025,0.20830791746570865,0
167689,0.20810263603386106,0
917,0.2080957765429714,0
170154,0.20797991952916703,0
170472,0.20794966887076186,0
162205,0.20791968414952378,0
56895,0.20762738362877312,0
165294,0.20760261975756147,0
171307,0.2076009654077942,0
171758,0.2075808208435756,0
168570,0.2075303776649503,0
165998,0.20744156084272408,0
169524,0.20731941760521386,0
167680,0.2071223968906228,0
166382,0.20694380737325643,0
167075,0.20690662499408174,0
170834,0.20679669405138168,0
162428,0.20678648489447443,0
165663,0.2066984712235186,0
29353,0.20666672460805477,0
162274,0.20655816394522913,0
170882,0.20652169252327435,0
165660,0.20643107118942414,0
9372,0.2064267962805232,0
23235,0.20638357715128652,0
61421,0.2063635579746649,0
160641,0.2062980263388017,0
163496,0.20629239855823311,0
169777,0.20622639409419133,0
170104,0.20619591885226665,0
167501,0.20618364352688734,0
169171,0.2061774222954239,0
160858,0.20609936644985022,0
166744,0.20608838801009996,0
168181,0.20605968619464726,0
163904,0.2059755945993217,0
167832,0.20594405960989218,0
163807,0.20572065449414834,0
161309,0.2054287100737565,0
166313,0.2053681711854796,0
160428,0.20535403172740055,0
160949,0.2051014741973045,0
170575,0.2050439344162462,0
54229,0.2050359567826006,0
167038,0.20471702810479406,0
169705,0.20467314822555535,0
162594,0.20461777755238758,0
160731,0.2046137954603726,0
160887,0.20460235252631043,0
166147,0.20443207042562492,0
171414,0.2043549839610997,0
162562,0.20421141225535008,0
163381,0.20418294712098728,0
160546,0.2041392766321852,0
164593,0.20403260777028562,0
170644,0.20378444623412625,0
169849,0.2036955685203616,0
162701,0.20363368220743652,0
166799,0.20361851802599013,0
163092,0.20358785203652885,0
160525,0.20355571224914357,0
165093,0.20355071140439576,0
169571,0.203526034112177,0
162016,0.20350922470558255,0
166851,0.20346245102332866,0
34941,0.20342340466035355,0
168623,0.20340816469068262,0
162437,0.20326738102939595,0
168204,0.2032307620784372,0
3784,0.20320613509667118,0
170914,0.20316482707169745,0
163903,0.2030780138194627,0
161892,0.20306331581927498,0
164119,0.20303805536588526,0
161756,0.2029763058516819,0
162827,0.20296925999085838,0
160452,0.20295857995591612,0
164781,0.20288281037837974,0
162736,0.2028823652206468,0
1442,0.20283180077778867,0
8683,0.20280718213535615,0
163219,0.2027743087787495,0
162569,0.2027687773707556,0
162399,0.20275999272170733,0
170071,0.20258815339371505,0
165438,0.20256792015650554,0
161128,0.2025130374812965,0
95285,0.2023586515516282,0
166490,0.2022829087825679,0
165148,0.20226307449141842,0
168355,0.202259624242611,0
166104,0.20225068488745324,0
4764,0.2021538241719841,0
163683,0.20204579250021337,0
162938,0.20198498624920505,0
163271,0.20196892247331902,0
161446,0.20195566085393132,0
165030,0.20180610241781385,0
164645,0.20159397192162837,0
163562,0.20156110202556396,0
164208,0.2015317942237185,0
161720,0.20144221987098676,0
162180,0.20139338964404968,0
76782,0.2013764854606721,0
171416,0.20126516830809182,0
171963,0.20126200870586386,0
164521,0.20125564555300013,0
164400,0.20124550756817874,0
161156,0.20118905475293283,0
163057,0.20118167189634983,0
169897,0.20108741066814367,0
169494,0.20083171635714547,0
160555,0.20082470488852988,0
88817,0.2006918569150537,0
168858,0.2005273347899341,0
165509,0.20050573571349736,0
167223,0.20010281265132243,0
162904,0.19998126112799247,0
162567,0.19994659879890675,0
171167,0.19982711603126077,0
6422,0.1997350078442282,0
166060,0.1996721748207626,0
164888,0.19963645119706122,0
170861,0.19960695145806973,0
160722,0.19953821461732693,0
171733,0.1994993824104597,0
168390,0.19941358455732597,0
164774,0.19934876166320734,0
164985,0.19933402591998656,0
161781,0.1992913138205569,0
170243,0.1992522583429021,0
162867,0.19922293847684727,0
169285,0.19872805227589807,0
162740,0.19871843513096432,0
171192,0.1985919327391327,0
170326,0.19851638847916714,0
95254,0.19850589032176602,0
165183,0.19845742397321625,0
162426,0.19840987246023248,0
166576,0.1983657483119675,0
166825,0.19824202251836864,0
168788,0.1981964661055881,0
165629,0.19808553797812947,0
167763,0.1980800601502429,0
170109,0.19807010372622658,0
170946,0.19795993606027573,0
167182,0.1976158138410575,0
167571,0.19737741156432329,0
96884,0.19717826155025742,0
43688,0.19715400162029617,0
161321,0.19714491364583112,0
163622,0.19704045492949337,0
10357,0.196981662577191,0
167349,0.19693293723836078,0
165655,0.19679988525792547,0
167334,0.19677018561958398,0
160490,0.19675688148431866,0
161100,0.19674880378461063,0
168089,0.19655895466713538,0
169465,0.19650701490476152,0
170937,0.1963600046694239,0
9889,0.19628602040044232,0
163753,0.1962667295541618,0
3054,0.19624144882376302,0
168859,0.19616495926399655,0
163953,0.19604015571319935,0
162769,0.19598197463524647,0
166675,0.19594653394474562,0
162023,0.19575391466193484,0
167249,0.1957340909141472,0
161349,0.19572872770603872,0
171974,0.19566623682741327,0
169993,0.1956480889824422,0
22622,0.19564779875848196,0
164930,0.19552675311177695,0
169193,0.19550757012093944,0
105210,0.19545837716664047,0
163975,0.19545379525487216,0
166337,0.19524520861651726,0
162098,0.19524479806728323,0
161533,0.1950823576079278,0
168555,0.19489358106114466,0
166565,0.194709437259612,0
171951,0.1947086093739971,0
165755,0.19462945631992895,0
163813,0.19454812983544734,0
168398,0.19446730031407408,0
167938,0.1944066990577459,0
161972,0.19437067547873427,0
168172,0.19436781631706163,0
170839,0.19429629754492483,0
2461,0.1941317559449888,0
170057,0.19401302354416783,0
168814,0.19388170073293182,0
72436,0.19383942454118372,0
168003,0.19382451626428054,0
162244,0.19380921956671607,0
160324,0.19375528413005647,0
161867,0.19340400354500334,0
167350,0.19337968612805764,0
171036,0.19337577570130035,0
161240,0.19327537133711462,0
167353,0.19322891363624276,0
169869,0.19321707186612047,0
39121,0.1931613661536827,0
169582,0.19315919853346133,0
163971,0.1931117150309357,0
161498,0.19299399115858396,0
163384,0.19296517080503053,0
166233,0.1929615451207172,0
170365,0.1928654184839292,0
167278,0.19277590794925478,0
162955,0.19255802929503985,0
164153,0.19253569055383388,0
169243,0.1925005459985616,0
67828,0.19250047729040562,0
164612,0.1924514696832425,0
170850,0.19237069815947538,0
62312,0.19236074968658703,0
162440,0.19229772297876552,0
171485,0.19225400255989905,0
171884,0.1921389493985921,0
171687,0.1919803750519206,0
168192,0.19196165483859548,0
165571,0.19166031288792285,0
166298,0.19156054333909397,0
164772,0.19149735037387935,0
160882,0.19143546025952426,0
42274,0.19137874874107752,0
14011,0.19127276527698178,0
162119,0.1911898557950908,0
160268,0.19118525647120596,0
162720,0.19115511260700324,0
165841,0.19110452172201634,0
160539,0.19097517910515108,0
162138,0.1909277685977413,0
167552,0.19089247722440383,0
161259,0.1908631374593644,0
172038,0.19083965812306333,0
169947,0.19078762290592918,0
161762,0.19077723300102584,0
160388,0.1907221086368751,0
160737,0.19057158410952815,0
170994,0.19041001398407786,0
171305,0.1903945487017664,0
169752,0.19037933040512775,0
86299,0.19036287857504236,0
93984,0.1902963022031996,0
165554,0.19025786525237529,0
161618,0.1902065305139917,0
172113,0.19009232130189385,0
163809,0.19002137017599366,0
164860,0.1900035482245444,0
168187,0.19000324725671924,0
168450,0.18989835298768115,0
160337,0.18959629537876296,0
96863,0.18944329502036586,0
170484,0.1894196803020528,0
166590,0.18941919911443997,0
161444,0.18931376418959758,0
164457,0.18927556268118156,0
160985,0.18927432160633906,0
170538,0.18886920480871086,0
168671,0.18880325623831792,0
167975,0.18876663145255745,0
163132,0.18874089088666146,0
165003,0.1886851853854377,0
171714,0.18862779686889813,0
168005,0.18850310784638163,0
167676,0.18841452785391927,0
165834,0.18835810984292026,0
170884,0.1882888957677443,0
161402,0.18820872935078375,0
168210,0.188103617718852,0
111113,0.1880110899488614,0
168052,0.18790164114574043,0
167365,0.18789275261197483,0
163682,0.18775365051174722,0
160702,0.1876664116201449,0
163893,0.18757324951334947,0
164027,0.1875584686671861,0
161166,0.1874512986789683,0
161230,0.18743876144506677,0
160771,0.1874024883399715,0
169035,0.18735891040366037,0
171615,0.18730937287728974,0
167057,0.18726493009611653,0
167668,0.18715998263045514,0
10986,0.18713485074211636,0
166331,0.18710562843238734,0
162870,0.18693011809555582,0
166872,0.18682871446852597,0
168432,0.186804214395453,0
170383,0.1867346523233433,0
166552,0.18669597343993624,0
169148,0.18669463526141342,0
163180,0.18610358340583136,0
166669,0.1860887225056992,0
161009,0.18604180112862187,0
162592,0.1860297362701704,0
163448,0.18602274797317694,0
171942,0.18574991695448756,0
161182,0.1857059817582242,0
160289,0.18563576311285268,0
168260,0.18547719133234888,0
163058,0.18543200131820153,0
160285,0.18541832221422658,0
171467,0.18541799791176838,0
167230,0.18529563603762206,0
170740,0.18518467792154497,0
166140,0.18499826252028603,0
105446,0.18498557608456512,0
166538,0.18488683789484023,0
167426,0.18486014296535658,0
166102,0.18485003398289707,0
167751,0.18473749909275294,0
161516,0.18472231284235424,0
169959,0.18471474720950956,0
169222,0.18454358805606885,0
160915,0.18446030179603004,0
165361,0.18444962303113202,0
164218,0.18438126959427192,0
168082,0.18433637793655483,0
108779,0.1842100836567029,0
55537,0.18406083246904056,0
168686,0.18388007898897202,0
23802,0.18384452648791766,0
169583,0.18382555846927387,0
171499,0.18371613312778073,0
166138,0.18354345712629314,0
170639,0.18352338924739262,0
171371,0.18347514256521802,0
162420,0.18344696463719587,0
167627,0.1833813900244149,0
162719,0.18333623212419062,0
165895,0.18317841441657742,0
161295,0.18314832959483313,0
160870,0.18313550371778825,0
167993,0.18301137820707022,0
171156,0.1830042027105437,0
162947,0.18299735969592093,0
162145,0.18299359590165817,0
166048,0.18298528754019336,0
170795,0.18296966687201852,0
161642,0.18288721294038005,0
161615,0.18266197316820304,0
164821,0.1826589388514705,0
166139,0.18256119905731227,0
166449,0.18253293684678126,0
168250,0.18249299814517453,0
168748,0.1824535949594545,0
168865,0.18237873124284323,0
78041,0.18234374227426395,0
167554,0.18228557394414613,0
168380,0.18224871657475178,0
7970,0.18223009707731025,0
164012,0.1821924596308132,0
168868,0.18209676903253844,0
161109,0.18203229529669954,0
170601,0.18202546059280025,0
165302,0.1820096753819254,0
166392,0.1819608452765783,0
168311,0.1819210315156128,0
169801,0.181868014515441,0
165831,0.18179099782660185,0
168672,0.1817648877494526,0
163355,0.18171594027644172,0
170605,0.18155374637215055,0
162538,0.18134682311672412,0
166006,0.18122420294324673,0
165107,0.18116426070894256,0
172016,0.18106821977421467,0
170811,0.18102000708973523,0
167977,0.18098715614173572,0
167733,0.1808188003064213,0
162579,0.18081032501817898,0
167791,0.18059631270253415,0
172004,0.18050726719896718,0
169412,0.18046015955599576,0
164916,0.1803923282117362,0
166562,0.18030917865645238,0
164004,0.1802974666345336,0
161048,0.18027832385882497,0
163704,0.18023704753696596,0
160656,0.18015562210386685,0
169087,0.18008814235843398,0
171789,0.17973154673689715,0
171840,0.1795867017667495,0
161265,0.17953421693683883,0
164199,0.17952658607145358,0
171600,0.17951617529410308,0
160420,0.17949001077299948,0
160277,0.179050152917067,0
161376,0.17903083678238765,0
166795,0.17900899538354842,0
169488,0.17895694882991092,0
165147,0.1789554263059372,0
167445,0.1788782936743201,0
160707,0.17880846839600953,0
162662,0.17862667566468068,0
168679,0.1785646686652369,0
167238,0.1785392056654063,0
160719,0.17852515806194155,0
170666,0.1785105051192076,0
170545,0.17837764780232,0
161907,0.17829062874018656,0
167486,0.17821560185665605,0
170918,0.1781787014833968,0
166465,0.1781365365499496,0
160742,0.17812847889155214,0
165471,0.17809217135744473,0
165206,0.17807777304140024,0
168159,0.1780765337258044,0
161976,0.17802678242728814,0
19520,0.17802143788998878,0
163687,0.17794748300913282,0
161670,0.1778142307518661,0
169281,0.17764008734348316,0
161631,0.1776300159786457,0
164360,0.1775581904913288,0
101706,0.17755176890995727,0
165844,0.1775153719075426,0
163729,0.17749025640755245,0
165085,0.1774529040446117,0
165826,0.17741997920401018,0
163845,0.1774054763257845,0
171370,0.1773714759704571,0
166970,0.17735845660121974,0
167036,0.1772938740135635,0
167577,0.17726156824042297,0
161512,0.17725279142027464,0
170209,0.177110509110534,0
76225,0.17698018569917895,0
168655,0.17683040778314602,0
12930,0.1766917679908782,0
160727,0.17661772454345762,0
171190,0.1766091989877704,0
167965,0.17656351596243536,0
165520,0.17651502705142286,0
161316,0.17645429174234764,0
168505,0.1764498082783698,0
170692,0.17644868376510228,0
165474,0.17637196920791315,0
166667,0.1763376322339189,0
163759,0.17629737030121656,0
165905,0.17625734460117218,0
168600,0.17624928057757394,0
162770,0.17620221170310577,0
165446,0.17619585236629226,0
164906,0.17609263961349048,0
160747,0.17607235982140465,0
160459,0.17591803330462502,0
165904,0.17587513485848655,0
171989,0.17565643926312563,0
167295,0.17560919610759473,0
165011,0.17557808401978495,0
171377,0.1755454985381611,0
163449,0.17540934051083965,0
170578,0.17540194481025684,0
169627,0.17533352323556783,0
171936,0.17528997221942144,0
161748,0.17528750604190338,0
161862,0.1752230438502093,0
171939,0.1749049480373448,0
163579,0.1746659573935223,0
166169,0.1746127944126136,0
165086,0.1746086932655313,0
166594,0.1745576648427281,0
9029,0.1745478598729825,0
162010,0.17452645184421625,0
163767,0.1744802337106242,0
161861,0.1743768653343232,0
169263,0.1743746515566268,0
165830,0.1742743051554043,0
161806,0.17419848744290714,0
162166,0.17419583648991976,0
168226,0.17417583127312436,0
162276,0.1741350355576013,0
162408,0.17408140238700523,0
161594,0.17397594533232474,0
167454,0.17392134077567292,0
162839,0.17390608132007981,0
164548,0.17382694629214804,0
171670,0.17362189370639808,0
166297,0.17358780662282935,0
168699,0.1735316734975414,0
160321,0.17351022481794132,0
160328,0.17332236873401896,0
26660,0.17331455350240285,0
80552,0.1732242593444208,0
171102,0.17317965212346456,0
160683,0.17311986128310555,0
163477,0.1731033478854636,0
160765,0.17307222218940527,0
170641,0.17300034724649094,0
167518,0.1728383731373327,0
79195,0.17261441802480462,0
165581,0.17260109056637715,0
161348,0.1724337342771802,0
170634,0.17231260956450833,0
166399,0.1723084884950876,0
161783,0.17223258783002335,0
166175,0.17221449279162948,0
164356,0.1721858228669713,0
169173,0.17214666701341275,0
163492,0.1721310410352113,0
171113,0.17202535571494654,0
93470,0.17201773002532392,0
165791,0.17194620582306033,0
167084,0.17193273649243593,0
169773,0.17186633008307128,0
1718,0.17186118082071103,0
160609,0.17179666451832484,0
171937,0.1717874931436173,0
169061,0.17173579737741976,0
162198,0.17171906342385304,0
169743,0.17171321574685536,0
75720,0.17169027938976184,0
162865,0.17147876075149363,0
171111,0.17146089857408006,0
164827,0.17133691245128968,0
161308,0.17132613981554956,0
170841,0.17125735281874419,0
167757,0.17121348210668275,0
163815,0.17119010417338548,0
166535,0.17107255174800748,0
165177,0.17101370396341062,0
169327,0.1709039013782783,0
168356,0.17080273119899805,0
166639,0.17078843314503692,0
165039,0.17078627075689803,0
161382,0.17077005415889707,0
170738,0.1707310848839613,0
165239,0.17064271920030827,0
162342,0.1705514555399419,0
168766,0.17055043901222175,0
168768,0.17041136939556498,0
162660,0.1703972113657202,0
171646,0.17034482335293633,0
166627,0.17034038009930752,0
162312,0.1702893613832121,0
170831,0.17011357131416324,0
169182,0.1699999932733195,0
161238,0.1699957156077287,0
170322,0.1699513138837834,0
167256,0.16970946150717892,0
170178,0.16960079108325876,0
164710,0.1695744901654308,0
75233,0.16953342167920873,0
164062,0.1694802589741468,0
162519,0.16946118785993708,0
168115,0.1693675924256969,0
164185,0.16928440091435137,0
29017,0.1692801003163698,0
33616,0.169271318299731,0
39575,0.16921821080693497,0
163344,0.16909101561122394,0
168848,0.16908845458437807,0
162825,0.1689504483284025,0
166321,0.16884327162142498,0
162217,0.16884236810824904,0
161901,0.16879602727558723,0
163910,0.168767320848351,0
171369,0.16875159524166936,0
164764,0.16869351757552184,0
163576,0.16858433966984274,0
163407,0.16855669499301973,0
171983,0.16853564688631603,0
168834,0.16838547863921552,0
170040,0.16833098067574098,0
163127,0.1682628149450022,0
161332,0.16824644777800885,0
16858,0.1682095248121475,0
163573,0.16818063762330268,0
168225,0.16817121222034775,0
164225,0.16808226017306124,0
167465,0.1680237000880192,0
160640,0.16801078598783492,0
171454,0.16797894711720435,0
167490,0.1679567566076162,0
170230,0.167937533271893,0
170425,0.1678727048011438,0
171833,0.16783318556267762,0
167722,0.16779564119606025,0
161599,0.16767885525996956,0
164595,0.16761999520889967,0
171166,0.16760272254852862,0
164013,0.1675677192905566,0
171659,0.16751487335016005,0
160556,0.1675038358886287,0
161119,0.16730705749969121,0
170833,0.16727728456829155,0
166088,0.16724337471493533,0
161778,0.167223902076591,0
160842,0.16721906745582182,0
168852,0.16718462811137205,0
164320,0.1671828970629315,0
167254,0.16716432758247107,0
170953,0.16710803279768363,0
163249,0.16710675952094695,0
170851,0.1670650379934451,0
169441,0.16684614883571067,0
70184,0.16682293502330006,0
165440,0.1668149229071548,0
168524,0.1668121576373683,0
165432,0.16680967633387508,0
170674,0.16678481369342338,0
162157,0.1666777148496285,0
110373,0.16660851467215082,0
163743,0.16660106034536104,0
162886,0.16657809329769924,0
166024,0.16655667431352744,0
164758,0.1665287764774279,0
170361,0.16652263916323376,0
169688,0.16648776520154826,0
165453,0.16640867300195428,0
171427,0.1663338622788464,0
171857,0.16630514116619174,0
162672,0.1662511757168856,0
2733,0.16623359082900405,0
169438,0.16613469797865948,0
169932,0.16613420534737885,0
166505,0.16611106901633768,0
172059,0.16607230238707557,0
162079,0.16587486138301255,0
169939,0.16582301979244773,0
171121,0.16581682277459656,0
170908,0.1657588998467202,0
165522,0.1657489624159061,0
171234,0.16573869917042103,0
170442,0.1657011010743998,0
164911,0.16561388837251723,0
170778,0.16540284766354588,0
162653,0.16529112492053072,0
164065,0.16527435157970924,0
161427,0.16519152744915527,0
161188,0.16515513895400655,0
170613,0.1651493452755452,0
78643,0.1651470170782929,0
163498,0.1648132047131517,0
163751,0.16480853817100857,0
170499,0.16474628685158435,0
161794,0.16465117299870388,0
162751,0.1646507428810013,0
169530,0.16464031527763962,0
162346,0.16455048311914375,0
163028,0.16439596742320922,0
164614,0.16433763462848014,0
163766,0.16428934229432385,0
163072,0.1642632304663363,0
166407,0.16421405594418798,0
162476,0.16419750795543311,0
170292,0.16402215437032006,0
162848,0.16398646238189868,0
166003,0.16387998377994137,0
168109,0.16384176091018637,0
163231,0.163831151854269,0
160928,0.16382536899470537,0
160879,0.16379189869480776,0
163306,0.16379174872044205,0
169190,0.16379171245949894,0
164899,0.16374704707329976,0
169594,0.16362623519761402,0
164574,0.16356321253051703,0
167040,0.16354383056285565,0
23489,0.16350894620902995,0
170677,0.1634718018634282,0
164497,0.1634583467378533,0
168754,0.16341618457935345,0
160583,0.16325578482248032,0
170296,0.1632373118043637,0
170687,0.16319335742283098,0
15409,0.16312521383058715,0
162084,0.1631210142241653,0
166064,0.16303392336715294,0
168907,0.16294678238743035,0
162915,0.1628387158122786,0
170941,0.1628341943823215,0
9054,0.16283419180724712,0
162108,0.162811998273362,0
163394,0.16270895705820287,0
162820,0.16266652492754383,0
165774,0.16254468041285194,0
169565,0.16254015166247213,0
162819,0.16234905442615916,0
166129,0.16232272941354978,0
43485,0.1621794085183301,0
163554,0.1621346211340026,0
169048,0.1620999829143521,0
91504,0.16207573887081247,0
18009,0.16196966677192487,0
170313,0.16195228508888154,0
168637,0.16192655322126911,0
163748,0.16191590377174586,0
170569,0.16184525669955938,0
169658,0.16183916434268542,0
160740,0.16182363037114236,0
77406,0.1617907108201171,0
169039,0.16178704958575704,0
167178,0.16175576046354959,0
162489,0.16173222213566016,0
162434,0.16170995636723215,0
161103,0.16167633960306962,0
165648,0.1616716865996597,0
166144,0.16167078483328434,0
160290,0.16164552609177163,0
169699,0.16164371652948484,0
165696,0.16157925654140762,0
171634,0.16157593727987765,0
162359,0.16147298677154162,0
171986,0.16144004113969232,0
162457,0.16139639099805037,0
160666,0.1612921952769485,0
164650,0.16098326626124307,0
165363,0.16095439106308415,0
169673,0.16093612039904395,0
170345,0.16091383484141975,0
171724,0.16083977355905876,0
162082,0.16083177703069174,0
167812,0.16082489788323573,0
166528,0.16082416606725664,0
161092,0.16081248144878896,0
165173,0.160737393974064,0
163140,0.16058004882256718,0
171629,0.16047553714670343,0
164460,0.16026423991966385,0
164750,0.16020459752609395,0
170480,0.16019373613520188,0
161357,0.16018993793696953,0
167839,0.16013146122577612,0
170145,0.16009577984629184,0
166572,0.1600926974572032,0
168368,0.16005779219202895,0
171967,0.15999836770174264,0
171598,0.15992305766831819,0
169543,0.1599096885583327,0
168350,0.15989068501781795,0
166172,0.15982799504438677,0
167116,0.15981087245411021,0
171673,0.15970791443412233,0
162453,0.15969368330328143,0
165433,0.15969105123370134,0
167715,0.15967154785739857,0
165019,0.15965199316087764,0
38974,0.15959806414596758,0
160485,0.1595660645793249,0
160773,0.15956189638122617,0
161526,0.1595541159229251,0
163114,0.1595535294488793,0
161090,0.159548712219548,0
169670,0.15945606087133227,0
165711,0.15944991377242898,0
170617,0.15940248868673032,0
171849,0.1593834514674505,0
167611,0.15923042545882699,0
163131,0.15921856994400146,0
167884,0.15919411838075798,0
169611,0.15919102977137808,0
166685,0.15913307286704434,0
171792,0.15902014025524622,0
168785,0.15900825738496785,0
167618,0.159007935077143,0
163613,0.15897978137400565,0
164722,0.15897952854893052,0
171351,0.15895263141873844,0
172103,0.15890881004828633,0
166827,0.15890391441155385,0
163499,0.15886062052618513,0
164059,0.1588354888814432,0
169703,0.15882809250842714,0
165807,0.15882071653770527,0
167206,0.15880425327773734,0
163858,0.15875301048572663,0
161814,0.1586534471284687,0
43209,0.15865128730288808,0
163604,0.1585796006226904,0
169875,0.15855795926510577,0
161021,0.1584851397341707,0
160607,0.15836806622548155,0
163582,0.15830910719409064,0
168298,0.1582403739538681,0
165347,0.15820036857496103,0
166454,0.15813748401990535,0
162056,0.15813481184764727,0
169671,0.1580653692962526,0
170017,0.1580290512067167,0
167675,0.15796915908895107,0
166613,0.15793197478598245,0
165840,0.15790571204704584,0
167336,0.1577734287753267,0
162507,0.15774217637567006,0
164562,0.15772537723811797,0
168726,0.15768886659122228,0
163118,0.15764378768316853,0
164854,0.15761722241296955,0
167673,0.15761112747656308,0
169774,0.157591079099636,0
171137,0.15754679686879888,0
162099,0.15752276858273803,0
162511,0.15750761020966145,0
813,0.15749217405415164,0
162398,0.15744864781807336,0
45610,0.15743985041175454,0
170669,0.15741475083960932,0
167529,0.15739528875318348,0
163677,0.15735994158650937,0
164671,0.15731327916150267,0
160693,0.15727928459784943,0
171626,0.15727637219825988,0
168621,0.15724872272000087,0
162133,0.15720660238686632,0
168667,0.15717862563095344,0
171405,0.15712312542412205,0
163775,0.15711737193316577,0
163992,0.15702592015278088,0
169835,0.15699519082932886,0
168799,0.1569371388397778,0
166393,0.1569299198051494,0
164105,0.15692697871923436,0
81339,0.1569266864348571,0
166408,0.1569159794907601,0
161848,0.15691165427013828,0
167390,0.1567595697949022,0
160437,0.15674665817550895,0
172030,0.15673480513317223,0
166879,0.1567328275520526,0
169295,0.15667171563695645,0
165667,0.15666467045021154,0
161431,0.1566511241029945,0
167745,0.1565714986341786,0
169989,0.15645374695695963,0
165160,0.15645068095854786,0
168988,0.1563071541912139,0
171978,0.15621749480037916,0
161192,0.15618020017607337,0
163444,0.1561646583830199,0
165867,0.15611032123272414,0
171299,0.1560238648716816,0
166428,0.15597492269406737,0
170904,0.15594788497750295,0
70797,0.1559306323014357,0
169092,0.15590069423731748,0
162730,0.15588944518079667,0
160754,0.1557503672116082,0
170892,0.15571995219734203,0
170160,0.15564463528247252,0
167492,0.1556269938637301,0
161397,0.15561190306437678,0
164476,0.15556401546632162,0
170928,0.15555599700104414,0
170045,0.15545152949248317,0
164999,0.15537647294662776,0
168958,0.15535593272361634,0
164203,0.15535239307235563,0
167148,0.15534462453746092,0
171444,0.1553409377007962,0
162584,0.15533003923603259,0
163929,0.15532432704967883,0
168332,0.15529396064552484,0
161894,0.15524155662852995,0
163162,0.15520202265856198,0
171808,0.15506463047401717,0
167142,0.15502379383867224,0
165362,0.1550114428126019,0
167368,0.1549615495219029,0
161641,0.15486378578199086,0
169569,0.15482369481759242,0
165646,0.15479090432247927,0
160616,0.1547656057353991,0
165839,0.15475064527126783,0
171847,0.15469837011371726,0
168242,0.15465024350146456,0
168087,0.1545132778091405,0
162418,0.15448515470249582,0
160439,0.1544255722155837,0
162977,0.1543932973038225,0
165594,0.15439284892172847,0
168317,0.1543273626150035,0
165613,0.1543096974045928,0
161261,0.15428682606627228,0
169567,0.15426586828286662,0
161143,0.15425999196725157,0
168840,0.1542511691623936,0
166366,0.15421837382263595,0
172008,0.1540436153023361,0
170793,0.15401685595099712,0
163877,0.1540076595523257,0
168326,0.1539966404617662,0
171428,0.1539613922176074,0
165515,0.15394262711034268,0
169971,0.1539370453292228,0
168373,0.1539122585338861,0
166057,0.15379357862004409,0
171018,0.15378697257992854,0
167448,0.15373277405843302,0
75315,0.1536855886335453,0
164085,0.15368026165487578,0
161854,0.15366460567557297,0
167065,0.15357922507078836,0
171079,0.1535716908818225,0
164288,0.15356496752006524,0
161592,0.15354878485052592,0
160667,0.15352896909267874,0
166937,0.15352355647343024,0
161374,0.15349967422755534,0
166993,0.1534961757982822,0
164918,0.153478865877553,0
164675,0.1534769171335749,0
164815,0.15346212531645953,0
161876,0.15341607175233676,0
162643,0.15337425921945022,0
170550,0.15331658074141177,0
171354,0.1531831885326579,0
17746,0.15312108632147928,0
166485,0.15309566738364833,0
167201,0.15301885739936416,0
168475,0.15301502411704446,0
163737,0.15297702189653392,0
166945,0.15296578259590382,0
172098,0.15287841798897003,0
161268,0.15286581471726543,0
170219,0.1528195383610536,0
162725,0.15279718925605495,0
167386,0.15278288482876712,0
167535,0.15278274577771356,0
218,0.15273985291919173,0
161428,0.15272183585611043,0
163891,0.15271833606800653,0
89112,0.15265940244541548,0
8557,0.15244079321636608,0
165598,0.1524122341352175,0
167801,0.15240342589793923,0
168522,0.15239975442630407,0
164937,0.1522908181693281,0
171293,0.15225840558124934,0
169077,0.1522568900327368,0
171853,0.1522348284350029,0
164484,0.15219724473861956,0
166135,0.1521883161701854,0
170556,0.1521612659924762,0
165951,0.15208347124074162,0
13473,0.1519993739461701,0
167220,0.15199506139885283,0
162828,0.15194475517187267,0
170905,0.15193836909812264,0
169180,0.15184215193657438,0
168224,0.15181545285431186,0
167391,0.15179859773375723,0
171661,0.1517777690652124,0
2359,0.15176718992305527,0
169105,0.1517528838162716,0
161961,0.15174842723017198,0
166630,0.15173710970155002,0
111034,0.1516447471932888,0
168229,0.1516338330327676,0
164809,0.1514810053909366,0
161567,0.15144483583519394,0
166910,0.15144473739359735,0
161837,0.1514446984495022,0
163802,0.151398311940979,0
172011,0.15138925608208362,0
163288,0.15136468555096824,0
93531,0.15136434067741808,0
166099,0.15134460589727164,0
167574,0.15130994084287594,0
170840,0.15130356571314404,0
160409,0.1512614272007559,0
163193,0.1512400169935097,0
171424,0.15117646757202305,0
162234,0.15117241666577547,0
162575,0.1511611326175914,0
167439,0.15113194713570657,0
160953,0.15110971144377364,0
169588,0.1510516372498927,0
172110,0.1510382263423643,0
161588,0.1509733410727498,0
165846,0.1509332860522629,0
163356,0.1508874374791533,0
161902,0.1508648590403597,0
170730,0.15085879141509537,0
165985,0.1508564355184772,0
164756,0.150847884472623,0
171062,0.1508118425603015,0
170439,0.15080373531133923,0
47253,0.15080313843503051,0
170909,0.15075086475649313,0
160998,0.15073609820286094,0
169068,0.1507036816248369,0
165907,0.1506866558961705,0
39146,0.150614162204206,0
160481,0.15057945607430928,0
172118,0.1505289817755243,0
161001,0.150518730655821,0
161030,0.15047558579243805,0
161835,0.1504752551124026,0
163391,0.15045039498173668,0
165683,0.15037873218927347,0
171233,0.15035071373073206,0
161010,0.15033813787091208,0
19737,0.1503331690771466,0
163811,0.15024082360389396,0
33769,0.15020200458091865,0
163708,0.15016426127563395,0
168700,0.15015814353903445,0
45647,0.15009495291234162,0
161160,0.15009481198118954,0
171981,0.15007392717386314,0
166777,0.1500202638328924,0
161320,0.14995658329303246,0
169286,0.14994788863917116,0
165112,0.14991223897866846,0
167948,0.14989245769533233,0
169764,0.1497901155696201,0
170041,0.1497613311618379,0
166401,0.14974566871143222,0
165737,0.14973842487677777,0
167683,0.1497167321255326,0
168239,0.14969660720430658,0
172115,0.14964435454700775,0
169729,0.14964061770404327,0
167309,0.14954270130174793,0
161613,0.14950853952713003,0
163724,0.14947581501210713,0
161458,0.14946585760111256,0
161142,0.14932894363934218,0
168099,0.1492943823260525,0
161236,0.14927479302502367,0
165047,0.14914433658841394,0
86230,0.1491237051781922,0
166981,0.14908169626339665,0
165415,0.1490491535811528,0
167252,0.14904087213086245,0
169079,0.14901753209097138,0
171335,0.14901128318972898,0
165862,0.14898126456289332,0
163082,0.14895044611175912,0
162441,0.14893788678414685,0
163317,0.14893468537210763,0
164810,0.1488898714542711,0
171804,0.14886945194029558,0
170126,0.14885460831889694,0
162444,0.148834521041194,0
166293,0.14882159846373233,0
167687,0.14878972309541197,0
160476,0.1487508768162436,0
164684,0.14868670155425734,0
162011,0.14868019710196892,0
167521,0.14861484703255556,0
71109,0.1485998470006269,0
167626,0.1485551347387088,0
162960,0.1484866410480198,0
168521,0.14848224466692989,0
165072,0.1484694290968338,0
169262,0.14843240370693345,0
171927,0.14841230259560453,0
172060,0.14818217591725907,0
163851,0.14816923601476653,0
170290,0.1481365890359544,0
162204,0.14808165936819154,0
171400,0.14807133691202562,0
167271,0.14803684156251817,0
164856,0.1479374008614803,0
166847,0.1478990203832541,0
21930,0.14788330020549886,0
171410,0.14784450490695036,0
164472,0.1478063488848222,0
160331,0.14778393297869202,0
68814,0.1477827029806537,0
170675,0.14776548611422385,0
165285,0.14774000189087094,0
163709,0.14765284604448495,0
163091,0.14762672105775593,0
165760,0.1475828329270865,0
162209,0.14757557947127753,0
170868,0.14755335625361934,0
161159,0.14753633063296473,0
166452,0.147516615035304,0
165412,0.1475087827084328,0
167025,0.1474633502968698,0
162583,0.1474602034686868,0
166561,0.14736760137557525,0
164544,0.14734286977462216,0
170276,0.14729100010591129,0
165849,0.14726194475528764,0
165842,0.14723632301079825,0
164336,0.14722577617797417,0
74677,0.14721504468422408,0
167827,0.14713967698461344,0
168695,0.1471331614688456,0
160802,0.1471020185661233,0
160438,0.1470578867808943,0
164957,0.1470327687327163,0
170780,0.1470228478337236,0
165393,0.14696892252796676,0
162689,0.14694793448023016,0
161027,0.14692345877492455,0
163466,0.14689249616488523,0
164442,0.14688075272341278,0
171115,0.14684351860538497,0
168452,0.14682981132254128,0
171337,0.14681935890177503,0
160783,0.14677392762389993,0
166601,0.14676519903343999,0
162363,0.14676404080854563,0
168972,0.14676386744327624,0
161186,0.14675395812968092,0
165270,0.14674514277228426,0
163789,0.14672692944165272,0
164268,0.14671463058139156,0
170423,0.14666137421101658,0
48983,0.14665730184796172,0
163678,0.1466524460923181,0
165607,0.14656484825645083,0
13885,0.1464676659696423,0
160513,0.1463559602329671,0
162343,0.1463406741635104,0
171964,0.14633146882697295,0
170871,0.14630260434411824,0
171140,0.1462334270129303,0
161276,0.14622340083717233,0
160522,0.1462197771555271,0
109870,0.14620295930415506,0
163848,0.1461980465811659,0
163363,0.14615831234126167,0
43229,0.1461506132025535,0
166278,0.14614106399224974,0
160319,0.14613653436904353,0
163232,0.14603208020183397,0
161392,0.1460120746913176,0
171491,0.14597372630207492,0
167821,0.14587991218439242,0
170958,0.1458421680147679,0
32984,0.1458366705077882,0
170826,0.1458350188726536,0
161104,0.14581075602177787,0
167020,0.14577254230523112,0
172072,0.14576077376162902,0
171168,0.1457271315781178,0
165064,0.14570944886738124,0
164871,0.14562418765179844,0
164861,0.14555273247523592,0
164102,0.1455507732771273,0
168588,0.14551492286032475,0
164015,0.1454803790201487,0
166820,0.14544526861075896,0
168676,0.1454330567416756,0
172005,0.1454031282616198,0
171829,0.14538971285990138,0
166544,0.14538072022335888,0
163207,0.1453458367996428,0
165570,0.14530476677797718,0
170855,0.14527420674233593,0
167292,0.1452573386125178,0
165447,0.14524783173491426,0
45383,0.14514798018054828,0
167596,0.14512848236302556,0
171987,0.14507131250368024,0
160999,0.1450688284593232,0
167019,0.14505368790301923,0
165230,0.14499219064829044,0
166396,0.14494912138545712,0
164667,0.1449469720625631,0
170860,0.14486172160209299,0
168595,0.14484792457160162,0
166621,0.14477059370122541,0
161578,0.14476299366842843,0
2715,0.14474954560441924,0
166028,0.14474453154605835,0
168488,0.14473142821783866,0
166264,0.14472452191664162,0
163627,0.14470630479291072,0
160426,0.14469992704786294,0
166693,0.14467360383782094,0
160503,0.14461500898839955,0
168126,0.144612708133852,0
165391,0.14459965094259103,0
171283,0.14459341585130134,0
168353,0.1445787518402014,0
168890,0.1445781581887654,0
170696,0.1445615763208421,0
168323,0.14451319713563296,0
160919,0.14445950553232895,0
167863,0.14441427627644807,0
165751,0.14439536688225701,0
162183,0.14439161994768154,0
161484,0.14438788400342076,0
163728,0.14436435845901766,0
160662,0.14435986154798353,0
171996,0.14435862580783113,0
163998,0.14429391943487907,0
171210,0.14427989054529808,0
160357,0.14425374314162434,0
168455,0.1442250304204138,0
163715,0.14420145563612285,0
162523,0.14419754422258785,0
164770,0.14416027908948492,0
164884,0.14415282381212524,0
165926,0.14415040564539375,0
160512,0.14414566746508975,0
166150,0.14411763758564688,0
165958,0.14403113936082776,0
160705,0.14402836926910342,0
25193,0.14401113172443403,0
164086,0.1439966402174,0
164651,0.14392993516615152,0
165053,0.14390677218274464,0
161384,0.14381025141639886,0
167241,0.14380086662703792,0
163889,0.143777693170212,0
167879,0.14374636327285545,0
163876,0.14374372935993673,0
168691,0.14374216868420042,0
168466,0.14374078260957454,0
163993,0.1436881859366695,0
171189,0.14367423587064942,0
99780,0.1436499537869589,0
169759,0.1435866045591212,0
160889,0.14355575536445234,0
167343,0.1435506160774445,0
161271,0.14352008486946238,0
163568,0.1434898905205759,0
171146,0.14346570255539098,0
168508,0.14345026473057118,0
160952,0.14339662972525458,0
163597,0.14330428367456507,0
168378,0.14327773427010929,0
172064,0.1431689500116791,0
165822,0.1431436658450388,0
105973,0.14313842615732905,0
170191,0.14311544986676708,0
167849,0.1431082129956437,0
165043,0.1430922042410869,0
170025,0.14304883650526154,0
168161,0.14297872032963896,0
161847,0.1429591724732636,0
166274,0.14292810852188056,0
162881,0.1429168841070106,0
170451,0.14290267954684607,0
161891,0.14287044359680548,0
168120,0.14286006065441284,0
171926,0.14284256816577057,0
169698,0.1428096450468157,0
162529,0.1428058730565164,0
169306,0.14276308513104063,0
165063,0.14275786595274992,0
170003,0.14274157544443625,0
167224,0.14272661460463387,0
11970,0.1426380920622425,0
167275,0.142564403397281,0
169111,0.14250635346284904,0
76472,0.14250576367916207,0
162496,0.14245985667005023,0
163739,0.1424429983572909,0
169431,0.1423501311500941,0
170531,0.14234685427111374,0
161971,0.1423184977088332,0
64210,0.14229192929073567,0
163545,0.14229122586861698,0
18745,0.14228835712381713,0
169771,0.14220759680912312,0
166895,0.14217903715867455,0
170120,0.1421690178900825,0
170676,0.14216403155357407,0
164720,0.1421206971951302,0
165745,0.142116309380379,0
162907,0.14208573644698055,0
167164,0.14206992859898218,0
167260,0.14205683177012615,0
165954,0.14201107296484858,0
167379,0.14196454530093203,0
162173,0.14195511399414001,0
162369,0.14195229904963771,0
166189,0.14189993673795534,0
164414,0.14184130373251233,0
170075,0.14182605523889594,0
160367,0.14179140356168843,0
169064,0.14177276361625715,0
162050,0.1417649417058564,0
171481,0.14174668358718917,0
171680,0.14171071127550872,0
171004,0.14169310288984818,0
168828,0.1416816310342644,0
162194,0.14164839466787527,0
165712,0.14158931680555364,0
162563,0.1414063801630521,0
80849,0.14140588429054812,0
171973,0.1413739714237088,0
166179,0.14135562118599979,0
167824,0.14134126749040407,0
169078,0.14126162353526622,0
161710,0.1412266452969895,0
166579,0.14117112589954248,0
162875,0.14115627829140245,0
172082,0.14108038567611594,0
170752,0.14106663667086086,0
171422,0.1410650172856331,0
170173,0.14104874631876757,0
161982,0.1409973888395659,0
24690,0.1409686495895655,0
160606,0.14087855316113307,0
167074,0.14087311259551946,0
162129,0.14086391438446988,0
171950,0.14074792700513358,0
164050,0.1407251104599643,0
45524,0.1406298487181167,0
165827,0.14061258648089348,0
162940,0.14060537573614704,0
164171,0.1405734045359373,0
167690,0.14054643990133692,0
163474,0.14054365553850956,0
162602,0.14053120273865513,0
169865,0.14052492828973517,0
168688,0.14050418988641217,0
167173,0.14048967031886517,0
171458,0.14042482648772486,0
170707,0.14040311883639414,0
169374,0.14036737019803844,0
165091,0.14035815165479193,0
168289,0.14035444300270125,0
165360,0.1403099905912151,0
167978,0.14026832895225186,0
170083,0.1401394477278394,0
163796,0.14013866464857014,0
163626,0.14012925275591745,0
163029,0.14011018278003867,0
167588,0.14007355168032926,0
162894,0.14006251108036194,0
166033,0.14005342927757394,0
163591,0.13999961701801494,0
169587,0.139984051303446,0
165778,0.13998063321290757,0
164193,0.13997626012152617,0
164754,0.13991359028757716,0
167028,0.13990451251218558,0
169451,0.13985305228074582,0
166641,0.1398257220185137,0
164019,0.13982516663916045,0
163937,0.1397970497765852,0
3857,0.13978544947386118,0
1333,0.13973412439779706,0
3502,0.13973155822732655,0
161361,0.1397275153161048,0
168495,0.13969958051757722,0
162416,0.13967907059867993,0
163605,0.13967886269686394,0
161163,0.13965432947817713,0
161511,0.1396415863143658,0
165940,0.13963970827572875,0
169165,0.1396195020828695,0
66456,0.13960683464992504,0
167138,0.1395894820557493,0
170280,0.13957072489307565,0
162277,0.13951525543020088,0
164947,0.1394804536441406,0
9774,0.1394650360932081,0
164090,0.13945508453134656,0
168584,0.13944743138740648,0
161228,0.13944329194989652,0
161239,0.1394274745778929,0
169537,0.13941865895891467,0
161424,0.1394048830808166,0
161262,0.13938985577721028,0
164782,0.13937731495243316,0
164581,0.13933902357797284,0
107227,0.13931006467262058,0
162914,0.13916279396766973,0
171315,0.13908586531271042,0
166971,0.13907631998124306,0
164881,0.1390694123449421,0
163400,0.1390659889742603,0
170874,0.13903088258099522,0
162548,0.13901680302032754,0
171797,0.13898968971429881,0
163435,0.13893138203436592,0
162147,0.13890031746742848,0
161740,0.13887383363977873,0
164773,0.1388450918814541,0
164016,0.13877369409695334,0
170773,0.1387327987535532,0
161651,0.13872766097190262,0
167728,0.1387265049985404,0
168044,0.13871795425142414,0
171067,0.13868716685523347,0
167527,0.13868660638383137,0
161058,0.13866123648704876,0
168571,0.1386577868478938,0
171891,0.13864935366749623,0
165455,0.13858165495312136,0
168303,0.13857030665060066,0
167357,0.13855816335377016,0
165943,0.13853552084248533,0
165524,0.1385023789585711,0
162243,0.13847155341970116,0
169450,0.13843720145093558,0
168281,0.1384259278530917,0
170672,0.1383598676228217,0
170509,0.13830726857445463,0
170255,0.1382796390775445,0
167398,0.13827769603702977,0
165481,0.1382699215235397,0
163972,0.13826132936693672,0
171999,0.13825685452619668,0
166166,0.13820533798314488,0
168169,0.13819161612154118,0
169793,0.13817872685343446,0
160956,0.13816042653158733,0
165023,0.1381445298510037,0
80586,0.13813437091589362,0
163571,0.13813196992737015,0
163528,0.13808601573794185,0
162239,0.13808491263619577,0
161222,0.138053651670569,0
171676,0.1380510664839786,0
165762,0.13803274281573458,0
163493,0.13796067246551666,0
160940,0.1379202626786554,0
166406,0.1379024184850264,0
169030,0.13788539547123624,0
171171,0.1378775455621301,0
172053,0.13784962419006125,0
162181,0.13782704689307124,0
163220,0.1378160521065848,0
171480,0.13776543090413695,0
169271,0.1376924213295132,0
164960,0.1376814926949759,0
168531,0.13764798183814778,0
165273,0.13760035640754598,0
160986,0.1375997563827574,0
163343,0.137571429015492,0
166582,0.13756801007987765,0
163386,0.13755212857883628,0
170151,0.1374935294229914,0
161044,0.1374857428636386,0
161071,0.13740553624886193,0
172078,0.13738126339109014,0
167669,0.13737952346849666,0
169015,0.1373790473883683,0
164091,0.1373764289646742,0
168652,0.13735734391759025,0
166653,0.13735418807777047,0
161168,0.1372580460352457,0
164505,0.13718717163351965,0
19775,0.13718215523131358,0
167522,0.1371631315157381,0
164017,0.13716185771515763,0
166921,0.13715413568492746,0
171671,0.13715374522255816,0
165291,0.13713749672193432,0
162474,0.1371085623004736,0
168257,0.13710404758920394,0
167103,0.13697348902381887,0
161510,0.13696757835503676,0
169927,0.136935971413517,0
171415,0.13692974982942024,0
168449,0.1369271625679005,0
165818,0.13689438856303618,0
168523,0.13688291596279423,0
160384,0.13686843128491585,0
171249,0.13686815639858443,0
167924,0.13680573345068714,0
53769,0.13675138898563766,0
165386,0.13672266073576808,0
162225,0.13671952286323955,0
171542,0.1367192953718581,0
167424,0.1367162995681235,0
166402,0.1367027578293526,0
167826,0.13670201209729205,0
167299,0.13669645031671987,0
107924,0.1366961458614455,0
162918,0.13666050508277658,0
170562,0.13664389579171277,0
77533,0.13661688512183495,0
163380,0.13660424821804773,0
169017,0.13659183313974574,0
171663,0.1365799126736264,0
3942,0.13646625878350135,0
165939,0.13645232929026338,0
163890,0.13638280686893842,0
170284,0.13638246145117822,0
164737,0.13637437044755568,0
168461,0.13637285436641075,0
22685,0.13637258715171524,0
164122,0.1363438817114474,0
161836,0.136321184852822,0
160676,0.136280530708417,0
172084,0.13626541881504897,0
170715,0.13624746828926018,0
169219,0.13624147561947758,0
164959,0.13621827963155042,0
169240,0.13620690921365003,0
160466,0.13619700579856053,0
169885,0.13619637593477527,0
170404,0.13618321622668475,0
164331,0.13618149682081848,0
162634,0.13617678768873054,0
162213,0.13615413299980264,0
164848,0.1361503327775784,0
169992,0.13614713718463736,0
164500,0.13612335396433192,0
164855,0.13605383675829608,0
171737,0.13604813944089328,0
160390,0.13596216297286856,0
163649,0.13595599752210008,0
167471,0.13591853126177586,0
163367,0.1358871633218835,0
166940,0.13585004720652902,0
161589,0.13576047598401345,0
163299,0.1357237786556703,0
162200,0.13570548064108556,0
167015,0.13569982560725716,0
161853,0.13568984146249902,0
164368,0.13567899842903128,0
169889,0.13567377254321106,0
162296,0.13565914422547884,0
161607,0.1356370691969598,0
161432,0.13561268384953015,0
166595,0.13557790012618703,0
171345,0.13550076042720774,0
165000,0.13549808230126315,0
161199,0.13548221768483043,0
166260,0.13542837391435544,0
167109,0.13542025263576676,0
167270,0.13540163204181452,0
162112,0.13533506150745783,0
164430,0.13532278725599234,0
168176,0.13531509443801407,0
79679,0.1353097672446148,0
167840,0.13530716370180512,0
168456,0.1352766273404007,0
169248,0.1352759173301328,0
42245,0.1352418101953645,0
164537,0.13519087579142866,0
164962,0.13518136954867707,0
163718,0.13517058875115776,0
169082,0.13516463236550272,0
168539,0.13514735502405667,0
161045,0.13509885817950568,0
162309,0.13509660759069925,0
165880,0.1350229966543668,0
168934,0.13501276515933464,0
163763,0.13496330249545027,0
171003,0.1349454616033217,0
164901,0.13494202079908016,0
167267,0.13493201260400986,0
162607,0.1349167374209298,0
169700,0.1348719991402026,0
161663,0.13486256615740577,0
160593,0.13483779233498486,0
161825,0.13481410658898027,0
166114,0.1347735507725432,0
164621,0.13476615725284116,0
160430,0.13474320211939939,0
171545,0.1347085574257682,0
169986,0.13470534942867515,0
170465,0.13470466359604114,0
167387,0.1346908418600621,0
160877,0.13468901014682638,0
169377,0.1346605298549506,0
169696,0.13462006102199872,0
170570,0.1346107400375315,0
169572,0.13460885062716502,0
166444,0.13458204955129655,0
163861,0.13455528221184784,0
162132,0.13454419058902997,0
169867,0.13453562899830657,0
165641,0.13451748712121,0
161269,0.1345070410506609,0
162866,0.1344251177780448,0
170567,0.13439981064505788,0
165117,0.13438256151076045,0
164850,0.13438025533578793,0
169824,0.13434273674627806,0
161470,0.13433237962702185,0
161796,0.13431459107089147,0
163152,0.1342572734403504,0
162577,0.1342504330443558,0
161695,0.13420384253246279,0
160958,0.134203475070042,0
169387,0.13419431905360393,0
167179,0.1341939566053984,0
167041,0.1340960819933343,0
171786,0.13407273320093602,0
162735,0.13406966364261239,0
171211,0.13406558178917738,0
162472,0.1339819346611129,0
163397,0.13394335364698762,0
162771,0.1339432435304412,0
163730,0.13387806086077017,0
166311,0.1338720279571427,0
168989,0.13387058811363176,0
168944,0.13384565392090167,0
168594,0.13383232313647095,0
162624,0.13380879553657224,0
163530,0.13377603735934745,0
161950,0.13373009535115257,0
170008,0.13372502670666722,0
161061,0.13361285330746467,0
169512,0.13360996031013575,0
168319,0.13358156492359372,0
95676,0.13353918631951162,0
169839,0.13353659780547955,0
165633,0.1335333412635936,0
23238,0.13351202305945023,0
172087,0.13351103484881963,0
164287,0.13350915313739506,0
163412,0.13350463002620067,0
169854,0.1334951888452469,0
164841,0.13347516676444773,0
170794,0.1334689428056015,0
164920,0.13346576482180184,0
164919,0.13345138204526327,0
171448,0.13344316161007921,0
169585,0.13339276119256038,0
164103,0.13337583951040957,0
164682,0.13337578988682197,0
163151,0.13336228308587772,0
161770,0.13333237252324517,0
165610,0.13330694503080573,0
160935,0.13324966601249957,0
171523,0.13323512769677606,0
166745,0.13317123081041077,0
162555,0.13313819634610827,0
170266,0.13312969993169235,0
162381,0.13312895479839523,0
168742,0.13311233022689994,0
162137,0.13309150278629986,0
168992,0.13308955000704512,0
160721,0.13304865667310856,0
160470,0.13302749673280972,0
167234,0.13296343350616627,0
96290,0.13295889882997708,0
160682,0.13294841108730487,0
162884,0.13291422886509408,0
169059,0.1329041399729563,0
164803,0.13290147088210155,0
170485,0.13290103389312796,0
164700,0.13287228531755904,0
163296,0.1328368787143366,0
172094,0.13281960840408344,0
166416,0.13279636767480082,0
170862,0.13278597690660282,0
166384,0.13276903376219262,0
160967,0.1327604896158211,0
161839,0.13274379621636845,0
171381,0.1327207287516502,0
169747,0.13268404426192928,0
165040,0.13266674639063744,0
171085,0.13265070892603464,0
165925,0.13263072772146628,0
171625,0.1326284304051577,0
166133,0.1326137985826855,0
164677,0.13261239535615824,0
161421,0.13261207746504922,0
163719,0.13258807688406085,0
169966,0.1325773391276888,0
162515,0.13257312755993045,0
166164,0.13257145974852352,0
161723,0.13255934435479697,0
171883,0.1325465169860589,0
163369,0.1325345425747378,0
168499,0.13252270899265375,0
161490,0.13251667602099343,0
166320,0.13250612261951902,0
164437,0.13248887716003302,0
164206,0.13248882282297117,0
165096,0.13247245120513307,0
164556,0.1324367943697939,0
168765,0.13241940468214425,0
165186,0.13233521655738292,0
163325,0.13231824057998315,0
165810,0.13230082136423496,0
161816,0.13227835192162934,0
170770,0.13225205043479346,0
163559,0.132223016750295,0
163612,0.13219015564090747,0
166467,0.13215684223301247,0
31243,0.13215123442250307,0
164735,0.1321062597413541,0
166071,0.13209138926341843,0
165422,0.13206931838590424,0
164313,0.13206124087398444,0
167258,0.13204459263919444,0
172048,0.13204328203412738,0
168520,0.13201993823850763,0
169635,0.1319895551138412,0
170915,0.13197484039727278,0
171443,0.13197466054129176,0
169270,0.13193141964831778,0
168073,0.13192806635959106,0
167820,0.13188934732899932,0
161525,0.13184762360131946,0
165893,0.13183658936487697,0
171350,0.13182047193715493,0
161600,0.1317459778945456,0
164584,0.13171704628372524,0
162495,0.131714212353651,0
169958,0.1317104732761423,0
169313,0.1317071191549949,0
161499,0.1316984775628059,0
160819,0.1316959001182415,0
170626,0.13168987648730546,0
165308,0.13167580699195294,0
170640,0.1316064924445269,0
171289,0.13160320829264577,0
170645,0.13152953034754475,0
170879,0.13152435265377652,0
167503,0.13151062649352013,0
171457,0.13149275271319796,0
160263,0.13148710806735703,0
160455,0.13145879640147398,0
164952,0.13144718028994246,0
168437,0.13142388071497138,0
170747,0.13139478971299257,0
165786,0.13138911855713065,0
160634,0.13137228607130788,0
166344,0.1313682395067328,0
161733,0.13134963871979077,0
169147,0.13133880068471035,0
75729,0.1313250031386623,0
164586,0.13128655369174963,0
165672,0.13127638849120135,0
164192,0.1312683862797011,0
160969,0.13125591065172582,0
162101,0.13122317270022676,0
167338,0.13121788509364046,0
171306,0.13119102952749895,0
167725,0.1311825688957653,0
168644,0.13117324684325102,0
167151,0.13114966644516618,0
163795,0.13112613617692523,0
163672,0.1311220317529388,0
167449,0.1311163822344543,0
171826,0.13110337955169393,0
166551,0.13105070668703697,0
161849,0.13099493097076345,0
165114,0.13096517227274687,0
164896,0.1309480087629796,0
165551,0.13094536145060678,0
171124,0.1309138775046142,0
170691,0.1309044683797702,0
168335,0.13088082741161486,0
163209,0.13086397944708938,0
77792,0.1308617948264143,0
163662,0.13084457974402888,0
162152,0.13083852216459813,0
171827,0.13077440037668414,0
21473,0.13073710042466674,0
165933,0.13072994216580885,0
171433,0.13071634823387643,0
169915,0.13069257328436357,0
165118,0.1306342979285923,0
170346,0.13053974630589535,0
170925,0.1305116704449342,0
169378,0.130502044997148,0
165805,0.13048086809002193,0
166001,0.1304673867239557,0
163601,0.1304489411984633,0
161413,0.13043574277367442,0
171590,0.1304178707824578,0
171686,0.13034917148668743,0
169476,0.13030028443971375,0
166046,0.13028535572041466,0
164721,0.13026854977588842,0
167883,0.13020233130008213,0
168333,0.13019650718134243,0
160984,0.13018427059258497,0
165271,0.13016292230720014,0
171222,0.13014183873214308,0
1858,0.13010198710296686,0
164216,0.13005276687061768,0
170688,0.13001934632492274,0
98813,0.13001783893904634,0
164927,0.130009060023876,0
169922,0.12999642969483532,0
163927,0.12999003412222837,0
166127,0.12995041821429654,0
169988,0.12995016689255906,0
171948,0.1299497826105636,0
166342,0.1299493321659836,0
160387,0.1299467394820307,0
170627,0.12990015154721313,0
170625,0.12986893691168439,0
169886,0.12984500754438397,0
164948,0.1298379901174965,0
171635,0.1298107601960578,0
165495,0.12977423415055916,0
163661,0.12975641664683213,0
165456,0.12974112351763142,0
165793,0.1296832952984755,0
160603,0.12964983306453345,0
161266,0.12964498980649047,0
166322,0.12963748486002294,0
162729,0.12961264662525668,0
169547,0.1295847899377391,0
161096,0.12954071931276348,0
167822,0.12947479268510131,0
165845,0.12947075045722836,0
165679,0.12945502836930656,0
161394,0.12944415470964604,0
166995,0.12943117465083315,0
166893,0.12942880542008708,0
49368,0.12938200193391652,0
168534,0.12937675424894543,0
165076,0.1293526532240073,0
166069,0.12931842385626582,0
8713,0.12931072114944298,0
165676,0.1292451971111152,0
172036,0.12923133222134556,0
32570,0.12922291423936869,0
161917,0.12919702377501985,0
169405,0.12919571900691754,0
167520,0.1291789688557821,0
162385,0.12917736237320498,0
166975,0.12916580270814046,0
172108,0.12914014215078282,0
161544,0.12911851388148685,0
163158,0.1290634463100796,0
163642,0.12906276210409565,0
167246,0.12905917803756214,0
67630,0.12905448159717273,0
162697,0.12904919287031585,0
167021,0.12904767612942647,0
162525,0.12903770621175895,0
162458,0.12903015829048076,0
33971,0.12902862872310028,0
169354,0.12900084900344366,0
160511,0.12899757193564632,0
169436,0.12898904293280902,0
162334,0.12897200591881378,0
166625,0.1289473361952296,0
162229,0.1289081860648389,0
161031,0.12886064789436774,0
166131,0.12884030042233524,0
170750,0.12883772821945028,0
165975,0.12883059969461388,0
169760,0.12882395931242252,0
167154,0.12882137956083525,0
167865,0.12881812447652297,0
161707,0.12879293077205836,0
169027,0.1287873135002597,0
171525,0.1287411712600381,0
160957,0.12872835240604544,0
171817,0.12872055140564723,0
161684,0.12868721775893055,0
164053,0.1286817190637908,0
170228,0.12864985576865579,0
171690,0.12862699881195844,0
77929,0.12861634435287722,0
168759,0.12861452924856534,0
161191,0.12857639401046891,0
168001,0.12855739810731767,0
169625,0.12855432788268542,0
160460,0.12849055343984003,0
4860,0.12847306034266975,0
170069,0.12845053019232378,0
161844,0.12840310254974757,0
170888,0.12834760247028273,0
160451,0.1283215899837285,0
165706,0.1283139327532435,0
164542,0.1282992633105218,0
168410,0.12828670876475462,0
160562,0.12828065228261323,0
162545,0.128272692920798,0
165812,0.12826302542166468,0
160307,0.12825720881837968,0
397,0.12821418916182595,0
170206,0.12819680098126726,0
168375,0.12817934924475607,0
166769,0.12816993284247688,0
169665,0.12815976140661908,0
169477,0.1280977460266162,0
162808,0.1280851974899454,0
163314,0.1280657937429162,0
171297,0.12804895035252917,0
166106,0.12803448040653273,0
168596,0.12801918516459626,0
5422,0.12798209987547993,0
163527,0.12796831145130785,0
169884,0.1279505216359431,0
168698,0.12794896488904056,0
63646,0.12787316465061435,0
165215,0.1278424507850189,0
166157,0.12778853816367117,0
164176,0.12778652850645988,0
166267,0.12775647760368644,0
168937,0.1277309718168515,0
164972,0.1277251828351482,0
163863,0.1276824130652,0
165413,0.1276684600035377,0
38903,0.1276637424320166,0
170628,0.12760423511861682,0
167184,0.1275736881324326,0
161327,0.12756168986766808,0
163926,0.12754057927962814,0
164598,0.12753159634379196,0
170044,0.12751665508658594,0
168978,0.12751182871160693,0
165395,0.12751008883615098,0
162506,0.12750968024668932,0
161380,0.1274807890916981,0
167890,0.1274454316274136,0
161400,0.12741032446388287,0
109511,0.12739454553579366,0
165421,0.1273910869330344,0
168167,0.127385407293392,0
162356,0.12738329020048056,0
169555,0.1273635942806442,0
167144,0.1273591923267917,0
170836,0.12735030638684905,0
98,0.12734245974143624,0
164886,0.12733866359209953,0
163442,0.12733587565376261,0
167381,0.1272891968133993,0
163376,0.12725348874287576,0
171385,0.1271958641685137,0
169106,0.12718824346608182,0
41545,0.12718694260882288,0
47577,0.12718173385824041,0
171237,0.12715414347205511,0
168636,0.12714955360703292,0
163852,0.1271474764287263,0
169546,0.12712167050109283,0
169737,0.1271132111187584,0
167150,0.12710146667708455,0
169010,0.12705409249549343,0
166728,0.12702950839909638,0
170652,0.1270142156358628,0
170070,0.1270139563719303,0
168122,0.12699980491551,0
170858,0.12699234153410832,0
9735,0.12697446861112843,0
170686,0.12697168354315344,0
169953,0.12696200358903703,0
164420,0.12694858862212283,0
169472,0.126936987779423,0
164221,0.12692519162575847,0
162376,0.1269147248720885,0
171196,0.12691346794382793,0
160894,0.12691135917388602,0
164868,0.12690354871006682,0
168043,0.12690322979554985,0
169463,0.12690284550203781,0
162300,0.12681010273060853,0
166612,0.12680417366270597,0
169394,0.1267589958032519,0
170846,0.12675786062230002,0
170140,0.1267544857614367,0
166007,0.12674028990625555,0
171193,0.1267089454876171,0
162988,0.12670455938416825,0
169359,0.12669456642383947,0
166835,0.1266895843964771,0
170815,0.12663861580356062,0
162423,0.12660105043152978,0
167608,0.12659879206118915,0
171703,0.1265949152641474,0
164708,0.12659180024904113,0
164624,0.12658316043331508,0
162749,0.12653576936394612,0
166866,0.12652711040599532,0
163316,0.1264926776852186,0
167567,0.1264479000218613,0
164550,0.1264413131340411,0
160401,0.1264200713903698,0
96819,0.1264187118521108,0
170931,0.12640998474944665,0
171716,0.1263822422003997,0
169604,0.12638038929853837,0
167313,0.12637060329400374,0
162717,0.1263442767459884,0
165430,0.12633265514757056,0
162383,0.12631805611759478,0
166672,0.1263163075494545,0
161624,0.1262929291187201,0
166626,0.12628576097301022,0
168607,0.12627764700058053,0
162576,0.12626379457637982,0
169344,0.12626377594615298,0
164965,0.12619277926137057,0
170555,0.12615858811101544,0
166908,0.12615183949179404,0
163950,0.1261094295620832,0
162959,0.12610662019489907,0
169049,0.1260975373825823,0
170615,0.12608071787284214,0
167235,0.12606636721024506,0
166944,0.12606221582564123,0
163018,0.12604254203018125,0
167044,0.12601046178819644,0
167198,0.1259803194626058,0
162285,0.12597645364348248,0
167892,0.12597093859211497,0
162447,0.12595877808437944,0
171757,0.12595690629620968,0
167485,0.12595006582950188,0
164701,0.12593990076250966,0
17833,0.12592170694571625,0
171921,0.1258621033752315,0
170917,0.12585686278262243,0
163556,0.1258369720657464,0
161362,0.12583516829981214,0
168463,0.1258173664248133,0
171607,0.125778961661996,0
165705,0.12576398635219788,0
170975,0.1257609398797954,0
165445,0.1257536513979968,0
161221,0.12574644049505523,0
161258,0.12573271763512484,0
57344,0.12573250069912803,0
167952,0.12571954465360452,0
166070,0.12569326883848314,0
172085,0.12569045913616525,0
165312,0.12568857576198722,0
164366,0.12568210121392925,0
168530,0.1256766279155389,0
165234,0.125666906511809,0
163924,0.12565963892400056,0
161719,0.12564490252394173,0
164606,0.12563519942966073,0
165625,0.1256286817514377,0
161870,0.125615428791427,0
170957,0.12558507489028536,0
164250,0.12557275387970918,0
164403,0.1255700302639096,0
169597,0.12553527130494302,0
170377,0.12552470298949897,0
171906,0.12552456402695364,0
168387,0.1255228535487191,0
167265,0.12551950090292388,0
162311,0.12549571087829747,0
164204,0.12546532877786515,0
169590,0.12546387971232584,0
162475,0.1254624677185017,0
17613,0.1254611542877346,0
165297,0.1254610698567585,0
160408,0.12544563739484293,0
167214,0.1254445397035637,0
165334,0.12543462929354462,0
160375,0.1254291341625077,0
82238,0.12541213937053872,0
168586,0.12535323086169547,0
165482,0.12531721129631712,0
165193,0.1252994472632816,0
169507,0.1252888274411741,0
169807,0.12528164727716762,0
170190,0.12526742316897577,0
167332,0.12514394997504386,0
165322,0.12512389419410946,0
170478,0.12508112311159236,0
162135,0.12507654615941258,0
170725,0.1250545319784199,0
165120,0.12503684419207212,0
169805,0.12503187474704278,0
171265,0.12502625440549356,0
167342,0.12502485128358898,0
172112,0.1250213195925425,0
162345,0.12501370753866228,0
164790,0.12498921422335145,0
166992,0.12493875771394931,0
22701,0.12492809915661549,0
162273,0.12492290303956237,0
9842,0.12492155979675361,0
170475,0.12492020109045876,0
166495,0.12488308256734575,0
168413,0.12486412188430825,0
169290,0.1248505333281114,0
168587,0.12484496772589332,0
165727,0.12480191942473455,0
101407,0.12479983336119464,0
33694,0.12479368344257424,0
165476,0.12479050456522622,0
169521,0.12478490144564344,0
163629,0.12476838064846225,0
163266,0.1247460472003216,0
165070,0.12472301708934284,0
163750,0.12466528305427663,0
7076,0.12464843444619379,0
166381,0.12464625206329434,0
167530,0.12464306552799423,0
165461,0.12460591024274188,0
171692,0.12459631811335292,0
167599,0.12458993023184817,0
167637,0.12453002018796029,0
164585,0.12452708486123472,0
164069,0.12451097246682924,0
164219,0.12448134401565951,0
170832,0.12443023515934296,0
164554,0.12441344652533565,0
162220,0.1243796545044271,0
169580,0.12435544139396461,0
163437,0.12435416629967871,0
167609,0.12430479191576647,0
160621,0.12429901538690913,0
171658,0.1242958885429188,0
167984,0.1242737654040877,0
166938,0.124256762068944,0
169491,0.1242074165176878,0
166991,0.1241578096739651,0
164563,0.12414322555685255,0
165693,0.12414126804080414,0
168723,0.12413175952854756,0
3895,0.12412524948544236,0
165780,0.12411964807639517,0
167578,0.12411098690073366,0
167408,0.12409519852927632,0
165730,0.12407288014407966,0
160659,0.12404850946085386,0
162732,0.12400918485393773,0
160807,0.12400212681367738,0
162339,0.12398233037047383,0
168641,0.12396699798433589,0
162211,0.12393461056645763,0
169203,0.12390197124581388,0
166026,0.12388539010352612,0
168690,0.12385873976403954,0
165640,0.12384990393076138,0
166146,0.12384914254210923,0
171953,0.12381551322718276,0
28982,0.12380973039266807,0
165678,0.12378778446274827,0
165552,0.12378066951770865,0
161383,0.12378052782899372,0
166145,0.12376462826069295,0
170724,0.12376430783577322,0
163246,0.12370445901130697,0
170966,0.12368950050390795,0
171899,0.1236799943165173,0
172056,0.1236552486607686,0
166853,0.12365373499668328,0
163279,0.12364784421156653,0
171398,0.1236195630217937,0
169622,0.12361401361478916,0
166610,0.12359567401028386,0
171803,0.12356776211962697,0
166592,0.12355004251638996,0
162486,0.1235327911873267,0
38390,0.12352649595898246,0
163100,0.12351697719914927,0
163902,0.12350419712879876,0
167367,0.12346986354312364,0
165878,0.1234602632291779,0
167505,0.12344507665404716,0
163883,0.12343859972360866,0
168528,0.12340021637856638,0
164616,0.12338513656827602,0
165771,0.12337990072079498,0
35287,0.12337147170671559,0
10589,0.1233479160546038,0
169129,0.12333538527683566,0
166792,0.12333083071175659,0
82185,0.12332903889884676,0
171271,0.12332672956198236,0
168050,0.12329636430721132,0
165021,0.12328712283221355,0
161054,0.12326189785879113,0
161183,0.12325472611613361,0
162186,0.12325178258449329,0
163681,0.12324368576304183,0
171093,0.12322248238204656,0
165128,0.123218186283117,0
170758,0.1231843657640244,0
2681,0.1231685729549501,0
171103,0.12315677615116001,0
170824,0.12309683171829033,0
170876,0.12309662039125882,0
166598,0.12308053250533489,0
160561,0.12307098337370201,0
161011,0.12306531304261102,0
163977,0.12303501066863255,0
166012,0.12303446636228901,0
161788,0.12297846951193876,0
171806,0.12296742821977374,0
171725,0.12296735912513122,0
162845,0.12293465633211653,0
172049,0.12291269487474456,0
170650,0.12289666434585443,0
163707,0.12289258731583519,0
165819,0.12289163584201421,0
164685,0.12289018812479577,0
167255,0.1228812599083828,0
161299,0.12283151048055209,0
171988,0.12281485938916077,0
164463,0.12281151844378406,0
166962,0.12278300261542104,0
103167,0.12276965086653895,0
167323,0.12275933034424576,0
170959,0.12275829909472119,0
163494,0.12275060098955286,0
162044,0.12272193527770821,0
167087,0.12270535416838686,0
161405,0.12270042731941522,0
163166,0.12269955294451834,0
167796,0.12269921640440769,0
168708,0.12261704428838764,0
171935,0.12261552952003937,0
164271,0.12260050639795692,0
160270,0.12257423006208286,0
161488,0.12254897897010948,0
165995,0.12254825578154897,0
161288,0.12254784820537265,0
162995,0.1225309950248028,0
166251,0.12252351296042564,0
164126,0.1225131324304275,0
169054,0.12251031695387866,0
165990,0.12247075352009133,0
168365,0.12246657933217935,0
161097,0.12245453553950023,0
171178,0.1224448638638097,0
166574,0.12242795345614751,0
166718,0.12242417012036237,0
168293,0.12235881214541355,0
160349,0.12235787496505787,0
161008,0.12234050191560325,0
167427,0.12231760323541728,0
171531,0.12230734513399075,0
162047,0.12228568243295333,0
21436,0.12228162984773389,0
105320,0.12220348812916156,0
70464,0.1221977284138602,0
162526,0.12218792356148261,0
170761,0.12218743227276706,0
169711,0.12215881158188067,0
166226,0.12215385046178462,0
171404,0.12212766651567564,0
166430,0.12212118812018374,0
164660,0.12211665870291256,0
160378,0.12209157951220262,0
161524,0.12208269683376849,0
160486,0.12206333007263616,0
169776,0.12203802212224835,0
161336,0.12203767279898424,0
162913,0.12203684535903882,0
165380,0.12201702602649453,0
170733,0.1219758541812729,0
31411,0.12194858789930718,0
164005,0.12193935008262054,0
166747,0.12193366329491541,0
162053,0.1219327720352039,0
161606,0.12193173486001212,0
166254,0.1219147485067967,0
162314,0.12190343844603356,0
162199,0.12188541853521276,0
167605,0.12186486671523827,0
168936,0.12185789884225526,0
112471,0.121826365200118,0
165098,0.12179460209036554,0
166148,0.12178921625729032,0
166027,0.12176826744891983,0
168358,0.1217660894624534,0
165167,0.12175569929070401,0
166556,0.12175446463589994,0
169542,0.12172178164108415,0
168222,0.1217100199844574,0
163298,0.12170481475798468,0
165623,0.12168493807978023,0
161875,0.12167583129398765,0
163045,0.12165539564861297,0
60800,0.12160001849922952,0
165310,0.12158553095103757,0
164596,0.12157173163128092,0
162391,0.12156678350356323,0
160577,0.12156182682922355,0
164950,0.1215323309896543,0
163676,0.12152592501431707,0
168557,0.12149730055000826,0
163003,0.12149725177853968,0
170859,0.12142968509625346,0
166181,0.12142306529926593,0
169416,0.12140800667628898,0
2010,0.12137952047633271,0
163447,0.12135480989609572,0
169723,0.12135276823992996,0
163174,0.12135246986813164,0
167133,0.12132914178312054,0
168362,0.12131647566394342,0
172080,0.12129037873792022,0
168620,0.12127539623579052,0
171366,0.12124901505663827,0
164026,0.12117418646827757,0
163099,0.12113852836324071,0
169799,0.12113455903952781,0
167656,0.12110477285582755,0
160411,0.12110266027649061,0
162094,0.12110230436281541,0
171985,0.12109710038695572,0
169675,0.12106677799314164,0
170768,0.1210655767248697,0
162698,0.12105393558072097,0
170903,0.12105183035576421,0
161885,0.12101383455094324,0
164444,0.12100853425771034,0
171958,0.12099817099992713,0
166323,0.12099040010448131,0
161217,0.12099022571554532,0
165959,0.12097359960582267,0
160483,0.12096831372177157,0
163588,0.12094905391213955,0
171219,0.12092076858342368,0
167662,0.12091710773557425,0
162212,0.12090824674470364,0
167004,0.12084951994720836,0
165861,0.12082002862979323,0
171130,0.12077415466362858,0
16085,0.12076932284131543,0
163656,0.120757288029932,0
165345,0.12075253722511772,0
48036,0.120730361891516,0
171339,0.1207222744984452,0
162632,0.120704355361306,0
171518,0.1207014078010544,0
169755,0.1206870178969528,0
161517,0.12067975550278716,0
76757,0.12066433665596235,0
165891,0.12066031727963153,0
169710,0.12061171847616145,0
75237,0.1205294368133764,0
164469,0.12052642241108004,0
7890,0.12050618433698447,0
169579,0.12050374547542002,0
166268,0.1205018594683594,0
163251,0.12048953811905384,0
163849,0.12045521638018292,0
169643,0.1204409048094582,0
170952,0.12043621095726634,0
167339,0.12042714162989379,0
169859,0.12041318367385784,0
169002,0.12040655192425308,0
161916,0.12040027405379894,0
168651,0.12038955890420326,0
172044,0.12038666171919502,0
169274,0.1203857414738424,0
161608,0.12037361677206444,0
162611,0.12036344975265753,0
101323,0.12036021782994254,0
163955,0.12035392745059478,0
169652,0.12032959330262931,0
162335,0.12032483759161325,0
160599,0.12032092669177216,0
161298,0.12030401528085206,0
165035,0.12024965666824212,0
162466,0.12024855410005705,0
161304,0.12023587077642044,0
169679,0.12021172081772304,0
76667,0.12020477579063005,0
167447,0.12018264482913656,0
164894,0.12016648922634098,0
164635,0.12016304881447111,0
165903,0.1201212221683274,0
162102,0.12011624445166906,0
163390,0.1201148745781682,0
164494,0.12010771222153376,0
169938,0.12005724021700474,0
168943,0.12005270112962141,0
169393,0.12002919006219871,0
169266,0.12002020365856716,0
162765,0.12001211573308064,0
168606,0.11999643180592073,0
170807,0.11997105075810334,0
162330,0.119969670507208,0
166391,0.11988218963632871,0
160435,0.11988079407899732,0
161805,0.11987727935786147,0
168125,0.11987098724067355,0
167553,0.11986405901402927,0
169762,0.11985641925904666,0
168809,0.11984715407115944,0
170269,0.1198416582674488,0
165301,0.11983553716737738,0
170553,0.11979764946702569,0
165758,0.11979206709080828,0
171738,0.11975531439281761,0
169418,0.11975451686653116,0
171924,0.11975217981750594,0
167106,0.11974020579296397,0
162581,0.11970910269762781,0
16438,0.11969953776852282,0
167310,0.11969570334729807,0
171546,0.11969272357916137,0
168447,0.11969244320081891,0
172093,0.11965550234479938,0
166253,0.11963257225330026,0
165339,0.11961818581522797,0
165429,0.11957178976958739,0
162514,0.11956902987563714,0
168719,0.119547505236638,0
160847,0.11951875617580353,0
170848,0.11950388584330206,0
162231,0.1194892835110111,0
95112,0.1194793146647774,0
160509,0.11947187577048103,0
161223,0.1194671443411681,0
163790,0.11945947294546837,0
167042,0.11944556317771385,0
164553,0.11943807093901514,0
164953,0.11942255827529807,0
163607,0.11941737962811651,0
161543,0.11941396049999346,0
162092,0.11941258310259716,0
170150,0.11941193443201763,0
163248,0.11939508711933937,0
163711,0.11939447934237006,0
165794,0.1193936324846109,0
166844,0.11938401094136795,0
161769,0.11936628304053862,0
168146,0.11932616150667769,0
170134,0.11932052299577839,0
162754,0.11930496709338992,0
163537,0.11928313236267521,0
160431,0.11928102423836638,0
171296,0.11927767617234619,0
166419,0.11927728853049466,0
162308,0.11927632118986883,0
171860,0.11922096320246428,0
170001,0.1192042860750121,0
163254,0.11918743680793442,0
166998,0.11915966007405732,0
164740,0.11915065425584974,0
167171,0.11913802226122173,0
56400,0.11912655636068475,0
162354,0.11912415061651407,0
164797,0.11912395412902961,0
161845,0.11912369958768487,0
165389,0.11911969977739298,0
161377,0.11911216729561237,0
164280,0.11910055603574732,0
161752,0.1190775150353038,0
170637,0.11906507020520443,0
165018,0.11903549950308794,0
163594,0.11898826370697252,0
171110,0.11898069429184199,0
172107,0.1189734146632248,0
169769,0.11897322527589595,0
169838,0.11896524304742565,0
163362,0.11896237468215935,0
170298,0.11894010847540512,0
163315,0.11893226240013388,0
34484,0.1189187887264041,0
170234,0.11890182697564043,0
167228,0.11888512872424906,0
171446,0.11888461194350187,0
165884,0.11888247569687888,0
160294,0.11887690683479751,0
166461,0.11886463719061983,0
171959,0.11886020598448939,0
108898,0.11885919672266176,0
168741,0.11885684797668312,0
161636,0.11880436984828986,0
166285,0.11878998894567305,0
162737,0.11877681523875633,0
168370,0.11877068419177893,0
162728,0.11876544546257928,0
170495,0.11875371324088539,0
164915,0.11874733001056915,0
162702,0.11871867318933287,0
163218,0.1187056640034369,0
71852,0.11867838399904253,0
167118,0.11866615871772711,0
169016,0.11866068774564577,0
37105,0.11863172082242522,0
171326,0.11859858900558928,0
169876,0.11858936807766406,0
161975,0.11857703380762649,0
161774,0.11855101325888535,0
168053,0.11854454752695211,0
166016,0.11853835661078285,0
160308,0.11852187132882222,0
17620,0.1184681768566412,0
161852,0.11846261034403298,0
160671,0.11845756342802582,0
168278,0.1184337194462298,0
164802,0.11840990466484498,0
161691,0.11839611942954735,0
166315,0.11839489970889626,0
165879,0.11838075547741897,0
170673,0.11837840257065078,0
168583,0.11835997411803367,0
88667,0.11834183512462618,0
162074,0.11831172432819305,0
48237,0.11829234578359087,0
160399,0.11828947815916424,0
160586,0.11828504749276639,0
169551,0.118279195130135,0
168028,0.11825621300787341,0
160456,0.1182553894248831,0
166570,0.11823452189073672,0
171142,0.11823328631451305,0
161319,0.1182314146536782,0
162491,0.11822832205591066,0
170199,0.11821827115437189,0
160619,0.11821102529067926,0
166622,0.11817107199389372,0
169099,0.1181564741608848,0
171812,0.118147987871372,0
161132,0.1181317399190828,0
164661,0.11812973965726443,0
160977,0.11810421702288226,0
163518,0.11809812763984759,0
167945,0.11809454445451774,0
169230,0.11807872545884937,0
167237,0.11806868571053668,0
165567,0.11806608884498734,0
166529,0.11805994630106847,0
162963,0.11805972054543835,0
168166,0.11805454786034973,0
162479,0.11804825538386168,0
168269,0.11803889719271972,0
162429,0.11802785191089984,0
169666,0.11802549409271296,0
170663,0.11801001783287902,0
10,0.1180089236952248,0
69857,0.11798557148367504,0
160654,0.11797100529872055,0
163116,0.11793962011192,0
162017,0.11791000504692854,0
170368,0.11790393648061008,0
170179,0.11788388642039206,0
161411,0.11786276072644739,0
168694,0.1178154897493015,0
168762,0.11779662041027636,0
38469,0.11776475557763441,0
169668,0.1177465081099491,0
170156,0.11774576305867092,0
171363,0.11773098449220161,0
161415,0.1177077570621611,0
161497,0.11770023293013547,0
164499,0.11769346918539307,0
163305,0.11768375819600704,0
169797,0.11766568432033796,0
170239,0.11763098532786534,0
169634,0.11762108228025653,0
168343,0.11761726273228958,0
171028,0.117598195010741,0
163620,0.11756842672402579,0
171933,0.11755973764813109,0
169384,0.1175517167191472,0
169159,0.11753679346720994,0
169407,0.11752826109915512,0
168781,0.11752023590506266,0
169687,0.11751097360415333,0
169316,0.11744863020895606,0
160650,0.11742478578327704,0
161294,0.11741196737696498,0
164620,0.11740817422269305,0
162589,0.11740484530910819,0
169655,0.1173903192975629,0
164404,0.11735510016431054,0
165742,0.11735489483045933,0
167155,0.11735413441696664,0
170072,0.1173472990185557,0
167276,0.11733916934962708,0
170501,0.11733795483114817,0
169900,0.11732598830004717,0
170536,0.11730910573260853,0
161017,0.11730121150532447,0
172020,0.11729666472161926,0
166176,0.11728512177712527,0
170968,0.11726109990809824,0
165759,0.11722873233352928,0
170364,0.11720700387634295,0
162580,0.11720624139137734,0
160913,0.11720307299540994,0
96380,0.11719632522353615,0
163208,0.11718713626275294,0
164001,0.11717386348833025,0
168778,0.11717241634202227,0
112476,0.11716565603463246,0
162122,0.1171562027023845,0
105781,0.11714924608728171,0
162837,0.11712469900861955,0
164665,0.11712133569719793,0
162268,0.11711756225643326,0
171612,0.11711669472122999,0
166857,0.11707533742103948,0
170734,0.11705065223761969,0
168818,0.117050278142239,0
163566,0.11704614946620792,0
162483,0.11703891362091043,0
171429,0.1169972065477403,0
169929,0.11699043605353937,0
164694,0.11697260065530944,0
168965,0.11695086511879418,0
164110,0.11693945103235073,0
161312,0.11693685025982521,0
172119,0.11692559020056753,0
165874,0.11692262453459196,0
171119,0.11689018064686121,0
163366,0.11686584681577077,0
165743,0.11685561250042209,0
162973,0.11685095346396177,0
170375,0.11684527318410402,0
171453,0.11684407003835288,0
170517,0.11683216604106443,0
162078,0.11681320014871953,0
169350,0.11681267272002187,0
161173,0.1168116461977084,0
171070,0.11680459306542658,0
170697,0.11679854406964614,0
169000,0.11678152938595532,0
163480,0.11675828723588373,0
169887,0.11675051082473183,0
161306,0.11670675792220846,0
166923,0.11670580794492241,0
168154,0.1167037374753149,0
170783,0.11668271506845568,0
163760,0.11667761246670338,0
167980,0.11662533200602632,0
170260,0.11662335402501796,0
169411,0.11662179124546831,0
170026,0.11661185776486499,0
161634,0.11658026469848282,0
164566,0.11657641959318257,0
170208,0.11657545411600302,0
168086,0.11657209012828998,0
166897,0.1165504170140962,0
170970,0.11654682586575986,0
162443,0.1165410969679863,0
170546,0.1165251844058305,0
165022,0.11651133127119308,0
168170,0.11651046334299027,0
160812,0.11650743131645977,0
161755,0.11650404649439199,0
165044,0.11649590426256587,0
165152,0.11647199314176605,0
169857,0.11644870109307479,0
167516,0.11643168549388803,0
162847,0.1163991918216576,0
168131,0.11637394772474582,0
168342,0.11634545067496113,0
166289,0.11633830341757961,0
164988,0.11631088560515476,0
162674,0.11630325125742008,0
162680,0.11629190155705885,0
95515,0.11628448403890881,0
163032,0.11626244635970397,0
168312,0.11625855875983696,0
165769,0.11622735224994246,0
167867,0.1162006872018062,0
162026,0.11617985363537868,0
171747,0.11617247669799904,0
12726,0.11616909161477858,0
160281,0.11616862440038205,0
165674,0.11616226442152991,0
165407,0.1161618066824236,0
170827,0.11615772655627796,0
169613,0.11615741925336592,0
167913,0.11613702346920404,0
163338,0.11612061398302137,0
167169,0.11611884964373627,0
4199,0.11610250158449052,0
171368,0.11610085120516524,0
166348,0.11609939715395794,0
171380,0.11608246689455642,0
168049,0.1160609785992369,0
162462,0.1160551786052717,0
164447,0.1160420018468336,0
171652,0.11604185405520234,0
167873,0.11602730529228171,0
165782,0.11600919362490776,0
162347,0.11600472634771475,0
163956,0.11598929692538401,0
163565,0.1159825220219794,0
166983,0.11597035844792628,0
171746,0.11597009977312203,0
165385,0.11596211203054954,0
165928,0.11595430979662905,0
166152,0.11595132745390743,0
164669,0.11595014395919617,0
171820,0.11592634920405279,0
170762,0.11592420280611046,0
167396,0.11591614817811556,0
163358,0.1159053263966956,0
167389,0.11589734645161187,0
170259,0.11589261771161657,0
168932,0.11586912190011121,0
165882,0.11586576108785974,0
164793,0.11586061931800268,0
167331,0.11584342762712335,0
160303,0.11583498248232739,0
46743,0.11582473740829552,0
163501,0.1158074065673483,0
162151,0.11580138455903725,0
166830,0.11578638853655325,0
166000,0.11577105450122054,0
168550,0.11576365066451984,0
163372,0.11574502702104122,0
170906,0.1157440591805615,0
170757,0.11573695877896471,0
165829,0.11572593744576032,0
160936,0.11572413252791738,0
171876,0.11571729964705585,0
168237,0.1157129589615136,0
164844,0.11566531036710248,0
165409,0.11565989412329768,0
161307,0.11564496236039731,0
167167,0.11563205764504296,0
161040,0.11562974707265855,0
160427,0.11561923725024546,0
166378,0.11560103722783752,0
166082,0.1155837610031978,0
171649,0.11557110433898568,0
165670,0.11555419851951437,0
49686,0.11555142744837216,0
162460,0.11552708137671419,0
162373,0.11552589956060742,0
166124,0.11551692504917874,0
166712,0.11550851648495325,0
160873,0.11549382663973984,0
167572,0.11545924675036848,0
161247,0.11544127588089245,0
162168,0.1154371341800034,0
167638,0.11543611057292723,0
171133,0.11535888980228601,0
60210,0.11534413256799611,0
164175,0.11532089242929504,0
170229,0.11532048948126322,0
167762,0.11531671104822616,0
169168,0.11528401946529117,0
164478,0.11526254081846969,0
165738,0.11526027422124599,0
167466,0.11525725817394696,0
167487,0.1152412476658232,0
162623,0.1152327321709201,0
162556,0.11523070492958094,0
163731,0.11521236205896375,0
160997,0.11515421584426665,0
69388,0.11514593634029356,0
162492,0.11514519550391278,0
169672,0.11512013592128198,0
160310,0.11511081981880293,0
162640,0.11510629949743875,0
167049,0.11509851926346984,0
165095,0.11509797787419167,0
28269,0.1150933405215929,0
162554,0.11509006263922562,0
162093,0.11508386222020746,0
164282,0.11507339470654399,0
168310,0.11507164265820993,0
170059,0.11506868451777622,0
161300,0.11506508563087602,0
164746,0.11503617463081266,0
161623,0.11501029897863223,0
164966,0.11497305466171448,0
161789,0.11493045038063694,0
165397,0.11492922947236181,0
163139,0.1149234147846658,0
171819,0.11491173555151925,0
160805,0.11489997487360956,0
167852,0.11489888417233982,0
172024,0.11489268043529055,0
170530,0.11484078064811265,0
171854,0.11483114595683808,0
166890,0.11481749468536902,0
167371,0.11481720267125185,0
163866,0.11479412698359123,0
168139,0.11479367167723244,0
163740,0.11479040473671923,0
168561,0.11478428378090018,0
171343,0.11477487652887898,0
167809,0.11474595168093185,0
161911,0.11474538074115642,0
166757,0.1147449587758369,0
160733,0.11474195149828399,0
166683,0.11473103753182494,0
160738,0.11471956994577832,0
166697,0.114695338691227,0
163341,0.11468920963793526,0
165917,0.1146882786465583,0
162374,0.11467819194640669,0
164622,0.11467041768162037,0
163830,0.11466872656522961,0
167612,0.11466328706728185,0
166541,0.11465976966289473,0
161003,0.11465963640051331,0
161819,0.11465410718230848,0
164046,0.11462889553242336,0
164198,0.11461956201208683,0
170814,0.11461590479639858,0
164924,0.11461221363771908,0
161155,0.11460222597799115,0
171230,0.11459891000128472,0
165109,0.11459889979999738,0
161241,0.11459740884423836,0
170468,0.11459137768747268,0
160690,0.1145811543447331,0
168337,0.11458098976499863,0
161800,0.11456615224754407,0
169493,0.11455762126868854,0
51982,0.1145531243321199,0
170457,0.11454799969660265,0
164674,0.1145362425071252,0
171761,0.11453528014115631,0
171696,0.11449256229239807,0
162541,0.1144818380475393,0
168610,0.11447806592819794,0
165579,0.11447788643140136,0
167152,0.11446658799404691,0
171118,0.11446189488004062,0
166597,0.11446005719412125,0
169109,0.11445024694985527,0
165401,0.11444354491175686,0
166865,0.11443881929665936,0
163213,0.11443442094615504,0
167792,0.1143965137121758,0
162126,0.11438828464857746,0
163393,0.11436330648992228,0
166062,0.11436159799129553,0
161187,0.11436065228421141,0
161492,0.11435969456115093,0
169798,0.11433647693146072,0
71250,0.11432495745259476,0
162459,0.11427926141511445,0
169047,0.11427790092861458,0
170449,0.11427000292947913,0
165222,0.11424569732756688,0
163222,0.11423123648086125,0
166734,0.11422408182011266,0
164480,0.1142213544387631,0
166443,0.11421989758043616,0
163961,0.11421647612564305,0
164391,0.11419331499388556,0
171080,0.1141713728239968,0
166123,0.11416415467201241,0
162530,0.11414751673868782,0
167511,0.1141440682040845,0
170979,0.11414361316827412,0
167881,0.11414345535355391,0
171052,0.11413493543046822,0
169917,0.11407732976738377,0
171464,0.1140531715825166,0
164743,0.11404355342380554,0
167833,0.11403702947593086,0
170496,0.11401967490631967,0
163008,0.11401508851504245,0
30792,0.11399068838664124,0
170074,0.11393356030242753,0
26164,0.1139266761587483,0
8799,0.11389556049969667,0
167031,0.11388423804093328,0
168468,0.11388372496782274,0
168646,0.11387222077621448,0
170477,0.11386865852551088,0
163422,0.1138623839113766,0
81195,0.11385486278679076,0
32711,0.11383107036833415,0
167050,0.11380656483661378,0
164823,0.1137773220605349,0
163923,0.11377430890653568,0
4637,0.11377360193300895,0
169117,0.11376650455163248,0
162165,0.11376421118727678,0
76358,0.11376018781536953,0
168446,0.11375806522449854,0
171843,0.11375670898639194,0
170665,0.11374874478405468,0
162888,0.11373013308352715,0
170432,0.11372772477350908,0
171618,0.11368879404099674,0
171048,0.1136806365059676,0
168004,0.11367102899749595,0
169468,0.11366099027017217,0
170955,0.11360504471004124,0
165899,0.11359086821710335,0
171188,0.11358226054553341,0
34609,0.11356169267108591,0
171709,0.11356151174288867,0
165101,0.11356065128158273,0
163989,0.11355979040860849,0
162394,0.1135373902868035,0
164194,0.11353385511200677,0
168501,0.11352296352078943,0
161113,0.11350450831539854,0
171105,0.11349721970349069,0
165483,0.11347480615215003,0
41841,0.11346964940402761,0
170912,0.11346760195517507,0
163968,0.11346201432056538,0
163230,0.11345436303593943,0
163467,0.1134519979853051,0
162903,0.11343701614513652,0
170886,0.11343464288644182,0
161872,0.11343408535618993,0
162331,0.11342038462682594,0
161604,0.11335417638343645,0
161809,0.11335083710713144,0
164891,0.11334707039880307,0
169520,0.1133444016986935,0
165710,0.11332505324030592,0
166920,0.11330577886698737,0
171992,0.1132923230790191,0
19216,0.11327668163752669,0
161146,0.11326167793507809,0
162905,0.11326039813605329,0
162421,0.1132588413151865,0
167369,0.1132448902772567,0
167205,0.11323118702083394,0
166787,0.11320887770303792,0
162761,0.11318768290353275,0
171805,0.11318047045650376,0
165124,0.11315690562283937,0
167841,0.11315053542704889,0
162404,0.11311286947709198,0
169525,0.1131036857430905,0
168850,0.11308243878983393,0
167954,0.11307566847208052,0
170810,0.11306975992988773,0
160329,0.1130691210899321,0
169961,0.11305542905672382,0
163256,0.11305520267589789,0
169616,0.1130330749038485,0
166230,0.1130277877278763,0
167698,0.11302773641166294,0
160276,0.11302516101684229,0
166665,0.11299186065728026,0
170304,0.11299140697464707,0
106249,0.11296418666689,0
167817,0.11295742146064533,0
161073,0.1129401458434209,0
171129,0.11291989803701546,0
161270,0.11290879732386021,0
170658,0.1129082036220956,0
168469,0.11289927377748772,0
98354,0.11289774149608958,0
170286,0.11285586002242623,0
169642,0.11284691655807708,0
171114,0.1128185914405342,0
10417,0.11278924344483734,0
166829,0.1127871001894627,0
167896,0.11277805561749064,0
171148,0.11277655629510755,0
169659,0.11277204937126316,0
166522,0.11273565354178913,0
163214,0.11271459016347256,0
165207,0.11271161256848221,0
166432,0.11270257205533565,0
4358,0.11268592123055993,0
161410,0.11265657467573947,0
165233,0.11265115123641294,0
160355,0.1126400334221359,0
168731,0.11262283819664559,0
160672,0.1126109539373244,0
169888,0.11260533317695136,0
169172,0.11259788014553486,0
161066,0.1125951027566642,0
167864,0.11257429513587716,0
163934,0.11257247146184632,0
161023,0.11256470376316598,0
171476,0.11256273211348355,0
169363,0.11249051216594155,0
165142,0.1124815232281065,0
169853,0.11246465399202542,0
167247,0.11245961029316962,0
167613,0.11245228523099272,0
163217,0.11245110786359314,0
19129,0.11244116909004506,0
166907,0.11243511718480051,0
162985,0.11241014734899134,0
24461,0.11238178324807922,0
160487,0.11237626160987903,0
171767,0.1123709566244251,0
165303,0.11235983975592136,0
160545,0.11235010210203221,0
167378,0.11234811407534362,0
163778,0.1123413423395023,0
163022,0.11232481350336869,0
166142,0.11231944587676643,0
171941,0.11230903284575396,0
160686,0.1122985389092687,0
169639,0.11229173143779954,0
163050,0.1122896608516381,0
10403,0.11228794465029099,0
162065,0.11225266815390107,0
161939,0.11224721357389938,0
160568,0.11221327646119499,0
170176,0.11220643655246969,0
169046,0.11217831129664252,0
167897,0.1121760936127439,0
167110,0.11216604769160558,0
165191,0.1121509732654731,0
170487,0.11214743704116564,0
165155,0.11213364702760642,0
164543,0.1121301167307228,0
171498,0.11211503005263367,0
160517,0.11210650511048949,0
167266,0.11209147679002078,0
170781,0.11207147504780214,0
164977,0.11206876924032755,0
161314,0.11205783267935075,0
164376,0.11205629061314212,0
160534,0.11205135806335056,0
94759,0.11203315185995637,0
165601,0.11199791264563384,0
170321,0.11199337726849826,0
168076,0.1119920068325124,0
164146,0.11198783081695117,0
162455,0.11198750671464706,0
165847,0.11197091696367287,0
161475,0.11195523450475163,0
163873,0.11195038848795849,0
164873,0.11194429381228399,0
166098,0.11194172095533103,0
171636,0.11191931334932519,0
163569,0.11191795238357083,0
162467,0.11191070650958031,0
164883,0.11190920045215938,0
169823,0.11190465746473759,0
168540,0.11188176137165916,0
161341,0.11187256907051632,0
169589,0.11186667852752893,0
167003,0.11186143943869588,0
166009,0.11184679713825885,0
166076,0.11182528046732604,0
49209,0.11180718297482482,0
166013,0.11179707982568575,0
165901,0.11178734526547457,0
170935,0.11178646699499094,0
170479,0.1117833276940925,0
164014,0.11178272559918635,0
169337,0.11178267910771578,0
45118,0.11178118712136188,0
167253,0.11174997462080599,0
169269,0.11174794842870946,0
171285,0.11171453487484989,0
167056,0.11170654658822303,0
168560,0.11170596032407029,0
170564,0.11169149321859079,0
161704,0.11168522967276986,0
2846,0.11166968365702966,0
163291,0.11166403131239779,0
164540,0.11165660528819327,0
163446,0.11165004008940477,0
165833,0.11164644347641109,0
168077,0.11164119669486615,0
162456,0.11163705388942925,0
170766,0.11163335365334862,0
169952,0.11162167940341858,0
162414,0.11159049059100158,0
161811,0.11157857714219728,0
169795,0.1115679076555667,0
166221,0.11155398355892382,0
171153,0.1115208236777307,0
167857,0.11151841587894797,0
170819,0.11148824268358327,0
169667,0.11148073768016606,0
164237,0.11146248290580196,0
166634,0.11145548024712228,0
160351,0.1114338562455897,0
163069,0.111433712893541,0
168872,0.11142912880360868,0
169304,0.1114271194766409,0
169449,0.11141691365422206,0
163821,0.11140415119246484,0
161910,0.11135649508669589,0
166864,0.1113539167421701,0
163684,0.11134647960131869,0
164383,0.11134003725248125,0
165219,0.1113399123095379,0
103255,0.1113312443996808,0
166464,0.11133116326121471,0
164324,0.11132753753570306,0
166898,0.1113014085506186,0
167573,0.11129571200306627,0
168547,0.11129304644389793,0
160326,0.11128740700724286,0
164222,0.11126829363485932,0
166699,0.11125813478984717,0
166085,0.1112416543044158,0
161250,0.11123716042177692,0
171372,0.11123711261355677,0
171919,0.11123575373086149,0
170845,0.11122353864967739,0
169345,0.11120955456728727,0
167272,0.11120407365170898,0
161925,0.11119379684373669,0
168899,0.11118223824388287,0
165600,0.11118196852386952,0
100404,0.11117909160195265,0
167400,0.1111786002465187,0
165102,0.11115810661140516,0
168080,0.11115302733110655,0
169717,0.11114908834645562,0
165691,0.11114662950656351,0
164765,0.11113874556806087,0
29405,0.11112218419384234,0
168827,0.11111920399627216,0
167540,0.11110264165866202,0
167736,0.11109019645560674,0
166301,0.11107675246414822,0
160259,0.11106350747684755,0
160845,0.11105958151411977,0
169490,0.11104794546362183,0
168221,0.1110132453760511,0
170621,0.11101153253866251,0
170856,0.11098515204458763,0
168564,0.11098276683060976,0
164829,0.11096790763498653,0
172035,0.11096686301908362,0
164787,0.11096053704960246,0
170038,0.11095874187725915,0
165442,0.1109457967772078,0
164273,0.11093912308764828,0
171023,0.11092962634760162,0
166931,0.1109097171717036,0
167146,0.11087504110713678,0
44629,0.11085110171169289,0
162006,0.11083388883892775,0
162906,0.11083238930112337,0
171947,0.11083169500817397,0
171117,0.11080887257121616,0
164996,0.11080556010492483,0
170414,0.11079383729940925,0
167327,0.11076447480198888,0
162961,0.11074764874757703,0
160354,0.11074204410996251,0
168983,0.11072751492725157,0
168567,0.11070429549470176,0
171449,0.11068098136934718,0
168903,0.11067243476145396,0
168782,0.11066720950997769,0
168805,0.110642416269829,0
169025,0.11062277771568496,0
167231,0.11059284187936722,0
160651,0.11055758230433639,0
160848,0.11055362129715653,0
165790,0.1105355997635168,0
161125,0.11053487204447678,0
163746,0.11053367645821606,0
161287,0.11051839710433058,0
167905,0.1105128994176764,0
161007,0.11050749856987073,0
166751,0.1105073187050757,0
168526,0.1104985757667486,0
170947,0.11046514802395883,0
162177,0.11045079509512591,0
161373,0.11044429553361729,0
169255,0.11043599967111338,0
168861,0.11042943699934764,0
165981,0.11042870103279834,0
163722,0.11042585900470528,0
168096,0.110419337819666,0
171957,0.1104075677971808,0
162485,0.11040509367766219,0
171582,0.11040157135081252,0
171108,0.11039796121357451,0
169678,0.1103914142096604,0
163263,0.11037881105435662,0
166307,0.11037397684345066,0
167190,0.11036817888111612,0
163765,0.11036640899224881,0
165198,0.11036035668685074,0
162711,0.1103596604406649,0
161999,0.11035758112373961,0
163599,0.11035643493712498,0
167960,0.11033230890218845,0
171734,0.11033089605210762,0
162618,0.11032858511505259,0
161072,0.11031308934772366,0
164753,0.1102982213919185,0
161445,0.11028412200225553,0
164513,0.11027818178903485,0
166547,0.1102709982491616,0
165449,0.11025566034595076,0
165965,0.11024933428699106,0
161549,0.11024573433198921,0
164647,0.11023294613364101,0
164063,0.1102326691621253,0
168769,0.11021831241342035,0
169371,0.11019612788558197,0
165487,0.11018508129359679,0
161385,0.1101850077537789,0
162772,0.1101748263538213,0
160955,0.11015896536372506,0
50649,0.11015763663788801,0
169036,0.1101412405208136,0
101573,0.11013644490765734,0
167971,0.11012386556110795,0
170068,0.11011533586755537,0
162987,0.11010443669136881,0
160492,0.11010028718287075,0
162783,0.11009864596211243,0
165931,0.11009259074505112,0
161149,0.11008301881102196,0
170048,0.11007056301800118,0
170579,0.1100679547784299,0
168939,0.11006350864446515,0
171061,0.1100536938790031,0
169715,0.11004693166359483,0
162925,0.11004054957829663,0
166090,0.11002932331886695,0
167245,0.11001839233485214,0
171748,0.11001722498845125,0
162290,0.11000799891355166,0
165821,0.10997862850626279,0
2043,0.10997591006588799,0
165873,0.1099613577641103,0
170543,0.1099564844244329,0
170159,0.1099563221179801,0
168284,0.10995168577131115,0
163660,0.10993713391644248,0
163289,0.10992841370028879,0
167712,0.10991984388957762,0
54363,0.10989618176387084,0
165736,0.10989506177687479,0
169868,0.10987940524690577,0
168806,0.1098779789843139,0
170712,0.1098740362696107,0
171969,0.10986105244831545,0
161548,0.10984695105892897,0
163465,0.10984106281489824,0
169434,0.10983941420114729,0
168479,0.1098006277818847,0
171887,0.10977293222265794,0
168740,0.10976626685761302,0
163563,0.10976360961650504,0
161235,0.10975894696139102,0
161679,0.1097585706960817,0
165967,0.10972644918328914,0
166022,0.10971811913571632,0
168502,0.10970567687312689,0
166566,0.10970426321802176,0
164181,0.1096968137527996,0
168856,0.10968578265422879,0
169733,0.10967791409513297,0
168235,0.1096691906265233,0
166201,0.1096677153556794,0
167532,0.10965290385262401,0
169461,0.10964929848242336,0
161028,0.10964494551349212,0
170902,0.10963971285492252,0
166647,0.10963674817685501,0
163784,0.1096191730220804,0
161231,0.10961019022913066,0
168092,0.10960980526617228,0
164281,0.10960761148193819,0
163623,0.10960337840938733,0
160959,0.10959943487120241,0
166540,0.1095781757191281,0
160374,0.10957496961027006,0
165799,0.10957290719887236,0
166040,0.10956834239703646,0
166330,0.10954231248259913,0
168439,0.10953856102416216,0
163694,0.1095380027458463,0
45403,0.1095309886403922,0
26686,0.10952577985297952,0
160675,0.1095084714594449,0
163949,0.10950370254121149,0
165825,0.10950157734734176,0
162796,0.10949297279734703,0
161190,0.10948863859366985,0
171403,0.10948561547073214,0
171591,0.10948187624605818,0
162797,0.10946310369688717,0
100320,0.10945450639698848,0
167491,0.10944755848746532,0
166092,0.10944514235888772,0
169379,0.10943151561497667,0
162175,0.10939933399668864,0
167941,0.10938088153949899,0
170250,0.1093784318927804,0
162158,0.10934982964479119,0
164052,0.10932309120059829,0
161605,0.10931985396200036,0
162532,0.10931658771616315,0
171431,0.10931150333521238,0
168364,0.10930797651230506,0
166191,0.10929534040318258,0
168611,0.10929234242620084,0
160282,0.10929200832502164,0
163844,0.10927195968465094,0
165704,0.10926939701507793,0
166934,0.10925076909447584,0
164816,0.10924522213105697,0
165942,0.10923236941832254,0
165017,0.109232265415321,0
162153,0.10920371804575624,0
163495,0.10919162326978529,0
169215,0.10918319038095432,0
171147,0.10918144662030521,0
167374,0.10916863950001686,0
160861,0.10916260088629498,0
103517,0.1091609299348605,0
165851,0.10912703120011588,0
168745,0.1091236688578171,0
168511,0.10912253885206673,0
172079,0.10911408813019782,0
167119,0.10910743418614958,0
160436,0.10909871537636526,0
164462,0.1090786609572752,0
160874,0.10906468528195032,0
167756,0.10903273345258133,0
160712,0.10901284562868124,0
164788,0.1090119647870362,0
170376,0.10901159353971286,0
171536,0.10900970958784907,0
166245,0.10898583716308408,0
166118,0.10898302103812064,0
163979,0.10896507276888329,0
165856,0.1089633061475984,0
166365,0.10896112630087068,0
170218,0.1089452054333856,0
168153,0.1089314936749502,0
161674,0.10889295217646243,0
167165,0.10888384939423892,0
164148,0.10888205971981274,0
169815,0.10888190556728816,0
164859,0.10887440690119585,0
164845,0.10886157671855722,0
168608,0.10886142029630234,0
164325,0.10884289851508365,0
161263,0.10883288504037718,0
161773,0.1088261218496001,0
162650,0.10882578403206306,0
170872,0.10881943044913214,0
171445,0.10880882517369177,0
160891,0.10879293665743674,0
165984,0.10879008118030759,0
168525,0.10879003995662817,0
166051,0.10878196166185278,0
168966,0.10878063619381058,0
168949,0.10877724480116546,0
164828,0.10875395317099955,0
166202,0.10875083758311826,0
170504,0.10874113146191236,0
168377,0.10873549647172763,0
166512,0.10873146546841365,0
94000,0.10873095644988041,0
160471,0.10871318176110123,0
162666,0.10870153341038877,0
161274,0.10869283339071974,0
168407,0.10868713781094781,0
170244,0.10865849641402221,0
165634,0.10865818537893851,0
162469,0.10865698033415162,0
164226,0.10865607525195545,0
162351,0.10865465748114851,0
161551,0.10865304498327052,0
160385,0.10861584024764011,0
167079,0.10859933716683735,0
171881,0.10859812562799415,0
5995,0.10858438398242647,0
171007,0.10858013174589766,0
170837,0.10857511220509669,0
171893,0.10857148526701356,0
171231,0.10855632556320875,0
168512,0.10855467273524519,0
170597,0.1085540808764685,0
168885,0.10855175708431604,0
161859,0.10851578844895421,0
167208,0.10849906685099356,0
168952,0.10849112727829917,0
164922,0.10848384675352686,0
106299,0.10846978105383265,0
162823,0.10844446578026583,0
161585,0.10844223433379097,0
165292,0.10843774900614418,0
165647,0.10843373633311278,0
171782,0.10841535046997818,0
165686,0.1084141858832576,0
167776,0.108403557077359,0
171096,0.10840135673611358,0
163847,0.10836037495929832,0
171407,0.10833188610584017,0
162142,0.10831588265654851,0
168801,0.10830283111341854,0
168984,0.10829502399984064,0
171628,0.10828062777652651,0
170440,0.10827089258643707,0
170248,0.10826533522425288,0
19235,0.1082567727453289,0
165220,0.1082334761715731,0
163167,0.1082175563165604,0
168133,0.10819159180445494,0
170428,0.10818700170061865,0
171844,0.10817438289152553,0
167496,0.10817257095586778,0
169706,0.1081528492285127,0
163859,0.10815170229124814,0
167804,0.10812529790251361,0
168128,0.10809749983510808,0
162786,0.108091993534953,0
166324,0.10808696119919879,0
171608,0.10807347575485848,0
161022,0.1080677286093013,0
170927,0.10805185594221652,0
168352,0.10804822818550515,0
166560,0.10804768888250608,0
165763,0.10804456895178317,0
163919,0.10803953239066352,0
162344,0.10801931639449071,0
165957,0.10801669662004548,0
169258,0.10801323443368391,0
168882,0.10800623247447053,0
167663,0.10799308963890965,0
167006,0.10798742553770989,0
160674,0.10797689369239628,0
169257,0.10797029998245297,0
166002,0.10796734725495853,0
163469,0.10796705434615325,0
167232,0.10795769842553088,0
162468,0.10795254383600916,0
164347,0.10794914764753007,0
161006,0.10794406060420314,0
168578,0.10794345155809901,0
169242,0.10793282479360776,0
168429,0.1079239404467658,0
164038,0.10790874807705376,0
167280,0.10790562608029845,0
163525,0.10790388877093968,0
165149,0.10789817152575801,0
167047,0.10787323463042763,0
84305,0.10785386785020831,0
164846,0.10783187659495076,0
162409,0.10781459577241068,0
166733,0.10781453767513206,0
169763,0.10781317529127737,0
166628,0.1078114328596076,0
168440,0.10781044361791854,0
164741,0.10779582815794088,0
162350,0.10776895800267423,0
169402,0.1077646706560669,0
161335,0.10774898087516689,0
162319,0.1077318408381096,0
160571,0.10772736078631624,0
166395,0.1077261046703668,0
165722,0.10772524542909546,0
171298,0.10772405114522492,0
160405,0.10772342191107992,0
163113,0.10771699415660799,0
161572,0.10771523293082892,0
164344,0.10770764912129643,0
161136,0.10769578087918402,0
163009,0.10768739117619923,0
171864,0.10768089886418296,0
160716,0.10766123272590458,0
56090,0.10763519852919244,0
170732,0.10761643956355378,0
163482,0.10759528898490431,0
170411,0.10758142472448635,0
165299,0.10756472551319936,0
169236,0.10755557233190213,0
163144,0.10754167848503005,0
165276,0.10754158456463069,0
168576,0.10753358900803522,0
169526,0.10753055559668404,0
163352,0.10752697828193906,0
169500,0.10751738217421708,0
54379,0.10750912029211669,0
160703,0.10750113112693635,0
168011,0.10748946941498351,0
166682,0.10747857480910498,0
168290,0.10747635213523712,0
170607,0.10747478141879349,0
171998,0.10747471886175768,0
166210,0.10746554690262475,0
163529,0.10745677535184717,0
169821,0.10743816852606725,0
165400,0.10742293907744772,0
162464,0.10742149627633284,0
160838,0.10741829976291464,0
162933,0.107406439653681,0
162240,0.10739618645951664,0
169417,0.10737063841554413,0
163475,0.10735118466848015,0
161677,0.10734110498339063,0
167458,0.10733569982707689,0
161302,0.10733082631608269,0
165514,0.10732968481462583,0
105217,0.10732421265135521,0
165796,0.10732227021444707,0
169086,0.10730799455204229,0
44872,0.10729952255997828,0
166413,0.10726024027251191,0
166805,0.10724867614826696,0
163697,0.10724634171701646,0
160832,0.10724507619008081,0
168259,0.10722424550800244,0
164587,0.10721951918602089,0
162727,0.10720483282539225,0
162427,0.1071921831420009,0
166968,0.10716498193497306,0
167789,0.10716167280014324,0
163520,0.10716009651041537,0
162724,0.10715756118249228,0
169516,0.10715125008011309,0
169221,0.10714497128277314,0
163016,0.1071413766972359,0
171276,0.10713927287159508,0
8952,0.10713605095819917,0
166876,0.10712941949223245,0
167362,0.10712603492678859,0
164605,0.10712212475596124,0
65095,0.10707528344603282,0
165350,0.10705146597271967,0
167876,0.10704864594407075,0
169385,0.10704782100566758,0
55889,0.10704733237794917,0
162982,0.10704600263243869,0
165969,0.10704396476790527,0
167895,0.107042962349181,0
167940,0.10703887537113663,0
170036,0.10702840519860467,0
160825,0.1070265084574179,0
168631,0.10702346969437504,0
171962,0.10702259458038957,0
163577,0.10702068962359926,0
162481,0.10701992569866073,0
162784,0.10701799339545323,0
162991,0.10701066887245926,0
170969,0.10700644307354638,0
167281,0.10699805956295534,0
161078,0.1069964469832631,0
163413,0.10698665965846656,0
168628,0.1069846000352893,0
162793,0.10698126350477435,0
161918,0.10697995243647238,0
168430,0.10697988644818802,0
160886,0.10697780957788183,0
169558,0.10693416945429263,0
161553,0.1069326957791196,0
171120,0.10691933718576813,0
164516,0.10690636652938271,0
164769,0.10690146051441289,0
164384,0.1068969830691983,0
163589,0.10688057630267381,0
164843,0.10688015466431253,0
163793,0.10686303882231014,0
166294,0.10685581781078016,0
161905,0.10685235776183237,0
169527,0.10683193127048084,0
166119,0.10682128123267633,0
161254,0.10680130318978802,0
161137,0.10679315554583621,0
7952,0.10676555529747453,0
169686,0.1067583572703482,0
170197,0.10674751209637251,0
160569,0.10673818436371492,0
169682,0.10673750030814592,0
161219,0.10671573444569737,0
170539,0.10671072553313043,0
162659,0.10668945911777804,0
169149,0.10668396909156412,0
60717,0.10668367308028047,0
164866,0.10666661513339099,0
171483,0.10666217221066682,0
160850,0.10665391515547111,0
162162,0.10664653804374552,0
167308,0.10663542818375445,0
171492,0.10662596714056,0
170591,0.10661889519456966,0
170350,0.10660141069232282,0
168010,0.10658705769950146,0
169223,0.10657103153178533,0
168179,0.10656809257264306,0
167229,0.10656490186432006,0
169602,0.10655529287219978,0
167081,0.10654780311079272,0
163424,0.10654670224492045,0
168541,0.10654157630904258,0
165908,0.10653466525365121,0
100262,0.10653328512742637,0
161297,0.10651457626136009,0
167113,0.1065096113529259,0
161293,0.10650575800696321,0
165379,0.10649482483717955,0
163019,0.10649454085973471,0
166153,0.10648989536368744,0
168677,0.10648929045450263,0
168601,0.10646824029643528,0
170695,0.10646328106385836,0
167066,0.10645205897508214,0
162307,0.10643902147324674,0
166299,0.10643400985301474,0
165170,0.10643275749110562,0
163611,0.10641750956834745,0
165789,0.10640909820961943,0
162393,0.10640557101133465,0
162944,0.10638649687592687,0
162759,0.1063832984059936,0
162966,0.10637797801655358,0
162641,0.10637769679568743,0
104619,0.10636000993532317,0
103160,0.10635137179200914,0
168253,0.10634249348186843,0
165783,0.10633501765087014,0
161566,0.10626577359230302,0
160930,0.10625142051016892,0
166772,0.10623687707451407,0
165588,0.10622408794183769,0
164800,0.1062222318386297,0
166758,0.10621981626390575,0
168976,0.1062092702932839,0
163702,0.10620045632731202,0
167473,0.10619563935638336,0
170611,0.1061933541565758,0
164036,0.10619297775972436,0
161500,0.10618296203225493,0
163969,0.10618111820375963,0
161703,0.10616974971774978,0
170559,0.10616895500926202,0
166889,0.10615615963828239,0
168618,0.10615592268753311,0
162321,0.10614024737132748,0
168569,0.10613247753984108,0
171759,0.10611787869371313,0
163228,0.10611383155023375,0
170386,0.1061111710994545,0
163749,0.10608815933968063,0
170938,0.10607719557051616,0
168519,0.10605612527383916,0
168065,0.10605347723366644,0
161767,0.10605212895242036,0
166701,0.10600760725456103,0
171890,0.10597688655019705,0
164385,0.10597334961252396,0
168148,0.10595495300668265,0
169803,0.10595428301846556,0
164202,0.10591508571303007,0
162289,0.1059111112294601,0
171216,0.10590420068087474,0
161366,0.10590310578945746,0
166332,0.10590067916724606,0
169757,0.10589907596630249,0
167686,0.1058984606929886,0
27733,0.10587928351513422,0
171816,0.10587216497738859,0
168047,0.10586102176432893,0
171882,0.10585186110617899,0
161637,0.10582796272529174,0
163696,0.10580377555957148,0
164813,0.10578757119226234,0
163056,0.10578017785091076,0
165896,0.10577565143441331,0
165490,0.10574714822044305,0
168301,0.1057384434232935,0
162448,0.10572881942149519,0
171695,0.10572841551117614,0
170097,0.10571634548145115,0
165037,0.10571302783307332,0
163636,0.10570041123048772,0
163395,0.10569819836264066,0
164002,0.10569039879823021,0
166087,0.10568849052266421,0
167444,0.10568241869342371,0
165513,0.1056783322001065,0
162715,0.10567669101027995,0
168901,0.10565519070564189,0
164572,0.10562365393587628,0
165296,0.10561504237032635,0
170713,0.10560777675150444,0
170822,0.10560681116186715,0
163874,0.10559028578270326,0
166670,0.10557456641629347,0
171961,0.10556189500084207,0
167393,0.10555991711392297,0
168098,0.10555323292119578,0
169707,0.10553835732014012,0
161699,0.10553526241543965,0
171776,0.1055278895102235,0
161547,0.10552121555533486,0
163199,0.10551861654630677,0
166194,0.10550686311180477,0
162310,0.10550318473283367,0
168184,0.10548189381793457,0
170690,0.10547660032236546,0
164971,0.10547653903481412,0
161857,0.1054703573213285,0
168633,0.10546785573980394,0
43749,0.10545942666659736,0
169644,0.1054432940056483,0
160876,0.10543979871451833,0
167321,0.10541460854788282,0
164211,0.1054086629428056,0
169765,0.1053800380927763,0
162216,0.10537496083150258,0
164223,0.10535681485261524,0
163425,0.10535509604159601,0
165534,0.10534178688602597,0
32546,0.10533363632741204,0
165256,0.10533280924013938,0
167997,0.10531627852584871,0
67126,0.1053142929955907,0
46875,0.10530601023301599,0
167655,0.1052911025703344,0
162080,0.10528955568194569,0
165110,0.10526699979853152,0
169732,0.10526526869638932,0
168773,0.10525162523014596,0
169712,0.10524603668454327,0
165852,0.1052432517727979,0
170965,0.10524057530289786,0
169843,0.10523750873959073,0
168306,0.10522797777183483,0
164174,0.10522221512942097,0
169909,0.1052217215588646,0
170293,0.10522137590991792,0
169967,0.10521580541487377,0
51314,0.10520346364947714,0
164907,0.10519195454603548,0
170000,0.10518691192159875,0
160317,0.10517825813063444,0
104361,0.10516425968911283,0
171419,0.10515702990072366,0
168956,0.1051349537329119,0
56116,0.10513364553148241,0
168438,0.10512371405655976,0
163190,0.10508351154013372,0
170926,0.10506863375140521,0
165988,0.10506620968026549,0
168713,0.1050590431369008,0
161763,0.10505017878572129,0
170116,0.10504466173701886,0
161822,0.10503951598951101,0
164731,0.10503710070038447,0
164979,0.10502637280728656,0
163044,0.10502220320069496,0
171909,0.10501241536711445,0
172054,0.10501100505123417,0
170829,0.10499402851133811,0
168232,0.10499401496183043,0
162527,0.10498530478887427,0
165267,0.10497830834001182,0
167095,0.10496349366698081,0
8790,0.10495148799232674,0
164045,0.10493350884691385,0
172029,0.10492704599093695,0
160500,0.10491346315997387,0
166125,0.10490138298359633,0
167286,0.1048938772370762,0
163078,0.10488681071864983,0
161893,0.10486873424576858,0
170573,0.10486838181337439,0
165713,0.10485990921750392,0
65676,0.10485946991637769,0
164252,0.1048325379613445,0
164137,0.10483172372180703,0
171325,0.10482845360808203,0
166786,0.10481755859431745,0
168193,0.10480946997142249,0
169630,0.10480625064207515,0
163224,0.10480358336195425,0
164683,0.10480225675262121,0
168950,0.10479324600215126,0
168590,0.10479322204517905,0
170497,0.10478780651734076,0
163155,0.10478623014575478,0
164381,0.10478378857970792,0
99967,0.10478167542720794,0
163458,0.10477793360911777,0
167306,0.10477492551784821,0
165798,0.10477069671560753,0
170843,0.10475324898842847,0
168409,0.1047484467504942,0
169606,0.1047290604410108,0
169314,0.10472568097138298,0
167704,0.1047220894467548,0
166548,0.10471916605947146,0
168199,0.1047144787206526,0
168999,0.10469752591007472,0
166767,0.10467784217035025,0
164272,0.10467116235680574,0
163431,0.10465486271832117,0
61899,0.10465351766456284,0
163616,0.10464583914413086,0
162546,0.10462834543088395,0
163206,0.1046252574907484,0
168839,0.10461828761856204,0
171859,0.10460544214806838,0
160462,0.10459453516954022,0
162403,0.10457547692569809,0
165232,0.10457143752252776,0
163183,0.10454644953271916,0
171821,0.10453351517940652,0
164837,0.1045290496628502,0
171928,0.10449678129354742,0
164283,0.1044949375654106,0
170182,0.10449198534751837,0
162774,0.10448717884468449,0
162542,0.10446819146031282,0
162994,0.10445946148964319,0
167328,0.10444868725687381,0
161956,0.10442879084939273,0
163690,0.10442371948704608,0
169376,0.10442163043740116,0
167643,0.10439644745342577,0
160472,0.10438995909033692,0
162534,0.10438497124359888,0
162008,0.10437848739669531,0
161583,0.10437621655539193,0
166807,0.1043758660743102,0
169556,0.10437314859089783,0
172045,0.10436289846497251,0
162493,0.10435775069307257,0
161051,0.10435276818739089,0
166533,0.10434833594686702,0
168190,0.10434425218403452,0
168886,0.10432831006258624,0
164136,0.10431885584560044,0
160275,0.1043162235869345,0
168273,0.10431475302701713,0
165900,0.10431467449087642,0
170473,0.10430048555787605,0
169984,0.10429831636305212,0
166463,0.10428510307587394,0
162329,0.1042793991961939,0
169941,0.1042518703404542,0
168516,0.10424947196756729,0
171344,0.10424748874767041,0
169954,0.10422988799954956,0
162897,0.10420224094543491,0
165538,0.10420030905190676,0
170347,0.10418476257338075,0
168546,0.10418218213106081,0
161612,0.10417321113820423,0
170327,0.10416387024377606,0
171940,0.10414944193272993,0
94770,0.10414365847132576,0
161203,0.10410602206495544,0
171773,0.10406320927471191,0
165192,0.10405875935459234,0
170167,0.10404225992844121,0
161820,0.10403271477176425,0
166481,0.10402586134377269,0
80197,0.10402134376649436,0
162781,0.10401285249995253,0
164485,0.10400965068371303,0
168959,0.10398731490551856,0
164853,0.10396752054308057,0
171866,0.10395573831637077,0
4724,0.10395274851395694,0
168574,0.10395083458782643,0
163823,0.10394291143503415,0
168274,0.1039267319637584,0
85653,0.10389885369033734,0
170437,0.10389695850135144,0
165911,0.1038948757212911,0
161824,0.10389222098323823,0
170162,0.10387447100598496,0
163461,0.10383691604823372,0
165694,0.10383565293852981,0
167657,0.10380858112809697,0
169469,0.1037952664061845,0
161323,0.10378516571104598,0
161388,0.10378066216383564,0
170742,0.10378033967181347,0
163996,0.10374912597873669,0
170549,0.10374097652441,0
161393,0.10372570122469153,0
167242,0.10371742067494635,0
162807,0.103716781926455,0
43086,0.10371131493423881,0
161616,0.10368170872193157,0
171743,0.10368116000274129,0
167860,0.10367364329865794,0
162245,0.10367163276897406,0
167166,0.10366312414422486,0
171292,0.1036578054008234,0
166651,0.10365491209709689,0
164317,0.10364922152842194,0
165316,0.10364691944458496,0
165499,0.10364372021983746,0
168431,0.1036430070271556,0
166180,0.10363712085623335,0
169735,0.10362480303500735,0
164338,0.1036210201045981,0
170763,0.10361697566053314,0
170196,0.10361672837215834,0
169550,0.10361612277090018,0
171894,0.10360493572151477,0
170236,0.10360114535264305,0
170216,0.10359856515398859,0
165549,0.10359104295762844,0
168963,0.10358543532560835,0
161582,0.1035807275039779,0
164228,0.10356679961743667,0
167874,0.1035356427980812,0
160725,0.10352191311123178,0
167222,0.10350921043858394,0
161542,0.10350314307557756,0
162999,0.10349508516988574,0
160668,0.10349331835638294,0
165227,0.10349013244497315,0
165577,0.10348308670101923,0
166936,0.10347837698747671,0
167009,0.10344347376833415,0
167746,0.10344007075964678,0
168013,0.10343981636658449,0
160565,0.10343597838607796,0
160785,0.10343522369141267,0
164179,0.10342418909562512,0
778,0.10342370651294229,0
171885,0.10342045827370551,0
171379,0.10341295809755996,0
172088,0.10341110635424909,0
165099,0.10339074179229192,0
170949,0.10338990313984073,0
164412,0.10338448086210976,0
160257,0.10338327741036975,0
167432,0.10337429492767278,0
171313,0.10336683559201378,0
172114,0.10335894080463,0
161650,0.10334890333477975,0
165174,0.1033359884296905,0
165966,0.10333567859926376,0
162141,0.1033261264686937,0
162081,0.10331558111888156,0
167216,0.103313763989623,0
4991,0.10330396565471255,0
164213,0.10330004358738488,0
170776,0.10329808170097557,0
170157,0.10328939932991764,0
170977,0.10326724538763335,0
164334,0.10326543906257983,0
162652,0.10325331827675872,0
169485,0.10324804326084033,0
163833,0.10324520133283888,0
162139,0.10324253038558596,0
169987,0.10324088006883148,0
169694,0.10323220072213608,0
166929,0.10321572509722757,0
169259,0.10320130454608362,0
161574,0.10319565532644252,0
166121,0.10319290374334024,0
161026,0.10317992307780849,0
161782,0.10317284595375208,0
171143,0.10315301303710209,0
165503,0.10315195916288006,0
170251,0.10315183257918593,0
16974,0.10314867952530114,0
162451,0.10314679887345958,0
162498,0.10314481960388674,0
161144,0.10314253969616205,0
163638,0.10313751380692035,0
164343,0.10312410192880249,0
161786,0.10311876087718394,0
170389,0.10310368657767935,0
171125,0.10309819643981291,0
166054,0.10309094992170212,0
161803,0.10307695683786632,0
166581,0.10307457784805192,0
168889,0.1030644301416404,0
167410,0.10305356796018193,0
170599,0.10302225784094779,0
169080,0.10301127635178045,0
164006,0.10298637251441896,0
165144,0.10298546529555926,0
171606,0.10298436812978501,0
165094,0.10297699893239315,0
165383,0.10297058004486354,0
164496,0.10296364612052178,0
166256,0.10296092258396582,0
167322,0.10295091018756705,0
23381,0.10294358437881618,0
167909,0.10293353650373459,0
166726,0.10291955663409032,0
165061,0.10291516277601337,0
161285,0.10291326761233013,0
166801,0.10290407086514265,0
161804,0.10290276503781196,0
170854,0.10287873739246105,0
166863,0.1028783521861784,0
160898,0.1028752376529228,0
171388,0.10286857118758154,0
170866,0.10285300889962187,0
36435,0.10284567678027876,0
168948,0.10284510967827645,0
170171,0.1028389683258883,0
160714,0.10283039717870045,0
168920,0.10282609114525389,0
163073,0.10282525264049916,0
170019,0.1028167911914573,0
163773,0.10281435898973927,0
46989,0.10281198653635533,0
170857,0.10279012601765183,0
164835,0.10278993463438556,0
160902,0.10278601048372689,0
168246,0.10277417861628833,0
161338,0.10277220377735277,0
167974,0.10275386012010242,0
165697,0.1027506787948259,0
162036,0.1027501832894409,0
161176,0.10273673177282341,0
164163,0.1027295302186157,0
170004,0.10272771490797344,0
160295,0.10272220798548727,0
166837,0.10272029003278156,0
161791,0.10269170716630019,0
164155,0.10266757491708595,0
30364,0.10265662166984432,0
171730,0.10264525917815603,0
170651,0.10264252576507243,0
164648,0.1026349640094024,0
161520,0.10263448646045546,0
168979,0.10262729186312215,0
163655,0.10262656750644973,0
37397,0.10262185810618271,0
169289,0.10262168804323714,0
171533,0.10261017582937734,0
172051,0.10259791723563529,0
169440,0.10259711651879162,0
161150,0.102591516546768,0
167354,0.10258962527467283,0
164568,0.10257607585983257,0
169806,0.10257256735711812,0
163089,0.10255594809644118,0
166390,0.10254757885384813,0
167099,0.10254649376240191,0
169522,0.10252673138526713,0
168320,0.10252617704142553,0
171184,0.10252456702854774,0
168714,0.10252446636643472,0
171751,0.10252445612877124,0
160657,0.10251792261946852,0
163871,0.10251159861525352,0
161966,0.10248826200810277,0
171543,0.10248529561710827,0
164579,0.10248517355370935,0
171563,0.10248399544311297,0
169473,0.1024727279789858,0
171851,0.10246818496253682,0
17338,0.10245851647476481,0
166523,0.10245800326954803,0
162731,0.10245230719116699,0
168515,0.10244677098392527,0
161216,0.10244084273346578,0
162252,0.1024365866438428,0
165605,0.10243533299741245,0
172068,0.10243153733153149,0
171902,0.10242437070316666,0
164968,0.10240195139656189,0
169126,0.10239842239482552,0
166038,0.10237569825309907,0
160601,0.1023696706021155,0
167499,0.10236038384806286,0
171903,0.10235901124462156,0
44751,0.10235894270260461,0
165041,0.10234097047295788,0
172034,0.10232639406395688,0
167778,0.1023256442755787,0
171575,0.10232492827302447,0
164858,0.10232230628756729,0
169754,0.10232031107097224,0
166854,0.10231911900421566,0
162275,0.1023074493517399,0
165997,0.10228368702453193,0
161496,0.10228256618729267,0
162185,0.10227663984426008,0
164982,0.10227202432326206,0
167013,0.10226903187814608,0
163035,0.10226782118718229,0
168349,0.10226474633857605,0
165550,0.1022583488357697,0
160588,0.10225643372525826,0
165384,0.10225241168521447,0
168824,0.10225223365341286,0
168384,0.10223469688594655,0
163276,0.10221377092677172,0
168331,0.1022131929554528,0
161019,0.1022070897117487,0
168597,0.10220361103602907,0
168158,0.10220108573417787,0
167043,0.10218842177243005,0
163983,0.10217342926790796,0
162934,0.10215861842126954,0
166642,0.1021517133240604,0
167407,0.10214253133063864,0
171946,0.10213487076690399,0
165113,0.10213378780238756,0
169741,0.10212315187236162,0
70403,0.1021184125664222,0
171781,0.1021129889035473,0
169767,0.10210934473901605,0
169641,0.10210710584893351,0
164147,0.10210545369708678,0
160299,0.10210232324434311,0
164576,0.1021021756578061,0
162693,0.10209466790810826,0
165876,0.10208545495735727,0
164256,0.10208479799554031,0
164321,0.10208442644286292,0
167674,0.10207519496434968,0
161832,0.10207511995422049,0
166885,0.10204714604800262,0
163215,0.10204167055893801,0
164520,0.10203470813149164,0
168130,0.10202025832258911,0
162524,0.10201924123403554,0
164826,0.10201549290331602,0
168975,0.10199249321727877,0
166754,0.10198209487521219,0
163051,0.10197829842164643,0
168568,0.1019726242835532,0
170093,0.10195605338050066,0
161059,0.10194175793415831,0
47970,0.10193437835270988,0
161248,0.10190651114191847,0
167262,0.10190336778937831,0
171811,0.10190317984128133,0
6557,0.10189918655181313,0
160976,0.10188766542098372,0
15045,0.10187822559210753,0
165172,0.10187340555355429,0
160695,0.10184544769494044,0
167008,0.10184240850609755,0
162454,0.10183510961324675,0
160916,0.10183288999994557,0
169955,0.10182963521516816,0
162638,0.10182491284761919,0
165325,0.10180639526651039,0
165881,0.10179282299523947,0
171896,0.10178592078086013,0
169227,0.10176707207636167,0
169158,0.10176079089231345,0
164242,0.10172885304480896,0
160570,0.10172449627473976,0
170067,0.10172200227661209,0
167765,0.10172178404951816,0
164033,0.10171786084017871,0
164264,0.10170312458926375,0
164925,0.1016994473685857,0
163142,0.10168718365192078,0
165411,0.10168667147050994,0
160264,0.10167979273523381,0
161251,0.10167799273114562,0
161821,0.10166496918700971,0
167579,0.10164699683384233,0
160316,0.10164515158816485,0
170684,0.1016389742139921,0
171256,0.10163831538881712,0
169787,0.10163653995712023,0
170207,0.10163341834276685,0
162249,0.10162509443039858,0
163321,0.10161603940859333,0
168857,0.10161464120139825,0
171097,0.10160438387020414,0
163991,0.10159774041896087,0
99099,0.10159663503293279,0
165906,0.10159519791951041,0
171284,0.10159096931603784,0
161550,0.10156530272046863,0
160396,0.10155691027862264,0
169818,0.10154068388378742,0
162970,0.10152696633465975,0
161005,0.10152303314958207,0
171332,0.10150749302998115,0
169533,0.10146244352363358,0
162974,0.10145890923552417,0
161675,0.1014583342491295,0
168914,0.10145292832528519,0
164306,0.10145186484377063,0
160457,0.10143884962057133,0
171144,0.1014381356605778,0
2786,0.10143571076146995,0
164956,0.1014350528450656,0
167785,0.1014326966481376,0
162510,0.10140226366101104,0
164847,0.10140135768616823,0
170147,0.10139944199495035,0
167519,0.10139019670061802,0
171386,0.10138963809303825,0
162852,0.10137386033129539,0
66219,0.10136270149574195,0
161449,0.10136084452502757,0
169367,0.10135407357965331,0
168366,0.10135351542224633,0
171401,0.10134521673564985,0
160744,0.10132212459425244,0
165695,0.10129874385412366,0
162473,0.10129390248143604,0
171392,0.10129171814665343,0
167634,0.101257864724577,0
164627,0.10125650052686383,0
164214,0.10124771756455114,0
165621,0.10124525200308715,0
164248,0.1012415962189732,0
161546,0.10123266330699304,0
167406,0.10123089492112684,0
171905,0.10122607994907325,0
107432,0.1012196566838361,0
172012,0.10120244300746994,0
165283,0.101188820502177,0
167509,0.10118596702886413,0
171660,0.1011859090365865,0
161700,0.10117449722445843,0
162184,0.10116431896798946,0
162635,0.10115908410274012,0
166988,0.10115610577873652,0
172006,0.10115425724688784,0
161826,0.10114411767992898,0
168412,0.10114076402250871,0
171753,0.10113394483741726,0
162070,0.10111731791288826,0
165806,0.10109870597759417,0
167930,0.1010899161731713,0
160495,0.10108386132157107,0
168336,0.10106871978790234,0
34261,0.10106667473649178,0
160696,0.1010661082390631,0
164795,0.10105468593258637,0
165485,0.10105000956656743,0
161353,0.10103807580709029,0
165156,0.10102381841620192,0
5199,0.10101592566935809,0
163590,0.10101450495880016,0
168263,0.10101116464399654,0
163454,0.10100441382146223,0
166949,0.10100426451441359,0
165419,0.10099980008061048,0
171051,0.10099823768664826,0
165820,0.10099678363273343,0
161196,0.10099467935259841,0
163990,0.10099255669815002,0
169024,0.10097369155302965,0
162743,0.10096692782835989,0
166329,0.10096264038965351,0
165989,0.10095756866560716,0
165886,0.10095168314300995,0
168835,0.10094537483079344,0
165872,0.10094248638563749,0
161204,0.10093543800907075,0
164365,0.10092843684606284,0
162402,0.10092670464316582,0
161089,0.10092451307739694,0
164507,0.10091609382917745,0
161827,0.10091324610542035,0
162559,0.10090900532940904,0
163632,0.10090098524065036,0
169503,0.10089929649955395,0
170798,0.10089659349398095,0
171437,0.10087978981248172,0
169541,0.1008130267207875,0
170273,0.10081171825526289,0
166336,0.10081111172369368,0
166053,0.10080256179965374,0
165062,0.10080178605801908,0
165803,0.10079448945803345,0
160937,0.10078755267385803,0
163503,0.10078396329123197,0
171956,0.10077770100310122,0
162461,0.10076487073592708,0
171238,0.10076028515272983,0
171152,0.10074885279646573,0
168171,0.10074708050004509,0
161213,0.10074655976465344,0
165374,0.10074458715004342,0
160283,0.10071311670881591,0
171610,0.10071071084309674,0
169653,0.10070808223786237,0
162067,0.1007061083689568,0
162235,0.10070287926682106,0
168612,0.10070271860741305,0
162371,0.10070190171170416,0
168779,0.10068551935144708,0
168305,0.10068545195478822,0
166096,0.10067308638214623,0
167360,0.10066704777209966,0
168504,0.10065830886315681,0
160855,0.100648905142095,0
6032,0.10064781207143471,0
167014,0.10064136723649232,0
168150,0.100639623069555,0
169151,0.10062983547205111,0
169381,0.10062593936018564,0
163805,0.10061607437663109,0
170818,0.10060282228374014,0
105472,0.1005960218923251,0
164453,0.10059225720857046,0
161401,0.10059113077471211,0
166476,0.10058567383346322,0
162520,0.10058277986896429,0
171762,0.10056743609339239,0
164120,0.10056632365638843,0
171242,0.10054917331827913,0
170671,0.10054282207410017,0
166083,0.10053872442115044,0
171929,0.10053234845518617,0
164422,0.10052588320100861,0
161897,0.10051232683796947,0
3415,0.10050656495267124,0
165857,0.10050296384134645,0
168755,0.10049579759843785,0
161014,0.1004923606110376,0
169123,0.10049001115083565,0
162962,0.10045942824226084,0
163872,0.1004550906273108,0
163523,0.10044807269936022,0
167153,0.1004276391042097,0
165073,0.10042620009427215,0
171869,0.1004208145329766,0
170433,0.10040641283726554,0
163726,0.10040605064134432,0
170302,0.10037227855732166,0
165116,0.10037149687752756,0
164010,0.10036789869159532,0
161689,0.10036658336846914,0
170108,0.10036657803367213,0
167395,0.10035137136438194,0
166300,0.1003054756672791,0
160549,0.10029337847489285,0
160639,0.10029293647440074,0
165675,0.1002874026077655,0
162338,0.10028470971723577,0
165333,0.10027247039293205,0
168286,0.10025421454567811,0
163925,0.100236910768224,0
168119,0.10022634480197193,0
168454,0.10021765196006205,0
164929,0.10021116577015096,0
170787,0.10020742390988627,0
164618,0.10019386857679227,0
161643,0.10018036065537944,0
162856,0.10017933535695024,0
169713,0.100177424064509,0
169415,0.10017686629647819,0
163912,0.10017403379072462,0
168473,0.10014220464545782,0
165486,0.10013244824818543,0
163122,0.10012282857096014,0
163294,0.1001003349655611,0
167810,0.10009811213402056,0
164025,0.1000892841128061,0
163025,0.1000727419140211,0
168811,0.1000691645647995,0
163212,0.100066090681642,0
165225,0.10006264976343367,0
94779,0.1000447553863691,0
167417,0.10004234414676894,0
160875,0.10003683541411172,0
161834,0.10003456273550941,0
172071,0.10002557757230435,0
165922,0.10000863096614651,0
169210,0.1000067072154924,0
163308,0.09999492998563804,0
160782,0.0999883635732399,0
167364,0.09998118391210101,0
172027,0.09997381647033544,0
17448,0.09995986464826048,0
162114,0.09992642339247874,0
167470,0.09991825645005054,0
170594,0.09990205626661847,0
162179,0.09989278578301639,0
168580,0.09988331920453342,0
169421,0.09987946914712298,0
161772,0.09987492213120797,0
168241,0.09987227544053773,0
169373,0.09986818042919421,0
161408,0.09985681921683713,0
165054,0.09985562696215673,0
168424,0.09983067850053987,0
162256,0.09980805513661123,0
165317,0.09978936710194772,0
171056,0.09978512447106318,0
160527,0.09978292098491987,0
164227,0.09977777809306235,0
168470,0.09976808206404182,0
164717,0.09974390708895825,0
171750,0.09973860388886299,0
166606,0.09972412670029847,0
165920,0.0997229721679696,0
167998,0.09970948199044494,0
163153,0.09970739748079667,0
169121,0.09970296508563267,0
170267,0.09969995220727253,0
167526,0.09969943825800483,0
167475,0.0996785068769917,0
169570,0.0996770239832105,0
169662,0.09967039742699359,0
170510,0.099664775434718,0
171639,0.09965777710156645,0
163409,0.0996443293931627,0
168921,0.09964291915787198,0
170635,0.09963822939423436,0
95045,0.09963645096063922,0
166184,0.09963368330149362,0
164532,0.09963082571561337,0
162516,0.09962080482778819,0
168420,0.09961240670595892,0
168493,0.0995882018982949,0
167296,0.09958739060371687,0
162005,0.0995811619517114,0
6143,0.09957299087021805,0
166023,0.09957039860259365,0
164672,0.09955902031777039,0
49024,0.09955517552807107,0
24928,0.09953669466615307,0
164763,0.09953425061288575,0
166713,0.09952982312798274,0
169419,0.09951426352636988,0
170542,0.099509145502727,0
162281,0.09950849982014244,0
170534,0.0994994496400889,0
166272,0.09947642957423018,0
170568,0.09944945726637983,0
171294,0.09944511055804557,0
161718,0.09944455029612144,0
163055,0.09944080177201037,0
162196,0.09941357651835292,0
167261,0.09940919071087838,0
166112,0.09939507216458314,0
166906,0.0993948812164382,0
16050,0.09938195405655223,0
169455,0.09937061566052016,0
168551,0.09936480918103655,0
166292,0.09936120973070721,0
160993,0.09935871177111015,0
167859,0.09935347163410446,0
161181,0.09934979362312671,0
171874,0.09934772987613145,0
168487,0.09934541249490307,0
169319,0.09934335110212711,0
169749,0.09933190218569539,0
166688,0.09932799871854057,0
164073,0.0993141140515796,0
166619,0.0993121414727333,0
164215,0.09931081802279773,0
162738,0.09930831793639625,0
170124,0.09930632832514655,0
171850,0.09928958551217931,0
167092,0.09928204487849779,0
167597,0.09927768858070847,0
165309,0.09927579190666279,0
169321,0.09927323867327334,0
165671,0.09927323277416378,0
160444,0.09927090608523052,0
162956,0.09927064207990519,0
169406,0.09926130865584296,0
166136,0.09924870944682412,0
162267,0.09924136640049569,0
160474,0.09923989501382724,0
170491,0.0992373117058468,0
166361,0.09923509490625138,0
168443,0.09921890825009914,0
168870,0.09921788553629496,0
161919,0.09920683035026844,0
167910,0.09918496419798972,0
169444,0.099184481993618,0
168997,0.09918392999318297,0
165493,0.09915868578133745,0
165046,0.09915528685030375,0
163534,0.09912771134447158,0
168121,0.09912671521671441,0
164106,0.09911240448029324,0
170155,0.09910744123374696,0
162834,0.0991009751519549,0
167181,0.09909641570122503,0
170101,0.0990951895283278,0
164041,0.09909369263083319,0
61964,0.09909364583911226,0
164224,0.0990812491393181,0
171619,0.09906487108400165,0
162741,0.09906234301592011,0
163505,0.09906006141927738,0
164904,0.09903665047532735,0
164546,0.0990329163634998,0
168661,0.09903113433676931,0
167679,0.09901076112704627,0
162768,0.0990094868885941,0
167939,0.0990038443105931,0
12049,0.09899511287033179,0
14531,0.09899172978774264,0
160688,0.0989693266215563,0
167010,0.09896799782033376,0
168329,0.09896090200437223,0
167135,0.09895620784578195,0
165342,0.09893027084894429,0
166427,0.09892762767872708,0
162929,0.09892436464194362,0
167992,0.09891322655275733,0
163850,0.09890734194618739,0
163203,0.09890039012316769,0
172077,0.09889544629909917,0
164300,0.09888002460793076,0
169150,0.09887992874155284,0
168220,0.0988582616086725,0
163101,0.09884982195074794,0
166160,0.09884687065439438,0
171157,0.098846728939682,0
167717,0.0988466314036225,0
170520,0.09884616789869405,0
171580,0.09883108621661986,0
163301,0.09880021840453289,0
170923,0.09878393918544767,0
169813,0.09877990588269353,0
165866,0.09875831412563739,0
169684,0.09875318397331143,0
164777,0.09873732377437149,0
166689,0.0987246827812279,0
92024,0.09872019691392182,0
163770,0.0987085605967898,0
164315,0.0987074559580978,0
169615,0.09870266395637259,0
161369,0.0986886975070483,0
168533,0.09867247145914106,0
2994,0.09866798527994444,0
172028,0.09864843192182329,0
171468,0.09864122098499276,0
166861,0.09863482418090877,0
163319,0.09863090416859971,0
168348,0.09861860256620744,0
160441,0.09861385730003182,0
160333,0.09860849890191557,0
166899,0.09859287339283954,0
8747,0.09859081890965353,0
166151,0.09858891900039267,0
167318,0.09858863373730598,0
164009,0.09857529121843281,0
161779,0.09856763445758389,0
170441,0.09856244646202592,0
161461,0.0985596327518103,0
161333,0.09851563470298967,0
163043,0.09850450335904806,0
170789,0.09849777558965535,0
166985,0.09849667661852403,0
169728,0.09848238737696212,0
170245,0.098480180799818,0
170237,0.09847869176911578,0
167372,0.09845225532840159,0
171472,0.09844411847711707,0
171699,0.09844255620216362,0
165134,0.09844214176580146,0
161483,0.09844042177998315,0
166471,0.09843498339234548,0
165955,0.0984073273070716,0
160996,0.09839999692633496,0
165300,0.0983998057349967,0
163396,0.09839484521786976,0
18963,0.09838845203258696,0
162317,0.09838056735188021,0
164917,0.09837132446056025,0
171439,0.0983628225985745,0
168021,0.09835927727911455,0
170963,0.09834250100986083,0
167264,0.09834237507214576,0
160380,0.09833814886290641,0
169600,0.09830327604131639,0
166017,0.09829445260860753,0
169186,0.09828008347854945,0
163801,0.09827446345005793,0
167769,0.09826179609190469,0
163128,0.09825962741326466,0
171965,0.09825364438789395,0
169481,0.09824966179411097,0
165572,0.09822688032729321,0
166434,0.09822482449452648,0
162552,0.09821586901263356,0
160618,0.09821313428447076,0
172076,0.09821102008871208,0
168227,0.09815623258123012,0
169995,0.09813580944103951,0
165263,0.09812216480502271,0
166611,0.09811281989651639,0
160359,0.09809324959716015,0
162943,0.09809139749709936,0
171135,0.09809084156783884,0
161855,0.09807186987638623,0
162000,0.09804921206542636,0
2710,0.09804749044095194,0
169339,0.09803793724993948,0
166303,0.09802992332145367,0
169931,0.09802975130311183,0
171931,0.09801999933631117,0
169163,0.09801503299234275,0
164302,0.09801038414438687,0
161372,0.09800802684920919,0
167784,0.09799387502156458,0
166080,0.09799102793056441,0
169446,0.09797908980343382,0
162087,0.09797876737075001,0
162551,0.09797422644169673,0
1568,0.09795299502501761,0
169051,0.09793778757981325,0
170257,0.09793404398759843,0
162477,0.09793277373609793,0
164077,0.09792714786378147,0
161841,0.09792537102754814,0
168025,0.09792037412350743,0
165643,0.09790802346102331,0
170417,0.09790774452266786,0
165504,0.09789406087983567,0
162571,0.09788757700344737,0
169701,0.09788670240142179,0
162150,0.09787410343207503,0
163103,0.0978607598184802,0
162939,0.09785463746592196,0
170623,0.09785203642835293,0
171952,0.0978441062852597,0
166445,0.09782060413551931,0
162415,0.09781834326031986,0
168930,0.09781720743150113,0
168821,0.09780483497377757,0
163668,0.0977823971188541,0
163653,0.09777980197125717,0
162998,0.09777072553099787,0
163854,0.09776406138035043,0
163346,0.09776165677224938,0
168062,0.0977602771707978,0
165746,0.09775192772290091,0
167815,0.09775101032618197,0
162980,0.09774216204534963,0
170390,0.09773120050607952,0
170710,0.09771459007974288,0
165179,0.097712176057699,0
109941,0.09770748334970965,0
168061,0.09770622596988959,0
168563,0.0977027601917381,0
170756,0.09769738375479771,0
171473,0.09768024441496222,0
166749,0.09767798740695151,0
167580,0.09766483373575398,0
162117,0.09765922106501251,0
165078,0.09765885399170918,0
161471,0.09765653514629696,0
166137,0.09765527906855422,0
162118,0.09765314337643906,0
162263,0.09765112395300915,0
162128,0.09764955380910917,0
166711,0.09764422388664498,0
169693,0.09763949392014493,0
168716,0.09763446313750589,0
166886,0.09762505288060143,0
170224,0.09760152280954433,0
160458,0.09759745032877994,0
167489,0.09755665047967017,0
165123,0.09755352068688687,0
166209,0.09754454144835348,0
169174,0.09753824835868495,0
168862,0.09753139723211174,0
171282,0.09753002723727487,0
168897,0.0975028678408259,0
160788,0.09750137598035065,0
164301,0.09749968127555528,0
171837,0.09749929233559368,0
168542,0.09749700841979413,0
161609,0.09748949140249108,0
79918,0.09746619469259415,0
166575,0.09746100163384723,0
163371,0.0974576687419912,0
169283,0.09745225493821587,0
161478,0.09743810511742478,0
17653,0.09743386860738627,0
160592,0.09743312661754065,0
169398,0.09742887179917532,0
63609,0.09740799132730142,0
167558,0.09740319326115753,0
168419,0.09739894239909698,0
169553,0.09738023328088197,0
169842,0.0973768878964773,0
162721,0.09737392160555397,0
170873,0.09735667488517495,0
169513,0.0973512429176519,0
161851,0.09733686561024439,0
169330,0.09733346486121346,0
168866,0.09733020028257038,0
171644,0.09732955389328002,0
163804,0.09732935053924047,0
171037,0.0973261372923986,0
170961,0.09732362306090064,0
163336,0.09732352744539183,0
161329,0.09732323018959281,0
171328,0.09730319789950885,0
171204,0.09729787274976219,0
164762,0.09729017364308665,0
164776,0.09728751608162163,0
165444,0.09728377783342876,0
163818,0.09728103923904535,0
169408,0.09726712490226332,0
164734,0.09726136751188098,0
161813,0.09724289707199006,0
169664,0.0972425263288916,0
166714,0.09723629494293519,0
165007,0.09723404015856191,0
163464,0.09722176842886057,0
171708,0.09721311858856795,0
163309,0.0972011516786359,0
165089,0.09719349727486395,0
167035,0.09718396631218855,0
170205,0.09715406847332077,0
171858,0.09714323647125855,0
169695,0.09714178515133916,0
167502,0.09713052371066992,0
164253,0.09712249918520871,0
169907,0.09711748199812474,0
162859,0.09711165154621344,0
162984,0.09710905309503202,0
164451,0.09710696703079402,0
166965,0.09709765328103183,0
166756,0.09709621551281476,0
161185,0.09708948113679813,0
170582,0.09708183441001748,0
164337,0.09707298713976005,0
164217,0.09706620478741314,0
166403,0.09706122417609783,0
161629,0.0970611393067373,0
164031,0.09705979640767558,0
166335,0.09705455634259853,0
161531,0.09705226517729716,0
164244,0.0970413068243305,0
161913,0.097024707407236,0
170614,0.09702115944305227,0
169279,0.0970200886762994,0
57802,0.09701732172608549,0
167995,0.09700860320212809,0
167650,0.09699091760752969,0
69439,0.09698845147901444,0
165767,0.09695893051079135,0
163187,0.09695154062364632,0
163659,0.0969498461074678,0
170054,0.09694704837123842,0
169195,0.09694564840810567,0
8004,0.09694562989823755,0
165502,0.09694414489894104,0
80648,0.09694220859479269,0
164044,0.0969307038646443,0
169335,0.09693051836189692,0
170788,0.09692645591553184,0
165630,0.09692543253323939,0
166673,0.09692354607627165,0
165244,0.09692001148207219,0
50890,0.09691618373913789,0
168830,0.09689935405300827,0
165340,0.09689850385610593,0
165970,0.09689666698161921,0
164870,0.09689277231943104,0
172050,0.0968868638252471,0
167729,0.0968863319261214,0
171980,0.09688140035020111,0
169562,0.0968778977263746,0
161482,0.09687711370721903,0
163640,0.09686374063843561,0
163997,0.09686162432494033,0
162656,0.09685790563093925,0
165229,0.09685622084529229,0
161016,0.09685473860283063,0
103327,0.09685262737550397,0
164239,0.09683044208102971,0
171577,0.09682062766234083,0
164477,0.09681896765372833,0
169012,0.09681318118694168,0
161698,0.0968064623017887,0
168933,0.09679769570720989,0
39753,0.09678814468761013,0
166514,0.096781846020386,0
161487,0.09677931362763798,0
165100,0.09677489139439348,0
164305,0.09676918781842143,0
165466,0.09675811278631112,0
168037,0.0967514627074243,0
160535,0.09673868315459197,0
161539,0.09673416219762432,0
171452,0.09672107773244208,0
164558,0.09671872279212614,0
161086,0.09670359022136,0
161365,0.09669850290833483,0
24099,0.09668844798116306,0
160646,0.09668779775360119,0
163262,0.09666469731659731,0
167603,0.09665815412183537,0
163012,0.09663987300083625,0
170929,0.09662798992087007,0
161252,0.09662392048610077,0
160852,0.09661095979450039,0
161737,0.09660610566915002,0
167595,0.0965682444496352,0
160694,0.09656819604100082,0
163664,0.09655849838510297,0
167569,0.09655461341920986,0
171553,0.09653295267014668,0
169618,0.09651497323080867,0
169782,0.09651256272065885,0
171609,0.09651234432663612,0
13910,0.09650899085666957,0
43410,0.0964971410773856,0
162406,0.09649697655543482,0
162192,0.09648100174465733,0
168604,0.09647788175065238,0
165269,0.09647403516413196,0
171511,0.09647119779997253,0
163148,0.09646564531626273,0
171406,0.09643973790915437,0
3265,0.09643560626967508,0
162073,0.09642350291655796,0
164231,0.09641159819298833,0
164519,0.09638295608618079,0
161995,0.0963792985656142,0
171569,0.09637573869573092,0
162367,0.09637331547783798,0
166605,0.09636744495585235,0
161963,0.09634677900810251,0
160442,0.09634491042582916,0
160905,0.09633312850691071,0
165434,0.0963261886456897,0
163130,0.09632002517426176,0
172090,0.09631417181158462,0
161856,0.09631270473694195,0
166696,0.09631234865180549,0
161433,0.09631213154034624,0
161334,0.09630559535704183,0
166373,0.09630120262471296,0
167513,0.09628735361905189,0
162860,0.09628213434588913,0
37629,0.09628035097468517,0
162106,0.09627160898333778,0
162072,0.09626955204450552,0
163865,0.09626422841416742,0
167098,0.0962613751842095,0
170471,0.09624557415631967,0
9186,0.09623881698933215,0
166369,0.09623221073291648,0
165645,0.09622221584971583,0
166041,0.09620779945423222,0
170049,0.09620536898947524,0
169578,0.09619292367400309,0
171418,0.09618276404658639,0
169422,0.09616813982852937,0
162027,0.09616275415467557,0
167837,0.0961530967118918,0
163857,0.09614879578605855,0
163490,0.09614001688463539,0
166516,0.09613824792823529,0
73115,0.09613480249017657,0
166397,0.09612773039388871,0
171436,0.09612710109300769,0
170719,0.09612420354734795,0
29392,0.09612306224664047,0
160863,0.096119918799782,0
171653,0.09611892352532264,0
166966,0.09611847910822699,0
169218,0.0961142873158305,0
165698,0.09609232016916607,0
170024,0.09608521614095665,0
170515,0.0960811386558255,0
163124,0.09607240976929038,0
168400,0.09607033820843042,0
162753,0.096064527695944,0
162020,0.09606237479332921,0
170759,0.09605810586324735,0
164049,0.09605435814577279,0
168496,0.09605157328450938,0
162792,0.09605137599261815,0
169284,0.09603627917674668,0
167646,0.09602595068448191,0
171389,0.09602389355800199,0
171700,0.09602202356461485,0
163692,0.09601240815798416,0
168116,0.09599830119302455,0
166657,0.09597944407274138,0
165328,0.09597696681439866,0
164295,0.09595594164381176,0
168582,0.09594414329235271,0
170180,0.09593248501159769,0
169914,0.09593223227032974,0
165467,0.0959169798273054,0
164093,0.0959129557569543,0
167191,0.09589758841027406,0
170899,0.09589019116315989,0
168032,0.0958858966257596,0
166874,0.09586793265850438,0
161202,0.09586422730158459,0
161734,0.09584798099367561,0
162410,0.095845442729957,0
161628,0.09584128932425685,0
165644,0.09583717630318568,0
163754,0.09583083725440497,0
170482,0.09582222455395163,0
12147,0.09581786018629744,0
168291,0.09581781782959768,0
167648,0.09581509942020133,0
167147,0.09581358265336143,0
169372,0.09581030319134463,0
161226,0.09579914433368537,0
163506,0.09578496111259276,0
163894,0.09578327809090868,0
163060,0.09577108062513041,0
162500,0.0957690621577679,0
169341,0.09575460948112721,0
161105,0.09573799225406392,0
171836,0.09572917118112725,0
165809,0.09571709301699279,0
171420,0.09571324421746741,0
162916,0.0957005277883151,0
165620,0.095689560111305,0
169708,0.09568788612451028,0
166486,0.09567936238585327,0
171071,0.09567863952776494,0
1331,0.09566811915174978,0
160800,0.09566564572734959,0
161489,0.09566555433981619,0
162695,0.09566078641225742,0
160745,0.09565534811754828,0
163027,0.0956478362222361,0
163513,0.09563044146693794,0
163240,0.09562755680214625,0
160322,0.0956137804763475,0
170934,0.09561302238878454,0
163685,0.09560621603302037,0
164161,0.09559630739584267,0
166270,0.09559596794972443,0
168931,0.09559273009929521,0
164641,0.09559025249259351,0
163651,0.09557697178816994,0
171106,0.09556931529257391,0
164631,0.0955574111530839,0
165243,0.09554633644334455,0
168079,0.09553902970738995,0
165813,0.09553528455441992,0
164097,0.09552618310235343,0
171532,0.09550330743694753,0
167418,0.09550260303067303,0
169898,0.09550116800354091,0
167375,0.09549879344145211,0
160484,0.0954982963316889,0
171611,0.09548129944796009,0
165404,0.09548103072911189,0
164934,0.09548092223015284,0
162040,0.09547834413950984,0
163179,0.09546361335979142,0
166511,0.0954390468242183,0
160768,0.09543177045471035,0
167358,0.09542892768621028,0
162013,0.09542423338022896,0
171010,0.09541986212025852,0
161079,0.09541949165125602,0
162521,0.09541679211856596,0
164258,0.09538748011938553,0
169358,0.09537569447854521,0
168408,0.09537435422125776,0
171044,0.09536842948467936,0
166163,0.09536840885105241,0
165635,0.09535667321671484,0
169066,0.09535514606758053,0
163614,0.09534644460948301,0
165410,0.09533579712732249,0
164098,0.09533510563717665,0
163244,0.09532717485853702,0
171535,0.09530184450893424,0
31046,0.09529989500407623,0
161115,0.09529337755934918,0
171220,0.09528567928811843,0
164197,0.09527325607281238,0
160567,0.09525776217621475,0
166791,0.0952565359138701,0
167030,0.09524838218991485,0
171597,0.0952441702056806,0
166717,0.09523699961607521,0
161565,0.09522895468885245,0
162452,0.09522739468756186,0
170235,0.09522495388024402,0
169454,0.09521603419715621,0
162323,0.095210501686234,0
161417,0.09520512070938725,0
167889,0.09519461871993688,0
169094,0.09518757329388135,0
170887,0.0951807894812838,0
169794,0.09517986653029513,0
1663,0.09517785007150091,0
168895,0.09517643500296885,0
162809,0.09514298219029838,0
165281,0.09511295021212518,0
161171,0.09511282431216092,0
164425,0.09510507574610373,0
167304,0.09508348526711881,0
166405,0.09508066671008092,0
170047,0.09507743227143248,0
170204,0.09506353246615742,0
160298,0.09506297471090377,0
160418,0.09505623788391011,0
165295,0.09504604179275906,0
169935,0.0950445862188927,0
171182,0.09503878202170184,0
165090,0.09503111701868538,0
161768,0.09503064381081265,0
161139,0.09502995610052407,0
170354,0.09502944537223629,0
163189,0.09502669343561448,0
161313,0.09502648854863815,0
168810,0.09501071329528228,0
160931,0.09500836832907077,0
160673,0.09499901986985869,0
170978,0.09497601141505624,0
164978,0.09496130733266807,0
164124,0.09495636128808735,0
170981,0.09495328969852518,0
168262,0.09493763218669897,0
172074,0.09493451922651805,0
164589,0.09492687768899503,0
164145,0.09490709773604261,0
160932,0.09490216889297665,0
162293,0.09489954006778546,0
160393,0.09489054973365904,0
170261,0.09485203828867005,0
168990,0.09485105861356415,0
162876,0.09483759332034988,0
160633,0.09482920936409069,0
167713,0.09482639411195012,0
161480,0.0948133049603448,0
169871,0.09481061190706765,0
168325,0.09480539503892885,0
162357,0.0947821270252141,0
164842,0.09477167986157725,0
169299,0.09475795361973904,0
171861,0.09469513341346245,0
161908,0.09467147201128386,0
172097,0.09467020414318275,0
169081,0.0946619735432692,0
162615,0.09465362510937135,0
169383,0.09463557986987177,0
76787,0.09463282962971967,0
170561,0.09461369528684282,0
161085,0.09460156045342809,0
160424,0.0945892719159769,0
169045,0.0945865108644083,0
163141,0.09454269264920345,0
66374,0.09454127196414529,0
169899,0.09453982807115058,0
167721,0.09453928526363883,0
166941,0.09453625333965106,0
170466,0.09453373962371918,0
166489,0.09452492401672945,0
167083,0.09448636370550784,0
163507,0.09448286041025088,0
172069,0.09447858653544147,0
166423,0.09447646652341554,0
171741,0.09446466875216053,0
96671,0.09445864807148364,0
163609,0.09445690547362436,0
164759,0.09445142823733998,0
166841,0.09443840168421841,0
171201,0.09443057973250212,0
166602,0.09442318114961784,0
163258,0.09441777980942745,0
169800,0.09441577635088048,0
169216,0.09441363674591831,0
165734,0.0943992267138535,0
165569,0.09439806481693085,0
161717,0.09438391914855206,0
161318,0.0943730900363891,0
166502,0.09437125223188259,0
164089,0.09435377727638598,0
166065,0.09434551132222639,0
162983,0.09434195830323869,0
162060,0.0943376959642847,0
167701,0.0943366575498236,0
98582,0.09433644722575223,0
160699,0.0943222203915079,0
167779,0.09430377451821612,0
162218,0.0942968112314618,0
167072,0.09427938855805541,0
169238,0.09426417361463027,0
168659,0.09426082227739103,0
168444,0.09425332845294816,0
164135,0.09424750585959195,0
166662,0.09424303729637534,0
166386,0.09423430347497082,0
166766,0.09422703701035165,0
166521,0.0942164633712349,0
172104,0.09421463586393414,0
171049,0.09420587489383267,0
170082,0.09420288027006328,0
164825,0.09419713904575312,0
171205,0.09419378141602074,0
161534,0.0941908739986891,0
164630,0.09417938275955091,0
163202,0.09417835196310076,0
162260,0.09416457382470492,0
47287,0.09416208507033867,0
166021,0.09415820645718793,0
167504,0.09414728111028141,0
164008,0.0941342402758992,0
169101,0.09412830046665288,0
167716,0.09412761332134247,0
23922,0.0941246341161401,0
160551,0.09412394878249955,0
161198,0.09411657857431345,0
169232,0.09411398311167608,0
84122,0.09411348019969333,0
169003,0.09410230731552463,0
167660,0.09409421907543285,0
160661,0.09409289694591594,0
3567,0.09409150304310791,0
166646,0.09408819806005815,0
168887,0.09408721161313333,0
31398,0.09407584834093594,0
170751,0.09404506457477088,0
164327,0.09403063253558461,0
162169,0.0940270445737067,0
161053,0.09402169403165435,0
169167,0.09401464696891645,0
166778,0.09400322455722607,0
170193,0.09399924241405229,0
163757,0.09399570457989119,0
166838,0.09397673604885178,0
168911,0.09397448025361128,0
165159,0.09397292221998658,0
161598,0.09396584950493889,0
171241,0.09395736452316251,0
164745,0.09394573717463468,0
164696,0.09393945318826687,0
168302,0.09393787263840368,0
169998,0.09393099116606057,0
7151,0.0939287768869003,0
32361,0.09392853634232337,0
164452,0.09391881394233785,0
165977,0.093907162286613,0
170426,0.09389551828016977,0
166367,0.09389017852021862,0
166108,0.09388120854257014,0
168064,0.09387717379935769,0
161117,0.09386292799828436,0
170158,0.09384993299981352,0
169636,0.09384417516880325,0
168898,0.09384205301130905,0
164056,0.0938410152785726,0
161485,0.09382931697824337,0
167825,0.09380043464756024,0
163280,0.09379893646211218,0
160467,0.09379685837062313,0
166049,0.09379209402829919,0
81105,0.09378748027371595,0
165370,0.09378647479202923,0
166671,0.09378516810566076,0
165983,0.09376033376058404,0
164441,0.09375321947862335,0
162814,0.09372063864356565,0
168075,0.0937086375491252,0
160245,0.09370247298279591,0
164081,0.09369031886041451,0
166691,0.09368405270993974,0
169178,0.09368255962279498,0
162777,0.09368091682920078,0
162629,0.09367501079617704,0
168649,0.09366568908057217,0
108468,0.09366042459497087,0
167259,0.09365779659575262,0
171141,0.09364639671108793,0
164693,0.09364059934610179,0
161571,0.09363892974815768,0
166615,0.09363250541137524,0
169539,0.09361880629084031,0
162488,0.09361737971108834,0
167068,0.0936033601133216,0
162124,0.09360037341328513,0
171576,0.09359416934795889,0
169264,0.09359412195152628,0
165034,0.09358066220761256,0
166483,0.09358057580579317,0
171537,0.09356267600694201,0
162708,0.09354872204000203,0
161118,0.09354268981694802,0
171723,0.09353146733530673,0
160835,0.09353022555960257,0
163669,0.09352554292258228,0
169519,0.09352341285686114,0
162388,0.09352137806536047,0
160572,0.09351828363810608,0
166305,0.09351199963437146,0
166978,0.09351197026390083,0
168467,0.09351010867549296,0
162873,0.09349798220282528,0
39442,0.09348694561648299,0
170513,0.09348149820643026,0
169633,0.09348099022582712,0
167435,0.09348081587294524,0
160345,0.09346161440055994,0
165595,0.0934458509057578,0
169320,0.09344232841852934,0
163300,0.09341665982855504,0
161591,0.09341350736539923,0
164240,0.09338455268014591,0
170214,0.09338295239848338,0
170175,0.09338292723889378,0
83493,0.09337039199025869,0
170490,0.09337001919335511,0
171835,0.09336804477920405,0
164590,0.09336209191990506,0
37657,0.09335187025288848,0
161705,0.0933461608752054,0
160878,0.09333494392491451,0
162226,0.09331560497129082,0
162790,0.09329621215578056,0
168209,0.09329494040405252,0
167096,0.09328737031421738,0
160809,0.09328557946262367,0
171838,0.0932801948817663,0
170554,0.0932708446930161,0
164897,0.09323913915417341,0
160610,0.09322963849838917,0
170586,0.09321844695298773,0
168369,0.09321258123075356,0
160576,0.09320306527495308,0
161644,0.09319039634281312,0
167452,0.09318699076822623,0
161991,0.09314429658329981,0
164882,0.09313264916326848,0
161934,0.09313106714859265,0
162788,0.09313050380280337,0
171564,0.09312510363132051,0
164775,0.09312159662165012,0
168351,0.09312013196216756,0
167257,0.09311974355148889,0
169498,0.09311395511801285,0
162832,0.09310554069749996,0
162799,0.09310153899572102,0
2439,0.0930889397264289,0
166722,0.09307524358590426,0
171548,0.09306893063888455,0
167706,0.09306798811493637,0
169574,0.09304588433483761,0
171259,0.09304559057107266,0
165012,0.0930418055362022,0
167059,0.09303950795924948,0
163663,0.09303783916222708,0
169474,0.0930292687183838,0
163762,0.09302722881833791,0
165516,0.09302340967258593,0
164172,0.0930094290281091,0
11586,0.09300185612045957,0
160792,0.09300125026007384,0
170369,0.09298979473919688,0
160514,0.09298800803236935,0
163293,0.09298037599974386,0
162658,0.09297828161252288,0
3808,0.0929567296108263,0
171348,0.09295080195521327,0
46722,0.09295019947808085,0
166614,0.09294687545164915,0
166877,0.09293939887347599,0
167855,0.09293151360492827,0
163946,0.09292473978408052,0
169128,0.0929238571864815,0
171810,0.0929195984107591,0
167512,0.0929125211009326,0
170551,0.0929054755230563,0
170558,0.09290403460334391,0
165848,0.09289741736638928,0
166178,0.09289330096942801,0
160648,0.09287764033715112,0
162547,0.09287278867603137,0
163608,0.092861231721743,0
169365,0.09284015971953138,0
2306,0.09284005594397085,0
169942,0.09282742486038484,0
169466,0.09281991625955625,0
161207,0.09281936874998777,0
170188,0.09280534090365425,0
171595,0.09279277822488605,0
165465,0.09277991887460131,0
90523,0.09277887255935192,0
167352,0.092771581655065,0
164838,0.09276922350365135,0
163039,0.09276773236488627,0
168363,0.09276129818565787,0
164230,0.09275944155979349,0
165924,0.09274924486593301,0
167594,0.09274793268883562,0
93086,0.0927411772144378,0
167793,0.09273277250887173,0
168245,0.09271138655835116,0
171158,0.09269720512651923,0
162927,0.09269595585533356,0
163944,0.09269394303010481,0
171547,0.09267771744211395,0
161436,0.09267734040134465,0
166804,0.09266830132217645,0
164601,0.09266170164707074,0
165597,0.09266046900428407,0
165631,0.09265431134386899,0
163485,0.09264295107870237,0
166068,0.09263000921664309,0
162734,0.09262593454082445,0
163791,0.0926221335630494,0
168472,0.09259971380914817,0
168185,0.09258510202938153,0
161036,0.0925782096879895,0
171032,0.09255637237163788,0
171955,0.09255063467027748,0
163756,0.09254673083833681,0
161494,0.09254272875145977,0
165494,0.09253577714346024,0
167373,0.09253304733979803,0
169302,0.09253130643882453,0
168615,0.09252983773725426,0
167356,0.09252304159947343,0
169212,0.09251688780377638,0
161225,0.09250377656872823,0
168808,0.09249681787000562,0
160537,0.0924847461036811,0
165714,0.09247765910953325,0
168129,0.09247300297277068,0
166475,0.09246277187510415,0
164738,0.09246133868557632,0
165392,0.09244787703644529,0
162981,0.09242934122755238,0
166762,0.09242916079368392,0
163161,0.09242798507547999,0
167555,0.09242216614401406,0
164663,0.09241061426344903,0
373,0.09241017645918594,0
161709,0.09240658356520885,0
163930,0.09239811462260071,0
165335,0.09237285562047318,0
164377,0.09236642123240013,0
162978,0.09234032743477327,0
165289,0.09233486355014014,0
166831,0.09231815347402127,0
164830,0.09231200345389107,0
171818,0.09228763590690302,0
1339,0.09227301458472713,0
169386,0.09225979598214938,0
169088,0.09224541283076937,0
160954,0.09224244097157386,0
169250,0.09223160244213953,0
161438,0.09221221119196397,0
167755,0.0922115270116927,0
164680,0.09220640859171253,0
166518,0.09219975679539262,0
171524,0.09219619803805593,0
165535,0.09219062400454393,0
168031,0.09218779752489922,0
161736,0.09216538921527205,0
166806,0.09214716467523347,0
166498,0.09214210357865942,0
169276,0.0921405949136125,0
164234,0.0921302453563966,0
167382,0.09209792338723159,0
171780,0.09208650452571669,0
161502,0.09207603820622087,0
164525,0.09207197812424518,0
160597,0.0920687735412808,0
170683,0.0920606717857354,0
168701,0.09205887984834031,0
169483,0.09205354898168039,0
164949,0.09203832233630423,0
161655,0.09203330509942217,0
170087,0.09202645610432,0
162262,0.09202482680774807,0
168265,0.09202453878850504,0
161614,0.09202121504280694,0
166873,0.09200819665832671,0
162283,0.09200374609108598,0
167175,0.09199534704826856,0
166942,0.09199419042400006,0
168715,0.09199378456763273,0
164736,0.09199322650757483,0
162948,0.09198380379777445,0
166269,0.09198082962995796,0
162449,0.09196287913817565,0
163360,0.09194338989816614,0
167880,0.09192508286024507,0
164459,0.09189733587192357,0
161495,0.0918833594704825,0
168609,0.09187420394567192,0
164112,0.09186706090507604,0
169353,0.09184579654446309,0
170299,0.09184178134612073,0
163370,0.09181913449519981,0
161785,0.0918133083919727,0
167808,0.09179206696669237,0
169951,0.09179163670630248,0
167436,0.0917914954245529,0
7858,0.09176104275161129,0
162405,0.09175789811666023,0
167699,0.09174150828211927,0
168427,0.09173665985052462,0
162442,0.09173444506412626,0
169925,0.09171710174906253,0
162986,0.0917040805478828,0
163353,0.09169581425639291,0
164492,0.09169498506366879,0
171324,0.09169390472742785,0
164752,0.09169004923485406,0
160636,0.09168947657149895,0
171904,0.0916763969275871,0
167862,0.091675326303398,0
171466,0.09166628045560944,0
161558,0.0916654708398814,0
171971,0.09164829532089669,0
166735,0.09164082594817502,0
165208,0.09162583393291743,0
167714,0.0916245681672604,0
169836,0.09161544023245709,0
171333,0.09160549040418457,0
162431,0.09159073063367602,0
164067,0.09157123467602332,0
160267,0.09157122936165174,0
166338,0.09156892594052667,0
169273,0.09155536084504731,0
171341,0.09155356524796808,0
170100,0.09155303170325436,0
161964,0.0915513062656692,0
165153,0.09154623367254927,0
169985,0.09154404713611153,0
165029,0.09154182988640185,0
164874,0.09153386017335449,0
164512,0.09153142031097801,0
164269,0.09150828875966997,0
23488,0.09150254651636448,0
166887,0.09150198369449458,0
160371,0.09149834164537159,0
172086,0.0914951762360649,0
161538,0.0914889150972937,0
169075,0.09148863349180693,0
4001,0.09147981916957108,0
163536,0.0914785705834898,0
169076,0.09146954818750663,0
168577,0.09146394013693321,0
163986,0.09146066795274414,0
170282,0.09145825469461052,0
161667,0.09145398688150926,0
163633,0.0914444145645419,0
163654,0.09142129773878842,0
169156,0.09140975501691244,0
168318,0.09138744964894234,0
167159,0.09138560990542816,0
49919,0.09136441269189736,0
164182,0.09136131546738929,0
168707,0.0913514772661922,0
168881,0.09134562806699159,0
160933,0.09133814954729787,0
162822,0.09133349471823313,0
160413,0.09132066246845112,0
160763,0.09130949787067306,0
164000,0.0913093791980505,0
166356,0.09130586287105934,0
162628,0.09130314617912255,0
169529,0.09129845792963572,0
30732,0.09129394828299806,0
162075,0.09129182491377745,0
161127,0.09129055159864319,0
163383,0.09129045893526773,0
164466,0.09128969180875351,0
169744,0.09128940192351517,0
93644,0.09127843344948894,0
160824,0.0912754964132114,0
169108,0.09126760345335036,0
165776,0.091265952098831,0
160647,0.09125083683252143,0
166919,0.09124104056339181,0
163897,0.0912327797051246,0
166045,0.0912302682482028,0
171755,0.09120827886653532,0
168180,0.09120513117753995,0
166177,0.09120038729111805,0
162588,0.09118576344171331,0
165542,0.09117666036703163,0
165964,0.09116929931812033,0
162353,0.09116757607739895,0
170183,0.0911536809381639,0
160907,0.09114734643123497,0
170200,0.09114369128058375,0
171624,0.09113940616780415,0
169645,0.09113869326356701,0
162069,0.09112519252964804,0
165463,0.09112158994195226,0
163137,0.09110876047753824,0
170486,0.09109733938007714,0
167215,0.09107922790651346,0
171736,0.09107631728308817,0
171697,0.09107403793840328,0
169991,0.09107036385464336,0
161687,0.09106624935782416,0
166326,0.09106576743981763,0
167759,0.09106252007551115,0
164530,0.09103539509980713,0
100081,0.09103153596092263,0
160808,0.09102832358049592,0
169328,0.09101157594042504,0
165715,0.09100879241079174,0
166914,0.09100845267171849,0
162942,0.09100145691361035,0
171024,0.09097817256513518,0
168090,0.09097583465917068,0
164895,0.09097146183000283,0
168593,0.09096622239233808,0
162062,0.09096173451589408,0
104980,0.09094693731831957,0
168394,0.0909462183258297,0
163484,0.09094114935169144,0
169517,0.09093709874777531,0
169199,0.0909278751437952,0
166636,0.09092007696537378,0
168453,0.09091318447336191,0
168674,0.09090194105908454,0
170117,0.0908993916034358,0
164319,0.09089885328286233,0
170283,0.09089580538509537,0
165700,0.09087792670519253,0
165649,0.0908642014367038,0
171877,0.09084276508915864,0
165747,0.0908317057947021,0
163596,0.09082187923675658,0
169090,0.09081085965395956,0
168585,0.0908014713271376,0
169916,0.09078980324493426,0
169573,0.09078941624705399,0
163133,0.09078249159901616,0
164824,0.090768226727012,0
170288,0.09074221558812799,0
163109,0.09073569539397423,0
171662,0.09071971940154103,0
161477,0.09070321794161018,0
160254,0.09070283832251913,0
170060,0.09069245853269921,0
169598,0.09069147364133072,0
168757,0.09068268606737075,0
164262,0.09067143131459662,0
164130,0.09066299500992585,0
163906,0.09065605970596323,0
166901,0.09062536708860879,0
167587,0.0906110794387419,0
170278,0.09059970239205815,0
170387,0.09059608669574241,0
168945,0.09056762881785345,0
170988,0.09056740029803499,0
160498,0.09056580940718413,0
168385,0.09056026350544608,0
167559,0.09053971310324976,0
165488,0.09051008300714392,0
163674,0.09049776235061688,0
168876,0.09049463226354099,0
167317,0.090488013339909,0
169676,0.0904824871398357,0
167903,0.09045475693844342,0
107218,0.09044902449742985,0
167279,0.09043421771222945,0
164152,0.09042834099629836,0
168435,0.09042248167370368,0
169784,0.09042122268018093,0
168549,0.09039216404473434,0
162596,0.09039125074990705,0
163285,0.0903728424870316,0
170413,0.09036511906777457,0
169397,0.09035232202807462,0
162755,0.0903503014010873,0
163716,0.0903248048983778,0
164413,0.09032475374535405,0
164326,0.09031539218169034,0
162570,0.09029794496652759,0
170647,0.0902936417747153,0
2874,0.09029154957836585,0
167882,0.09029104809356969,0
164707,0.09027778653119511,0
11868,0.09027679088180603,0
165268,0.0902765648085686,0
165909,0.09027369894744623,0
167760,0.09026989158372739,0
171487,0.09026809122592584,0
165568,0.09026030316302334,0
165228,0.09025365389263623,0
166037,0.09024881978589688,0
164023,0.09024856304782156,0
166199,0.09024695847334144,0
160831,0.09024462147034429,0
166107,0.09019716383044196,0
168485,0.09017952947181884,0
45017,0.09016832223371549,0
165885,0.09015717913402513,0
161291,0.09015521539868104,0
168544,0.09014765427349083,0
165864,0.09013280219778992,0
165451,0.09012644391427038,0
162384,0.09012089637435394,0
168102,0.09011826128282219,0
162794,0.09011236892842418,0
167120,0.09008949980098147,0
165398,0.09008856480044977,0
165982,0.09008787862184829,0
65946,0.09007365452311224,0
163958,0.09005137860858525,0
167086,0.09004591993042362,0
170242,0.09003857809358622,0
170753,0.09003715007186108,0
165417,0.09000086551723872,0
3617,0.08999170845891287,0
171689,0.08998210886034892,0
167979,0.08997897699497963,0
167893,0.08997591988053837,0
168288,0.08997124315447523,0
165008,0.08996551059935601,0
160868,0.08996524221264456,0
160960,0.08996296213566171,0
169861,0.08995588149997455,0
170678,0.08992973946462679,0
161722,0.08991354695400662,0
166213,0.0898969338439219,0
162104,0.08988182588821243,0
171995,0.0898800595940603,0
164779,0.0898638727348495,0
170844,0.08985408619703249,0
162288,0.08984898217662216,0
166846,0.0898317658172421,0
98934,0.08982988171376187,0
168938,0.08982811139647673,0
168436,0.08982343645036577,0
166195,0.0898201163784041,0
163783,0.08981469042074694,0
163691,0.08979368953959786,0
167468,0.08978536872198013,0
162937,0.0897589829707171,0
172031,0.08974921710801674,0
167316,0.08974386487774394,0
169528,0.08974150569395364,0
171717,0.08973799118662629,0
166170,0.08973663970093441,0
166078,0.08972367816496374,0
171426,0.08971856428339083,0
164470,0.08971173972976113,0
164191,0.0897117023792793,0
37349,0.08970583452954897,0
65734,0.08967473520904905,0
163255,0.08967167188650921,0
171011,0.08966862827289873,0
160306,0.08965961104201194,0
170463,0.08964893649561617,0
165744,0.08964338319510656,0
170901,0.08963976062207718,0
169864,0.08963957080942186,0
169058,0.08962779137897696,0
168066,0.08961174964181,0
164481,0.089607701126247,0
171526,0.08958974534100411,0
162086,0.08958831616610956,0
165197,0.08957653585335562,0
164100,0.0895559594798011,0
165766,0.08955319178962423,0
168144,0.08954973717554808,0
170281,0.08952945154537596,0
163178,0.08952246428930503,0
161621,0.08952087614679524,0
162560,0.08951111272462164,0
167695,0.08950864426044815,0
167085,0.08948254306783654,0
162411,0.0894749498516952,0
162636,0.08945656944256168,0
171908,0.08945637410580513,0
164747,0.08944407290953547,0
169332,0.08942494334759657,0
166555,0.08940857669621624,0
161690,0.08938602589558321,0
160925,0.08938532459987818,0
166438,0.0893801770332699,0
169362,0.08937713566712858,0
162835,0.08937547178711705,0
162436,0.08934503420368359,0
166276,0.08932227125990343,0
160692,0.08931502279048002,0
163964,0.08929249742754515,0
162831,0.08929004544720369,0
164479,0.08928223246656049,0
170435,0.08927449340079059,0
169841,0.08927443304392356,0
169125,0.08927343693541041,0
168056,0.08927191187239723,0
160890,0.08925657673514276,0
160974,0.08923495560497112,0
162673,0.08922915424347352,0
164832,0.08922423443993503,0
167320,0.0892236264647377,0
162465,0.08922351803888791,0
165326,0.08920936015323183,0
171172,0.08920717762822271,0
160965,0.08920703984376147,0
168977,0.08920683209242086,0
161033,0.08920227234912428,0
170092,0.08918716734300074,0
161310,0.08916506439501205,0
166702,0.08915510353006985,0
163688,0.08915387936069537,0
160816,0.08915176657203301,0
160629,0.08913596213718217,0
161984,0.08913557573397787,0
163150,0.08913486421821978,0
2973,0.08912906793958726,0
3730,0.08912436734577024,0
164973,0.08911479370589613,0
170396,0.08911341816226916,0
171589,0.0891097087148986,0
171270,0.08909779266221465,0
163105,0.08909537697630636,0
171273,0.08908301657592342,0
162379,0.08907895621718898,0
99182,0.08906778680835992,0
170821,0.08904762250345617,0
168648,0.08903572197932748,0
170661,0.08903259537657318,0
171203,0.0890282833828451,0
166997,0.08901492614975817,0
167227,0.08900904387405704,0
167708,0.08900148577304365,0
164703,0.08899441088508399,0
164309,0.08899074785074976,0
160506,0.0889796213911508,0
163243,0.08896132731444989,0
161696,0.08894039602718273,0
167420,0.08893450008450865,0
170194,0.0889266726752749,0
169097,0.08891598137329218,0
167274,0.08891538870435813,0
161367,0.08890611125954258,0
166350,0.08889942033471734,0
169482,0.08889812693365261,0
168807,0.08889298212417616,0
6973,0.08889084043760717,0
168591,0.08888707006490536,0
171666,0.08888598301757324,0
169610,0.08888070519298144,0
169928,0.08885476052617336,0
9323,0.08885176212805146,0
164127,0.08884915950016775,0
161764,0.08884457060083321,0
168141,0.08883724804252298,0
21032,0.0888225579682377,0
169768,0.08880888617910766,0
170881,0.08880303353453302,0
167901,0.08878729567416917,0
165946,0.08877503125105513,0
169233,0.088758666173594,0
171911,0.08874948286970588,0
168738,0.08874111700825875,0
163241,0.0887236078255662,0
169825,0.08871986737626096,0
169792,0.08871919978578152,0
169544,0.08870489793783766,0
95628,0.0887023220598057,0
169948,0.08869981138042468,0
171972,0.08869833727714878,0
160764,0.08867264793256906,0
171807,0.08866407358811607,0
163123,0.08866054791938568,0
170268,0.08865936632132534,0
162813,0.08865474828479442,0
163345,0.08865264597773374,0
167446,0.08864533350654191,0
168417,0.08864056266799235,0
110778,0.08862764963408334,0
168243,0.08862682049074296,0
164602,0.08862533308280088,0
34130,0.08862092574164442,0
167741,0.08861510482608623,0
5900,0.08860320941975874,0
66060,0.08860243522851119,0
162123,0.08859694968366702,0
170746,0.08857878351069629,0
164921,0.08857724506301035,0
165753,0.08856144059278628,0
168347,0.08854477653470848,0
170066,0.08851937282628677,0
163951,0.08850481963570916,0
168094,0.08850329756260449,0
164570,0.08849765426772928,0
165890,0.0884953434648243,0
171878,0.08849322183097613,0
160729,0.08848750410774418,0
171565,0.08847078945990985,0
165057,0.08844369902441915,0
59183,0.08844316057957542,0
171688,0.08843056754397388,0
167956,0.08842360209839993,0
163084,0.08841947314368487,0
166703,0.08841243906179562,0
161154,0.08839948049551953,0
164619,0.08838624317176091,0
32374,0.08837901264279867,0
168581,0.08837279203451658,0
17958,0.0883678180640776,0
167053,0.08836165220216961,0
171173,0.08835370362735283,0
167767,0.08834673268352988,0
169981,0.08833949465144417,0
163532,0.08833765467736289,0
160305,0.08832844954647626,0
169303,0.08830886251182625,0
165378,0.0883083913934202,0
26559,0.08830439594059823,0
171633,0.08830357314438719,0
163476,0.0882975119952007,0
170211,0.08825708958823784,0
165201,0.0882513824504972,0
59380,0.08824927038795267,0
161787,0.08824733177612507,0
170247,0.08824565279822374,0
162134,0.08823606431272982,0
16919,0.08823510376401557,0
162601,0.08823400922428465,0
164339,0.08822899165799025,0
166193,0.08822657764524072,0
161165,0.08822105355774111,0
162665,0.08821602465414137,0
170749,0.08820788212238484,0
164151,0.08819423713553669,0
166155,0.08818393473691898,0
169974,0.08818157917429847,0
170638,0.08818104493186557,0
171641,0.08816707337841959,0
168703,0.08816628484169528,0
168955,0.08814874782921865,0
27019,0.08812338141836859,0
2028,0.08811331833847359,0
161760,0.0881046820566745,0
26714,0.08807346407127242,0
169502,0.08807068055269468,0
168202,0.08807007361908663,0
167771,0.08806152836934539,0
167269,0.08805558723222498,0
169534,0.08804768004784776,0
58740,0.08803809319938884,0
171509,0.08801994265114929,0
172010,0.08801617008603486,0
164714,0.08800150558231765,0
161660,0.08799870169423588,0
166218,0.08796966118658246,0
161725,0.08795075199959333,0
160330,0.08795061165142368,0
165527,0.08794989362486089,0
161409,0.08793770119392404,0
162647,0.08793168686365371,0
35001,0.087904150289559,0
167536,0.08788895178348533,0
171934,0.08786485054558993,0
241,0.08785942201337636,0
168063,0.08783397796557448,0
171555,0.0878200426075817,0
163922,0.08780605095552026,0
169176,0.08779692539839909,0
164207,0.08778838861677182,0
160454,0.0877847961314805,0
164780,0.08777156103658762,0
164154,0.08776943420522049,0
167628,0.0877560716433128,0
171367,0.08775148126758774,0
171682,0.08774760019878944,0
166186,0.08774003649909859,0
163552,0.08773302959802404,0
161456,0.08771970533664049,0
170177,0.08771296483577519,0
171504,0.08771027062844226,0
162046,0.08770869601206281,0
165586,0.08766432289519083,0
163083,0.08766344235482203,0
108763,0.08765280980157301,0
170913,0.08764910239016611,0
167123,0.08764120602715378,0
166497,0.08763338987042653,0
166448,0.08762376295102729,0
164857,0.08761817731768363,0
168104,0.08761595607114575,0
171160,0.08760595451841939,0
83338,0.08760027337385899,0
170272,0.08759993756146367,0
166793,0.0875828387321483,0
170388,0.0875745119257218,0
163192,0.08756098140810009,0
169523,0.08755111228413566,0
166687,0.08755016653394386,0
160244,0.08754801942210731,0
170521,0.08754334460401055,0
168510,0.08752383678297505,0
168924,0.08752201482812208,0
12282,0.08752130728803005,0
165929,0.08750806268406468,0
170356,0.087501231592107,0
160602,0.08750106230887982,0
167100,0.08749738584348528,0
168067,0.08749172450453326,0
103800,0.08748905878185406,0
166089,0.08748442639629231,0
165506,0.0874738892226404,0
162370,0.08746427868610483,0
168123,0.08745947948718755,0
161942,0.0874424966680488,0
165051,0.08743535891597738,0
162306,0.08742586875798354,0
163059,0.08740706977094106,0
166288,0.08740199404460725,0
160325,0.08739734981073718,0
68210,0.0873876884817947,0
164748,0.08738454296537662,0
162945,0.08737925948579024,0
164730,0.08736459955948682,0
165106,0.08736096827428098,0
163227,0.08735626296864593,0
168313,0.08735385713953518,0
86681,0.08735353631632295,0
167959,0.0873487445667113,0
162333,0.08734290596066573,0
161751,0.0873421225184764,0
166593,0.08732473781566712,0
166796,0.08730631931217045,0
163234,0.08729382172387215,0
163195,0.08728684614447885,0
169999,0.08728114433277344,0
167515,0.08727597545156641,0
167197,0.08726994476241709,0
164290,0.08726781355131352,0
168513,0.08726543969934804,0
171834,0.08726502360607617,0
168771,0.08726181951085213,0
162504,0.0872569048938069,0
162763,0.08725255241575774,0
161732,0.08725240615319965,0
162254,0.0872493139665875,0
166903,0.08724715078472921,0
164064,0.0872423894957878,0
162280,0.08723528234091014,0
170340,0.08723431747071993,0
170633,0.08723311467152993,0
169973,0.08722465372508138,0
164533,0.08722448251146445,0
170241,0.08721746062537179,0
166536,0.08720802780436934,0
171357,0.08719606092500057,0
165717,0.08719215848268685,0
168097,0.08718993145210652,0
167324,0.08718848951070762,0
171938,0.08718820117577429,0
166238,0.08715386381949125,0
162076,0.08714379774607914,0
169781,0.08713128954416625,0
165304,0.0871278643887603,0
165121,0.08711929098970053,0
161874,0.08711651612916566,0
18329,0.087113401076812,0
165209,0.08711339937334474,0
160884,0.08710120350823784,0
170384,0.08709139245950998,0
167764,0.08708875325677354,0
100435,0.08708258068505623,0
32476,0.08707422665441227,0
102426,0.0870658692871161,0
167080,0.08705821494692426,0
163806,0.08705468440341664,0
54103,0.08705354762185892,0
170085,0.08705269163201854,0
5200,0.08704925569805633,0
161664,0.08702757786425867,0
169022,0.08702737892146394,0
166741,0.08701243443017286,0
169976,0.08699423794896326,0
20182,0.08699037729502464,0
160892,0.08697895767702701,0
46705,0.08697849563970715,0
164456,0.0869734083398063,0
169882,0.08696955716271235,0
166132,0.08695971970023975,0
162587,0.08694997322434511,0
164695,0.08692952932564282,0
164608,0.08692677779617904,0
162669,0.08692609392002523,0
163670,0.08690677399823594,0
166492,0.08689694381754348,0
163269,0.08688504535538709,0
43329,0.08688395669373733,0
164994,0.0868817656151317,0
169138,0.0868803081663212,0
166880,0.08687995716027211,0
170149,0.08685579883851054,0
167442,0.08684484420320909,0
171094,0.08683323754453841,0
162976,0.08682963305755106,0
161949,0.08682900762990874,0
56859,0.08682288150342261,0
169338,0.08682118238666205,0
166746,0.08682015836265286,0
169437,0.08680372978870372,0
162090,0.08677081123560312,0
165680,0.08673956067118788,0
172039,0.08673683652419319,0
168330,0.08672831499722167,0
164276,0.08672267628277033,0
166120,0.0867138413215656,0
168451,0.08670690998502639,0
166776,0.08670384902612893,0
169357,0.08670359449581692,0
163580,0.08669321126001722,0
103638,0.0866805463597858,0
166383,0.08667450588547577,0
169709,0.08666928484903798,0
170374,0.08665776039159742,0
165677,0.08665619167341743,0
172055,0.0866550736635977,0
166530,0.08664992651495139,0
161656,0.08664235106354672,0
161260,0.08663449613107169,0
162874,0.08663209915560104,0
168402,0.0866009750695162,0
162066,0.08659449806563839,0
166508,0.086591507221279,0
171320,0.08658879649489876,0
169903,0.08658831095554591,0
160627,0.08656867684062698,0
165719,0.08656621539415842,0
171394,0.08655519726708266,0
165937,0.08654852296507685,0
163645,0.08652837255378013,0
167598,0.08651027439736797,0
168554,0.08650168628590943,0
160320,0.0864838823449653,0
167168,0.08648039508950475,0
161765,0.08647968797764541,0
171460,0.08646579462354069,0
160403,0.08646470979995555,0
165636,0.0864584188922464,0
166770,0.08644412841601533,0
161928,0.08644253762386735,0
166781,0.08644087791486402,0
161818,0.08642961378606427,0
160323,0.08642909315375266,0
169052,0.0864288945695515,0
160279,0.08641832692825739,0
163921,0.08640118259992918,0
162707,0.08637443455725309,0
169648,0.08637023795985849,0
167303,0.08636690191157476,0
167351,0.0863668057474234,0
170189,0.08636315722206037,0
160350,0.08635584582299063,0
164510,0.08635470721560046,0
167735,0.08634121666524427,0
166559,0.08633487722182889,0
161249,0.08631723903690217,0
166446,0.08630899430428951,0
166222,0.08629659144469135,0
160394,0.08628473438290839,0
162605,0.08628373441292723,0
161056,0.08626917714131253,0
170711,0.08625890190321257,0
169722,0.08624624980593504,0
16403,0.08624231137097833,0
167549,0.08623720432928218,0
165182,0.08622746775510878,0
162517,0.0862202015559996,0
1364,0.08621504050331712,0
161479,0.08621028015992532,0
163097,0.08620839839997818,0
166720,0.08619465737758125,0
170775,0.08619328541295701,0
165381,0.08618851446616402,0
170930,0.0861742657414294,0
170226,0.08616091478194345,0
171471,0.08616083211989677,0
168653,0.08615906890750757,0
168905,0.08614827300590827,0
170379,0.08611444481388265,0
163405,0.08611070454833704,0
169011,0.08608940586796848,0
165280,0.08607890199690858,0
170339,0.0860779353563282,0
171164,0.08607681714592003,0
166479,0.08607545725399211,0
162840,0.086072805270853,0
161801,0.08607040946110854,0
162802,0.0860696895418592,0
166534,0.08606934519313593,0
161002,0.08606591312701288,0
165200,0.08605239305746416,0
164560,0.08605073341154414,0
162627,0.0860417260727244,0
160689,0.08604110281778148,0
161057,0.08602348422152292,0
167697,0.08601503849973499,0
163436,0.0859874446161401,0
167658,0.0859785187922963,0
163457,0.085974716485119,0
162861,0.08597398943187913,0
162773,0.08597318331929302,0
168974,0.08596639458785017,0
163733,0.08596083629845505,0
166439,0.08595826546948136,0
167670,0.0859408813547246,0
168208,0.08592751328152269,0
103080,0.085913734892129,0
160775,0.08590303185371956,0
169107,0.08589746941199349,0
168893,0.08588982075552985,0
165529,0.08588713319136933,0
164655,0.08588608122871907,0
163936,0.08587874910378278,0
167934,0.0858746620293822,0
161209,0.0858702589640179,0
162604,0.08586951567999546,0
170945,0.085862524994608,0
161938,0.08586140773655619,0
165005,0.08584947840586964,0
164410,0.08583184354552846,0
170232,0.08582380297938662,0
162806,0.08579729269032552,0
11960,0.08579314441996067,0
171643,0.0857878626222062,0
168660,0.08578695342329266,0
164817,0.08578505978661459,0
162484,0.08578105352019433,0
166537,0.08577360392490435,0
167846,0.08576588770238458,0
165231,0.08574966491806714,0
111059,0.08574410357255695,0
162544,0.08570899973239911,0
168647,0.08570872069009855,0
169504,0.08570838949631687,0
166208,0.08568995053648298,0
165668,0.08567652748168253,0
168705,0.08566257858814014,0
161504,0.08565045352801302,0
161662,0.08560357730254348,0
27869,0.08560262258782,0
160786,0.08558567367009348,0
160630,0.08557526663993682,0
163068,0.08556771204958179,0
160677,0.08556360155203152,0
162392,0.08554814875787821,0
161505,0.08554649703499374,0
171630,0.085533589039488,0
171739,0.08550857134940476,0
163313,0.08550703408452567,0
165573,0.08548584910332584,0
167625,0.08547868938278756,0
161992,0.08546029924814633,0
166306,0.08545719469215506,0
162606,0.08542257664120126,0
166255,0.08541806661714409,0
161932,0.08540870138960854,0
171131,0.0853955317270781,0
161532,0.0853795317617305,0
166086,0.08537654187779052,0
162614,0.08537585006434359,0
164524,0.0853748229400855,0
96545,0.08535728418887571,0
170782,0.08534893517284045,0
168083,0.08534859550633941,0
38097,0.08532256436920278,0
171255,0.08532180456694881,0
167160,0.08531968922077812,0
163917,0.08530870532340867,0
163836,0.08530464516142876,0
168562,0.08522948866051648,0
168998,0.08522930552842972,0
170310,0.08522331468051765,0
169096,0.08522326016907039,0
164876,0.08521871634343052,0
169734,0.08521165791172314,0
171012,0.08520236136131633,0
171055,0.08519878958382285,0
163822,0.08516484171448818,0
169661,0.08515531100107697,0
169470,0.08514885378000524,0
167711,0.08514331601790144,0
163324,0.08513077150510999,0
168697,0.08512865473831183,0
170055,0.08512125385173076,0
163115,0.08511761700631759,0
170311,0.08509529930874078,0
168820,0.08509459097106244,0
164374,0.08508682946984635,0
164514,0.0850867286014251,0
169506,0.08508492780321278,0
161985,0.0850806576063792,0
163320,0.08505338485559792,0
161630,0.08504288323497222,0
164941,0.08503279618681021,0
171795,0.08501945286841933,0
172040,0.08501929861543996,0
168396,0.08499917887565643,0
84075,0.08499822865082876,0
169375,0.08499695084583729,0
106176,0.08499355484698888,0
161324,0.08498979488154088,0
161474,0.08497555837771857,0
27233,0.08495682791738284,0
161419,0.08494075250246591,0
163693,0.08493496809802388,0
166456,0.08492425966108172,0
166739,0.08491816287221128,0
171041,0.08491703739799268,0
164431,0.08491650802499279,0
168465,0.08491635296210293,0
161799,0.08491148062659579,0
169294,0.08490215884718395,0
169113,0.08490186517312603,0
164408,0.08488725809554273,0
7892,0.08488719339901973,0
160778,0.08488419005631402,0
162049,0.08487216515700699,0
170111,0.0848699603550634,0
170737,0.0848658207262987,0
160770,0.08484982082911173,0
163329,0.08483475027329894,0
171886,0.08482020726311809,0
166677,0.08480349499235136,0
164638,0.08477619780367507,0
170043,0.08477518106167899,0
164719,0.0847719833350637,0
168081,0.08476715468037614,0
163205,0.08476143752224674,0
164446,0.08475982815130369,0
164040,0.0847513060317872,0
164615,0.08474447445980811,0
168752,0.08473454477734405,0
161161,0.08472527062835926,0
167911,0.08470990787441111,0
161986,0.08470424886942564,0
171104,0.08469498707283363,0
170129,0.08469150193225435,0
161924,0.08466504871359305,0
163575,0.08465422670368913,0
161979,0.08465109190609446,0
162924,0.08464528861254463,0
170076,0.08464043227425364,0
164030,0.08463279819734984,0
162284,0.08462157748669288,0
161815,0.08461868521229443,0
9961,0.08460192695196182,0
162877,0.08458883697458602,0
162642,0.08458203735006521,0
160271,0.08458174060029398,0
166095,0.08457571380451355,0
161386,0.08456895144109361,0
165530,0.08455942581905236,0
2953,0.08455744483443374,0
168093,0.08454887024861663,0
163884,0.08454765159074859,0
171361,0.0845352380677398,0
167233,0.08452345252078587,0
163010,0.08452188935547869,0
164310,0.08451866629572322,0
171922,0.0845160443878489,0
170342,0.08451483603476398,0
168964,0.0844884359289213,0
168729,0.08446691798348681,0
160269,0.08446452449604268,0
164812,0.0844215862046169,0
170010,0.08441640025245038,0
161739,0.08441381677252514,0
14167,0.08438738781739875,0
171802,0.08435873565527423,0
167415,0.08435829669568898,0
164061,0.08435498728264465,0
67454,0.08434467248417807,0
168553,0.08432732030898063,0
171923,0.08432657019300423,0
168147,0.08431285487248104,0
168282,0.08426094793851524,0
165817,0.08425570591999407,0
162189,0.0842460830951893,0
167739,0.08423403441979406,0
162148,0.08423291511568945,0
163047,0.08421673144043462,0
163698,0.08421335419139557,0
168851,0.0842124492729124,0
168374,0.08420949055472585,0
167570,0.08420668219773261,0
169921,0.08419143544932059,0
165596,0.08418405327569449,0
167111,0.08418327959123312,0
171109,0.08418093439611658,0
165131,0.08416105027141958,0
161175,0.08414001604266932,0
171832,0.08413853905794144,0
160312,0.08412207478593998,0
161843,0.08410127523104442,0
165354,0.08408174305219522,0
164461,0.08407723059163597,0
166470,0.08406038819178216,0
163905,0.08405959685761988,0
168795,0.08405290491187281,0
168462,0.08403458081039085,0
167385,0.08402485407118991,0
169055,0.08401888277841321,0
171830,0.08401683836247256,0
4045,0.08399462481297106,0
162910,0.08398506123078432,0
57579,0.08397352244128482,0
160297,0.08396984279405643,0
169311,0.08395982904029788,0
160857,0.08395567683194734,0
165592,0.08394192930885216,0
164811,0.08393338624732559,0
167301,0.08391232497008053,0
171026,0.08389901714689056,0
169355,0.08389660641245973,0
169847,0.08388860201822858,0
167268,0.08388603786898073,0
168843,0.0838850108704521,0
168891,0.08387683599757373,0
166011,0.08386410133376536,0
160554,0.08385364645212588,0
169489,0.08385050153850923,0
170835,0.08383132148134989,0
162250,0.08382337568674988,0
166939,0.08382305992130629,0
160600,0.08381898062425144,0
165348,0.08380118766508138,0
164515,0.08379184210260451,0
167380,0.08378743713139962,0
169725,0.08378276053185918,0
171756,0.08378068446759815,0
169936,0.08377630098377507,0
170275,0.08377365663653506,0
162159,0.08376133134564279,0
160538,0.08371864357240442,0
164943,0.08370147579779873,0
165652,0.08367224492212202,0
171654,0.08367207602920189,0
172081,0.08366650966684737,0
162748,0.08365447411476044,0
167654,0.08364695796695615,0
166729,0.08364665443090676,0
164088,0.08364068825482372,0
160575,0.08362831122402398,0
165074,0.08361161344414152,0
162811,0.0836046173265145,0
168423,0.08359335010362186,0
170355,0.08358315161647985,0
171340,0.08357728581587656,0
166257,0.08355816093114228,0
165703,0.08354852344850469,0
162723,0.08352309106497036,0
164066,0.08350389686062284,0
162898,0.08350032662857228,0
165382,0.08348352759133998,0
163533,0.08347078013747707,0
165887,0.08345437552485874,0
57369,0.08344657031342433,0
4676,0.08343472675038431,0
170213,0.08339939255796132,0
171450,0.08338899092200695,0
169268,0.08338427487239077,0
160900,0.08338248101791249,0
164346,0.08337682942867737,0
85727,0.08337330648334838,0
162661,0.08337265825594378,0
96837,0.08337069775960126,0
27207,0.08336386706780755,0
163197,0.08335651934530766,0
165685,0.08334545337532512,0
169920,0.0833452721707311,0
170231,0.08334041218100763,0
162880,0.0833226381711523,0
170407,0.08331206353408072,0
171076,0.0833047042371675,0
166113,0.08330344662327571,0
97794,0.08329854102315441,0
171604,0.08328932752724547,0
161536,0.0832805622587388,0
3934,0.08327663283074095,0
171107,0.08327641915930425,0
165130,0.0832763816703622,0
167843,0.08326979306427776,0
162703,0.08326373288080618,0
162364,0.08324449308901756,0
11975,0.0832430310780812,0
166032,0.08323765258731904,0
65756,0.08323554297967709,0
171772,0.08323359294372615,0
29621,0.08322462638264155,0
171455,0.08322022925018385,0
165718,0.08320861624138706,0
170996,0.0832076155956768,0
162127,0.08320658465335487,0
160341,0.08318997142620103,0
170436,0.08318805883795943,0
165802,0.08316799132526372,0
164535,0.08316452663818298,0
171447,0.08315639005179837,0
164373,0.08315037946050506,0
168328,0.08312294987210707,0
162958,0.08311767732891823,0
15340,0.08311651015006921,0
164713,0.0831156664574636,0
80444,0.08311068733808409,0
171828,0.08310941561802271,0
169609,0.08307241458510695,0
164910,0.08307123576147979,0
169462,0.08306994336862017,0
170971,0.08306917842131781,0
164728,0.08306743856330427,0
164482,0.0830564414554352,0
162028,0.08305426369247418,0
161828,0.08304900074241005,0
170943,0.08301123241753802,0
161673,0.08300581858564882,0
162568,0.08300331394701432,0
171198,0.0830013921966793,0
94415,0.08293582613766436,0
162048,0.08292711167115854,0
161120,0.08292609882512417,0
162395,0.08292555241104793,0
164183,0.08292403400335732,0
172052,0.08292274797709268,0
18893,0.08292255369073609,0
54786,0.08290972059217397,0
166354,0.08290552304455416,0
170410,0.08290425102910415,0
168793,0.08290194545897309,0
164266,0.08289196599413888,0
160981,0.0828829866976246,0
168024,0.0828789948895188,0
163302,0.08287437204551885,0
170896,0.08286410291061529,0
167248,0.0828618293229865,0
163434,0.08285933556384581,0
166275,0.08285298454125076,0
165390,0.08283552244959895,0
168879,0.08282391588176118,0
164473,0.08279960806288074,0
165320,0.08279347411558893,0
166870,0.08277968570827152,0
163797,0.0827720555562986,0
163007,0.08276411564975775,0
170203,0.08275319879759006,0
161473,0.08275193034118027,0
168841,0.08274401651865713,0
165214,0.08274135529924531,0
168812,0.08272618408055527,0
162318,0.08270536041121476,0
162990,0.08270530138658883,0
162954,0.08269575904160122,0
169137,0.08269229780250102,0
164729,0.08264847528444398,0
162201,0.08264493223635878,0
14445,0.0826448282275052,0
170919,0.0826428123211319,0
169291,0.08263951047188618,0
10366,0.08262649885757237,0
166073,0.08261304358409169,0
160296,0.08261297035838991,0
168494,0.08260822256762199,0
167639,0.08258873773236215,0
171513,0.08258653693322923,0
161784,0.08258648045915276,0
160720,0.08257357475098347,0
163837,0.08256822015442827,0
171353,0.08256484937147743,0
170817,0.08256357831785555,0
164407,0.08256219272346801,0
170974,0.08255127171730348,0
166314,0.08254692540979842,0
168720,0.08252971237945725,0
165282,0.08252819208517473,0
163840,0.08250310744660917,0
163899,0.08249743378730515,0
163282,0.08249712003112523,0
171212,0.08247782789599543,0
24109,0.08247229201843732,0
163732,0.0824630915452296,0
164294,0.08246233006226913,0
171500,0.08244926436425748,0
167790,0.08244329939134977,0
161562,0.08244095155655322,0
34210,0.08243791769547465,0
86978,0.08243402712154566,0
165033,0.08242739034184184,0
164642,0.08242130145604297,0
165478,0.08241980998391722,0
161922,0.08241466607052875,0
171554,0.08241227958353099,0
164913,0.08241015065135893,0
171034,0.08239350869499162,0
162858,0.08239123683658972,0
163887,0.08238890478988567,0
169680,0.08238500645599163,0
83205,0.08238355802078678,0
168322,0.08237366353978526,0
165217,0.08237007917755687,0
166418,0.08236949943148046,0
167829,0.08233471421533779,0
165290,0.08233114786902135,0
167703,0.08232944510226624,0
100309,0.08232084399922454,0
94568,0.08230645282200781,0
172102,0.08230235400901571,0
166380,0.08229090803566136,0
171281,0.08228840636549586,0
160318,0.08228358292682936,0
163491,0.08228026943064222,0
161721,0.08227935162877503,0
162004,0.08224809429934425,0
161469,0.08224750614953766,0
169004,0.08223378582309955,0
167798,0.08222648296261732,0
168625,0.08221578009796829,0
165235,0.08220612777739987,0
169778,0.0821982114571389,0
169783,0.08219550557030691,0
162817,0.0821814402407,0
161114,0.08217079889464736,0
165519,0.08216727407355293,0
160314,0.0821616078144697,0
167738,0.08215900665131176,0
168416,0.08215443118858634,0
77483,0.08214775444879624,0
170481,0.08214436600127221,0
163862,0.08214287696241078,0
161227,0.08213709729424817,0
164522,0.08213188161798646,0
26857,0.0821248831123313,0
160541,0.0821078695858344,0
164114,0.08208198560259537,0
166188,0.08206395181210437,0
165792,0.08205542018785258,0
165132,0.082052217709418,0
167088,0.08203789724576112,0
167797,0.08203561163074718,0
171286,0.08203464201223216,0
171475,0.08202376856151039,0
160762,0.08201757867996176,0
163973,0.08201387902196378,0
165639,0.08200411223344749,0
168029,0.08199232324464735,0
160723,0.08199137938936037,0
162926,0.0819675441542582,0
163714,0.08195713675257185,0
161683,0.08194519180280227,0
167694,0.08193257077456409,0
163181,0.08192692001060475,0
161903,0.08192526625131032,0
171916,0.0819216909914879,0
170519,0.08190462644796649,0
170700,0.08189639947642843,0
165377,0.08188748243417839,0
166640,0.08188509280813583,0
170064,0.08187044716130425,0
169231,0.0818435116787622,0
164417,0.08182522258890547,0
161777,0.0818097168808588,0
169980,0.08180713922877127,0
162255,0.08179056066341456,0
168718,0.08178470651720071,0
169893,0.08177470665325251,0
169261,0.08177261588456769,0
166229,0.08174808312802342,0
167130,0.0817461070374215,0
168780,0.08171761824374281,0
161727,0.08169198362463871,0
167968,0.08168345702205222,0
160717,0.08168221420186396,0
164933,0.08167395844706869,0
165684,0.08165821171947284,0
161688,0.08164792615636869,0
169265,0.0816462901649191,0
161169,0.08164196596381361,0
105427,0.0816288062032584,0
163634,0.08162296935279806,0
164082,0.08160994876666912,0
162842,0.08160908746028912,0
171346,0.08159269275657649,0
169736,0.08154864075211801,0
167772,0.08153092435975744,0
163780,0.08152459250889191,0
168927,0.08149857214830328,0
163817,0.08148430461268434,0
92887,0.08148217260339967,0
164157,0.0814738703157599,0
165418,0.08145265063015208,0
166681,0.08144111040239671,0
165151,0.08143987217841328,0
166916,0.08142178276647842,0
166912,0.08140213505173945,0
166035,0.08138427988454422,0
1767,0.08137499989128286,0
162327,0.08137402323367628,0
164698,0.08135878838301208,0
169826,0.08135402044858235,0
171208,0.08130464480286254,0
169033,0.0813038122646627,0
170593,0.08130358913030813,0
171871,0.08129645209319508,0
166815,0.0812958273549704,0
169343,0.08129372656116582,0
164575,0.08129317041191647,0
160363,0.08128700297488074,0
168797,0.08125247784158939,0
166212,0.08124723927308437,0
163198,0.08124554855647198,0
169956,0.0812453181267672,0
166585,0.0812438803758582,0
171631,0.08124110289063996,0
26413,0.0812372236443661,0
168059,0.08123252164689398,0
164229,0.08122992392547503,0
18731,0.08122413716144256,0
164083,0.08121087168244219,0
170307,0.0812081637125552,0
164328,0.08120126725595968,0
168954,0.08119836591286211,0
168084,0.08119323896834862,0
162103,0.0811791040066365,0
165103,0.0811731253971662,0
160908,0.08117203064260825,0
163419,0.08117131062523997,0
170461,0.08114912922853328,0
100500,0.08114761815019046,0
170265,0.08114255809958082,0
168684,0.08113958066662798,0
108710,0.08113694516264532,0
97953,0.08113115970534475,0
61816,0.08112040143840032,0
160309,0.08110523600740395,0
165870,0.08110229204269137,0
160761,0.08107820145635246,0
162487,0.08106034006146144,0
170470,0.0810467322368093,0
171226,0.08104476332354825,0
163423,0.08104313408234595,0
169603,0.08103984659727088,0
162597,0.08103412809368654,0
167770,0.08102856508263798,0
82624,0.08102751648033957,0
167753,0.08102183450158927,0
167431,0.08101617544868144,0
171665,0.08101398324607345,0
160670,0.08100864945552357,0
164498,0.08100600907481227,0
169183,0.08097405495087656,0
165976,0.08096683590452046,0
161076,0.08096212271791721,0
75833,0.0809611783516809,0
170987,0.08095619879019787,0
168426,0.08091643093292913,0
170585,0.08091570229480291,0
164852,0.08089238297455541,0
168078,0.08088632352574406,0
171596,0.08088511358944776,0
160660,0.08088396757713275,0
162193,0.08088124904729424,0
166122,0.08087451030743935,0
168405,0.08085707546857437,0
55714,0.08084530812121443,0
168929,0.08083616319725773,0
169392,0.0808278495698776,0
168477,0.08081570552158714,0
168772,0.080814523723361,0
170294,0.08081386523594651,0
166154,0.08080819170070208,0
170402,0.08079265579713867,0
169014,0.08079231855358125,0
168048,0.0807855424521612,0
165293,0.08077877631957753,0
163408,0.08077869212955294,0
165351,0.08077135544314283,0
170258,0.08077123931989685,0
169347,0.08076261414123992,0
169962,0.08075179508509261,0
166067,0.08075016515467898,0
168277,0.08074998811777548,0
166424,0.08074492238160359,0
167659,0.08074227986130068,0
160543,0.08073338005575935,0
161706,0.08071117194970642,0
167814,0.08070461740493032,0
167891,0.08069316314624439,0
168155,0.0806862682532342,0
165618,0.08064978731894056,0
40711,0.08062653058064771,0
161730,0.08062496396815165,0
162401,0.08062088023290645,0
167851,0.08060077233780336,0
169089,0.08058902059857818,0
162057,0.0805831656474896,0
163368,0.08057622028168697,0
166976,0.08055335675549805,0
18221,0.08054314523963085,0
164079,0.08053631134779708,0
103171,0.08053547453526759,0
167682,0.08053530481409574,0
170046,0.08052611470133052,0
169904,0.08051193950440526,0
170215,0.08047925207918624,0
166849,0.08046726730398489,0
91675,0.08046620564579586,0
168514,0.080447846863215,0
171898,0.08044732334228777,0
171667,0.08043173474761578,0
166623,0.08041933954583302,0
168361,0.08041683759239368,0
161713,0.08041228079091696,0
160335,0.08040213129394795,0
161278,0.0803960915740957,0
167076,0.08039437102976683,0
164970,0.08035753656578355,0
170997,0.08035364172904473,0
163776,0.08033246664006305,0
170922,0.08028081418074887,0
161521,0.08027000242308183,0
168012,0.08026956027316245,0
2057,0.08026059376738957,0
161463,0.08025790190198515,0
165171,0.08025738893809711,0
163978,0.08024603682744327,0
161776,0.08023154129511381,0
171430,0.08022046801016285,0
169878,0.080215552861481,0
164806,0.08020250811162433,0
166721,0.08015359970418112,0
168873,0.08014452014607672,0
165949,0.0801390029128915,0
169141,0.08012572339702329,0
167845,0.08012533111896303,0
166515,0.08009729337351357,0
169937,0.08009319185751791,0
162386,0.08008619829371573,0
167872,0.08007239309917553,0
170726,0.08006311573901143,0
161627,0.0800614983925123,0
3456,0.08005927518137039,0
168300,0.080058279114354,0
168874,0.0800535954571707,0
169963,0.08003111847006686,0
165238,0.08003045120116595,0
164255,0.08001595923503747,0
160533,0.08000112679155454,0
164796,0.07999646513467866,0
4234,0.07998358712136612,0
168238,0.07998057933432604,0
166915,0.07995163204506782,0
166480,0.07993430655027191,0
160658,0.07991179117074791,0
165673,0.07989721019622044,0
165669,0.07987290247113285,0
166441,0.079870002712105,0
163272,0.07984932294614375,0
164567,0.07983079970901878,0
160710,0.0798206463041388,0
167337,0.07980948655932582,0
171240,0.07978565540016642,0
167727,0.07974875122591357,0
165327,0.07974612431640912,0
171175,0.07974387892136732,0
163908,0.07971337621927968,0
165739,0.07970567552559218,0
164380,0.07970357997953663,0
169028,0.07968872131921145,0
168266,0.07968556022347933,0
163658,0.07966581381951371,0
164879,0.07964555293806992,0
166531,0.07963449807845406,0
163875,0.07960693044465518,0
167022,0.07959942620230788,0
170548,0.07959441160400553,0
167681,0.07957504183898802,0
168995,0.07955345739085888,0
171975,0.0795492618050211,0
167624,0.0795288806475826,0
164454,0.07951753217638635,0
168383,0.0795040288238784,0
161758,0.07949264272650476,0
164428,0.07948501677070904,0
162558,0.07947949111869253,0
162791,0.07947526520910488,0
166545,0.07947231151662268,0
160867,0.07947112876950639,0
92484,0.07946438414583996,0
104946,0.07946299783170352,0
162052,0.07946018136911492,0
168036,0.07944277694113278,0
162286,0.07941044048288866,0
165902,0.07941043426383207,0
170105,0.07936876600262564,0
167870,0.07936212538261003,0
169467,0.07935979226877081,0
40060,0.07933209017780962,0
161576,0.07933151706115897,0
170995,0.07932644474354379,0
163769,0.07928260277341888,0
165129,0.07927494064020119,0
162883,0.07926469848325036,0
169624,0.07925470534236782,0
160642,0.0792399428854576,0
169370,0.07923266173081579,0
163842,0.07920423762688136,0
162258,0.07920115134896094,0
168228,0.07917861498100849,0
161245,0.07917262436581059,0
168968,0.07914576554763902,0
163182,0.07914183667708775,0
167421,0.07914014608805245,0
169133,0.07913746659113792,0
160794,0.07913735690524885,0
161797,0.07912759897525119,0
167399,0.07910504601829277,0
165915,0.07909990741608507,0
162979,0.0790905684975314,0
166797,0.07909048839650101,0
171742,0.0790753847497549,0
161363,0.07907519431896821,0
165462,0.07906450011338673,0
168622,0.07904731261813044,0
169322,0.07904484552419146,0
171378,0.07903690652202537,0
170566,0.0790296778130199,0
169260,0.07902954522374005,0
171573,0.079010566660066,0
167807,0.07900707424979118,0
164900,0.07899942980771636,0
161940,0.07895699686493694,0
169140,0.07895506065083434,0
167472,0.07892022929972531,0
160784,0.07891517809153546,0
160564,0.07891184309332289,0
172037,0.07891144165968543,0
163803,0.07889781079380978,0
168095,0.07889662727919991,0
164493,0.07886689227147974,0
163307,0.07885299842435868,0
163585,0.07884607300005203,0
167018,0.07884057529418272,0
165561,0.07883715856804603,0
169531,0.07880616949886221,0
46095,0.07879669606331194,0
168100,0.07879573639796549,0
169894,0.07878100105864784,0
163004,0.07874229758546405,0
170511,0.07873539378526666,0
163373,0.07873519443359511,0
170316,0.07872979044955515,0
170459,0.07871630477268228,0
160598,0.07871453802977459,0
161626,0.07871050229821389,0
169072,0.07869673978716911,0
169160,0.0786751981036542,0
165050,0.0786726920121841,0
161354,0.0786619373303584,0
172065,0.07865347910799217,0
160445,0.07864612673002264,0
165563,0.0786409796312825,0
170381,0.07863751192260385,0
171303,0.07862837581415415,0
170153,0.07862125800116192,0
168627,0.07861558737178187,0
165298,0.07858277783161587,0
163699,0.07858078240061846,0
170991,0.07858070159637934,0
164733,0.07857358102997068,0
171295,0.07856929628003367,0
169880,0.07856851549434989,0
167329,0.07856827199520752,0
168849,0.078557033173272,0
168813,0.07855532236792433,0
166828,0.07854444584356877,0
169972,0.07853260902167748,0
171374,0.07852364405965526,0
163516,0.07852359287164637,0
164783,0.07851881565721036,0
171199,0.0785152274137499,0
161503,0.07851241939547036,0
169584,0.07850872845994072,0
166279,0.07850134178271838,0
17090,0.07847694052716726,0
164323,0.078465399147863,0
168039,0.07846301100478396,0
168837,0.07845644212057107,0
163745,0.07844832406021449,0
160910,0.07844391616523329,0
167060,0.07842879979988986,0
169788,0.07842506177648548,0
166271,0.07841988324783938,0
168030,0.07839187691740991,0
166273,0.07839007877782354,0
164668,0.07836158936707462,0
170631,0.07836061483341772,0
167548,0.07833229345677895,0
162585,0.07831052309949903,0
166752,0.07828028197015183,0
160844,0.07825549316575343,0
162801,0.07823856786272002,0
168457,0.07823782848025711,0
168151,0.0782377021248097,0
99520,0.07820742743088933,0
87696,0.07819438865721966,0
168658,0.07817256281727761,0
167288,0.07815438761615183,0
165139,0.07814197529235642,0
171239,0.07813594186755264,0
167340,0.07807690356365496,0
163517,0.07807416798993924,0
169439,0.07807193651453428,0
166690,0.07806583115314304,0
167994,0.07805934780618529,0
48022,0.07805640572568368,0
166504,0.07805270850972047,0
170802,0.07804324537894566,0
160423,0.0780266403416632,0
170325,0.07801602460346209,0
163048,0.07799862450432062,0
160287,0.07799339450827121,0
161639,0.07796183889820459,0
165505,0.07794805205528288,0
29774,0.07793844139224917,0
160262,0.07792909948536868,0
166149,0.07792905107389461,0
163102,0.07792885234162841,0
161292,0.0779189990890142,0
166417,0.07790611584041862,0
167236,0.0779034002540242,0
26976,0.07790300626274872,0
45010,0.07789419791857129,0
170185,0.07788226946162266,0
170664,0.07787868216628122,0
166351,0.07781057756959042,0
166262,0.07780791617493617,0
167112,0.07780491227035419,0
160496,0.0777945948788819,0
8305,0.07778544024075446,0
163895,0.07778531305855868,0
168339,0.07778356494204144,0
161275,0.07775752968763114,0
162687,0.07775251700279019,0
170735,0.07775228611402558,0
169442,0.07773707227607664,0
169761,0.07773283684124344,0
170337,0.0777223522805233,0
163521,0.07771474798398834,0
165187,0.07771048145098142,0
160404,0.0776896526899086,0
171707,0.07767535021172753,0
161195,0.07766556261830818,0
168215,0.0776646201449106,0
165987,0.07759800815229063,0
162785,0.07755501515720835,0
167203,0.07755409164276424,0
166362,0.07754843093838629,0
169863,0.07751313087684536,0
162540,0.07750817025288272,0
165133,0.07750074248535453,0
162971,0.07749645585011178,0
160938,0.0774921932389501,0
166327,0.07749209064616892,0
166223,0.07748307656824066,0
162264,0.07746348149484535,0
170166,0.07746328270096865,0
162654,0.07744004974679157,0
163755,0.07743783753092674,0
164371,0.07742743439477862,0
166768,0.07742686738260854,0
167476,0.077414810614479,0
76567,0.07740992983519522,0
164791,0.07739840201875482,0
167273,0.07738732770752439,0
164545,0.07738152580089619,0
161946,0.07737901316806939,0
171655,0.07737697108693059,0
161069,0.07737477742708453,0
162055,0.077374123164343,0
164068,0.0773676719208392,0
166491,0.07735623960364238,0
160853,0.0773448835754742,0
164726,0.07733666087378184,0
171319,0.07733542088767559,0
164379,0.07732081606015793,0
163675,0.07732068684193866,0
161807,0.07730770189820059,0
170399,0.0772921303651191,0
161955,0.07728275888775883,0
168796,0.07728129246405821,0
163064,0.07726486170205901,0
163406,0.07726382265446699,0
164549,0.07725644580659648,0
168212,0.07723458819976893,0
170360,0.07722330903055882,0
166126,0.0771815659479429,0
163635,0.07717813790318019,0
163947,0.07717777223025932,0
161880,0.07717104548326133,0
170344,0.07714003189356218,0
8754,0.07713596741900784,0
166198,0.07713575890754695,0
165729,0.07712268466734222,0
4543,0.07710201625912602,0
50882,0.07708415563936144,0
160962,0.07707739548616613,0
167631,0.07707657818609176,0
165459,0.07707504432624307,0
169721,0.0770481575268012,0
33589,0.07704756265067218,0
161099,0.07703877472440647,0
161083,0.07702209976531747,0
164792,0.077012722853243,0
171489,0.07699404481607021,0
161697,0.07698923896177552,0
169742,0.07698750957303017,0
167802,0.07698263391271705,0
160645,0.07692380784991329,0
163143,0.07691027061831111,0
167917,0.07689572685093268,0
166660,0.0768952310530687,0
164547,0.0768846453601062,0
163700,0.07687244304925342,0
163087,0.0768594902050821,0
165952,0.07685848912451179,0
161970,0.07684322691499813,0
164644,0.07682719797884366,0
164712,0.07681241872163719,0
169919,0.07679491212778632,0
166453,0.07679156730343777,0
167990,0.07676267646341585,0
170032,0.07676105135273371,0
163838,0.07676062583495152,0
163900,0.07671919423855528,0
170526,0.07670363046052846,0
168346,0.07669733891523968,0
165855,0.07669333531262056,0
166360,0.0766927156532044,0
162700,0.07668970578145577,0
169716,0.07668808396973578,0
163233,0.07668526236545656,0
82329,0.07668213819826153,0
164931,0.07667320720331457,0
166421,0.07666036083333064,0
171185,0.076646990902634,0
165602,0.07664033998282344,0
166296,0.07663974487957884,0
164987,0.07663940178890664,0
162869,0.0765988944636666,0
169508,0.07658106164092615,0
168878,0.07657021587767875,0
170875,0.0765694935649497,0
170754,0.07656879369166543,0
18513,0.07655215383337097,0
167541,0.07653254885039622,0
166980,0.07652646774027552,0
168875,0.07652376849242612,0
167742,0.07648707574244652,0
111431,0.07645756885190179,0
171228,0.07645671779107197,0
166019,0.07645594371564196,0
169368,0.07645473122677268,0
171279,0.07644244430875569,0
161640,0.07641194616234984,0
163835,0.07640848570766702,0
160635,0.0763578309038059,0
171873,0.07634548458451845,0
168145,0.07631097757976257,0
160623,0.07628810468799886,0
160412,0.07628273184973776,0
165838,0.07627974019272112,0
165190,0.07625226298499063,0
164903,0.07624154489494134,0
161686,0.0762409500446573,0
167919,0.07623761208909959,0
168863,0.07621995381542454,0
160348,0.07621993244071697,0
167149,0.07619200290183666,0
172018,0.0761795213410838,0
170506,0.07617344738794676,0
171151,0.07616845207364037,0
170098,0.07616385635490033,0
167325,0.07615185370555953,0
162071,0.07614765453525851,0
162609,0.07614565029639825,0
167766,0.07614327677399128,0
167700,0.07611885242591626,0
170438,0.07611453255703338,0
168743,0.07611325227556627,0
161360,0.07611201379128707,0
161506,0.07611119645087386,0
164980,0.07609345943449874,0
163916,0.07607348865729247,0
167200,0.07606133624755289,0
167016,0.07605290951195913,0
169804,0.07603374819775384,0
163567,0.07600393041662173,0
167632,0.07600170600311378,0
171272,0.07598940105389575,0
169401,0.0759813367389419,0
56485,0.07597614074234262,0
165056,0.07597140318659952,0
165591,0.07596226073159236,0
169669,0.07595234170326931,0
169074,0.07593442841540433,0
164465,0.07593348636864268,0
166727,0.07593255349518199,0
163223,0.07589150427145354,0
161625,0.07588051127412564,0
168654,0.07586604483320333,0
163657,0.07583843200772582,0
168315,0.07583478783438545,0
163723,0.0758344451371727,0
166232,0.07583257558503817,0
160370,0.07582780764444381,0
170011,0.0758260291821738,0
166819,0.07579770445202626,0
167218,0.07578076563457768,0
170632,0.07577330849253355,0
171585,0.0757723885197844,0
170524,0.07576647599671846,0
164831,0.07576420019416481,0
168923,0.07573871261076243,0
164034,0.07573627353946229,0
162946,0.07571786883218708,0
165894,0.07571776695774934,0
169877,0.07571511099975006,0
166905,0.07570742045515341,0
171047,0.07568569895090299,0
171831,0.07567064754367658,0
165626,0.0756697341695651,0
168844,0.07566296799003232,0
168770,0.0756506758413281,0
163487,0.07563919341401645,0
166684,0.07561249286258771,0
165349,0.07559105308455323,0
165437,0.0755904535030205,0
14656,0.07559039364000864,0
165143,0.07559007295617454,0
160448,0.07558743000665274,0
166517,0.07558451782485545,0
161425,0.07552881762398374,0
164254,0.07552760766254452,0
168786,0.0755124611140365,0
170127,0.0755113396177974,0
101192,0.07550885758583602,0
160806,0.07550499750459179,0
169683,0.07550246327916535,0
163146,0.07548596169512357,0
161091,0.07547461946733541,0
163551,0.07546950843137529,0
163098,0.07546174779276155,0
160266,0.0754538638977118,0
163570,0.07544836619815389,0
160821,0.07544805316080416,0
171019,0.07542175353020295,0
165732,0.07542073734876642,0
165979,0.07541958324742486,0
162097,0.07540757668040467,0
170371,0.07539264319213637,0
164072,0.0753907480189382,0
162931,0.0753619109374824,0
163286,0.07533870082127216,0
169586,0.07532630923542953,0
162054,0.07532157921729854,0
162215,0.07531459670344026,0
161987,0.07531164566926127,0
162935,0.07529532208500986,0
164078,0.07528716347365091,0
167177,0.07527027444827904,0
171387,0.07526298438330295,0
166525,0.07526218402384988,0
170668,0.07525129988123526,0
167202,0.07524233561094143,0
170777,0.07523644034650051,0
163966,0.07521413313787186,0
161486,0.07519174371138813,0
164076,0.07518749110161412,0
170951,0.07515555524964172,0
165315,0.07515467649718749,0
170012,0.07515025140722603,0
162889,0.07514893952873786,0
170769,0.07513454508365168,0
167768,0.07513409740106172,0
165972,0.0751302465623707,0
169333,0.07510881734630123,0
163462,0.07510416292104465,0
165993,0.07510181623434851,0
167058,0.07509312565905275,0
166617,0.07508275630789431,0
164448,0.0750594836539318,0
169663,0.07504377893307176,0
166206,0.07498376929102184,0
164178,0.07496813618891454,0
162503,0.07495385852953923,0
172043,0.07493298605824561,0
161648,0.07493044911485927,0
166526,0.07492197318679758,0
168696,0.07492048630844303,0
160691,0.07492001409880986,0
169577,0.07489046671687723,0
164902,0.07488020736197597,0
166928,0.07484964741485195,0
165375,0.07484106383288541,0
160494,0.07483955820127848,0
165454,0.07481807489738422,0
161457,0.07481102965684047,0
168951,0.07479107086722542,0
171169,0.0747764575581123,0
167195,0.07474133467758033,0
164528,0.07473977298328997,0
160632,0.07473798375402652,0
163652,0.07473678759661508,0
167199,0.07473624273132663,0
161468,0.07469136109501422,0
164732,0.07468585629784324,0
163037,0.074658846157901,0
166608,0.07465551431347259,0
166500,0.07463245547638073,0
170103,0.07462113491926346,0
169443,0.07461856202049767,0
165968,0.0746009501283213,0
160449,0.07459584419121862,0
169041,0.07459215656707434,0
170744,0.07457766163783275,0
163747,0.0745755399072241,0
162620,0.07456423183226163,0
161561,0.074559003019641,0
165277,0.0745564802413503,0
160255,0.07454362533868818,0
170306,0.07453795783276193,0
171413,0.07453691897455246,0
161301,0.07453338130822659,0
161879,0.07452440114643222,0
165353,0.0745237236436576,0
166394,0.07449219601410983,0
170444,0.07448397716727881,0
169228,0.07448174186249838,0
167723,0.07448124658392281,0
165843,0.07444219379254281,0
166030,0.0744281530101644,0
27638,0.07442530987309384,0
163014,0.07441977665340364,0
164789,0.0744158121501399,0
171112,0.0743903687185096,0
171970,0.07438735634509794,0
169324,0.07435885517579244,0
166649,0.07435812392928369,0
172117,0.07434747432800697,0
165014,0.07433679163051383,0
169001,0.07433542729742268,0
161790,0.0743260247108762,0
169568,0.07431918595864906,0
164177,0.07430849695212141,0
171796,0.07429771737230725,0
162747,0.07427854162407577,0
165242,0.07425760650013472,0
167543,0.07425756955583278,0
77613,0.07422788491110409,0
165992,0.0742227007047085,0
163156,0.07417805909221532,0
166779,0.07417689446282123,0
167187,0.07416934641421653,0
167710,0.07416695457449947,0
169930,0.07416217070037391,0
41648,0.07415875052242436,0
170007,0.07413364073365152,0
165357,0.07412695953791174,0
163252,0.07411958429105461,0
169115,0.07409716289304585,0
171944,0.07406114428708133,0
169910,0.07405689096919858,0
170699,0.07404824323593762,0
160829,0.07403899822551954,0
160904,0.07403013324843062,0
161896,0.07398794325885318,0
163555,0.07398151241537171,0
160730,0.0739783878541645,0
163065,0.07397492519841498,0
160909,0.07397223185150614,0
165032,0.07395637770592511,0
160859,0.07395599863968626,0
169352,0.07395140583953735,0
168517,0.07394654944775399,0
165288,0.07391929005828636,0
166282,0.07391130147230716,0
167946,0.07387606097949917,0
168341,0.07386838389127028,0
170141,0.07386754617839406,0
164490,0.07385802126481551,0
161659,0.07385291176606534,0
161610,0.07384675363709671,0
166591,0.07384124720844605,0
166249,0.0737974251047579,0
169518,0.0737879910073316,0
163456,0.0737771598372074,0
100286,0.07377137426027518,0
162613,0.07376567929181464,0
171527,0.07376074672211234,0
96140,0.07376026692786242,0
171186,0.0737388946321099,0
161877,0.07371806120233611,0
163880,0.07371393855648185,0
161977,0.07370697768483125,0
160346,0.07369297074441529,0
169949,0.0736904217304548,0
171200,0.07364178750631743,0
171880,0.07363032296570805,0
167240,0.07355765234687067,0
165262,0.07354879520705573,0
166839,0.07354491361190388,0
164778,0.07354135122648903,0
162316,0.073537127723001,0
160728,0.07351901994003035,0
171227,0.0735124372405389,0
163637,0.07350128101339573,0
163827,0.07349499215403511,0
168471,0.07347402663700768,0
168421,0.07346459811792572,0
166782,0.07346206267606147,0
164138,0.07344294020327112,0
62257,0.0734390060005113,0
168271,0.07343439479314273,0
167307,0.07343316937702447,0
169296,0.07343213611739711,0
168015,0.0734219454629423,0
167976,0.07341325009881677,0
165403,0.07340955087140523,0
167366,0.07340723054331073,0
105489,0.07340266494974042,0
171621,0.07339884330980556,0
160760,0.0733889000956678,0
165875,0.07337052360168611,0
167094,0.07336092569649816,0
167748,0.07335483876232447,0
160994,0.07334879693382726,0
168825,0.073346629933297,0
160526,0.07334224953910337,0
42201,0.07332448704380166,0
1400,0.07331249728077506,0
170380,0.07330456020918784,0
163257,0.07328683220758345,0
169057,0.07328492751426656,0
168117,0.07328420750679247,0
164322,0.07327102481508845,0
170341,0.07321696638482345,0
172092,0.07319962555203598,0
43600,0.07318445978810366,0
160776,0.07318097726953568,0
166862,0.07317945263712712,0
161515,0.0731776719494886,0
163094,0.07317561828610814,0
171260,0.0731538515081424,0
162678,0.07314960278017077,0
171727,0.07314627695457515,0
165188,0.07313582586182732,0
161253,0.07313440223540467,0
59471,0.07312414135732485,0
170063,0.07308825142023535,0
161884,0.07308653225536238,0
171728,0.07306450567901401,0
169034,0.07305630209212692,0
161074,0.07303567904236916,0
166843,0.07302445386697985,0
161883,0.07302163123468156,0
167925,0.07301920557381354,0
164308,0.07301615332728373,0
169940,0.07301371162390068,0
161339,0.07300622540980754,0
162299,0.07299848901217644,0
168201,0.07296020169875368,0
160652,0.07295034184815799,0
163287,0.07294187680943137,0
167787,0.07292506027528055,0
69223,0.07291910366702246,0
170131,0.0729177992727457,0
171888,0.07291653968784971,0
168459,0.0729145928225779,0
160407,0.07290821727290549,0
162435,0.07289874734778662,0
168926,0.07289635674114932,0
165365,0.07289480318680214,0
165956,0.0728928131772662,0
170467,0.07287257482460657,0
6653,0.07286417633764258,0
160311,0.07283431052543288,0
38432,0.07283139443934462,0
161646,0.07280549099938695,0
42212,0.07278665939460693,0
164704,0.07278115114966839,0
164711,0.07277640274278621,0
160774,0.07277302231134263,0
166724,0.07275149158697644,0
171275,0.07272379887345332,0
171029,0.07271555412989673,0
168804,0.07271198951658012,0
171162,0.07271104255053298,0
166881,0.07270239633973206,0
169312,0.07268692660320804,0
169994,0.0726789845939241,0
161746,0.07261980930590362,0
164761,0.07261496253663689,0
161948,0.07259837397650123,0
161586,0.07259124353578579,0
166197,0.07256535605943054,0
162513,0.07253545856475373,0
161387,0.07249841242391171,0
5912,0.0724764629521533,0
160756,0.07247481835100857,0
170982,0.07247469727647102,0
161068,0.07244688003740797,0
160419,0.07243268542091223,0
32493,0.07243196323763301,0
168198,0.07239497746400933,0
167507,0.07239266086634392,0
161694,0.07237918606546141,0
160700,0.07237388417804881,0
164656,0.07236585743865057,0
166553,0.072352782770888,0
170721,0.07233235967853929,0
162846,0.07231857703975528,0
160536,0.07230524589441019,0
170418,0.07229024443296075,0
170755,0.0722822216986,0
165500,0.07226949061551592,0
164156,0.0722641453640954,0
161990,0.07225503311738209,0
160787,0.07224556873025492,0
167973,0.07223827125203841,0
162566,0.07222153461028206,0
171918,0.07222139659781095,0
166079,0.0721976386448239,0
163359,0.07215402557265498,0
169009,0.0721533981039061,0
167429,0.07214488681634264,0
171365,0.07213687264217754,0
3615,0.07213371519713291,0
163546,0.07212625403006857,0
164946,0.07211570326900975,0
108499,0.07210429698964098,0
171373,0.07209782023432969,0
166207,0.07209304431755954,0
164592,0.07208859979406675,0
163410,0.07208692300304939,0
100912,0.07208081772990071,0
161931,0.07207794077519478,0
168285,0.07206881447570024,0
160617,0.0720605452530401,0
171982,0.07206007321734222,0
170395,0.07203964192730425,0
166730,0.07203189882987471,0
162164,0.0720306726746136,0
167046,0.07202892216905493,0
171236,0.07201356529300906,0
171412,0.07198796310947941,0
162965,0.07198698390341754,0
161988,0.07197914095482012,0
164944,0.07197481316566257,0
163351,0.07197452107872018,0
163772,0.0719621417437771,0
167484,0.07196154593245023,0
164236,0.07194887522944918,0
166304,0.07193987583843874,0
161211,0.07192913276695176,0
79527,0.0719138441379808,0
168108,0.07190914116196784,0
168941,0.0719035510922801,0
170662,0.07189508339537085,0
160540,0.07188821516625984,0
161954,0.07187145834297147,0
168761,0.07186900369774776,0
167747,0.07186602136305711,0
166618,0.07185434881428693,0
163426,0.07185375222244719,0
160840,0.07184723377162965,0
168819,0.07183204203275374,0
167914,0.0718291577373743,0
171195,0.07181156742741986,0
170450,0.0718114631827835,0
171223,0.07178721579386015,0
160398,0.07176871674577492,0
162957,0.07176105989804422,0
11296,0.07175455915793569,0
169745,0.07174411609911031,0
167885,0.07171494944485898,0
163015,0.07171152122201764,0
161771,0.0716903974240176,0
169288,0.07166690193078944,0
160612,0.07165006840037598,0
169155,0.07162493545417653,0
160945,0.07162223778332139,0
103738,0.0716106157286282,0
162438,0.07160424066247775,0
166896,0.07159132724270974,0
169563,0.07156080896886548,0
169122,0.07155712229657513,0
171538,0.07154733313113723,0
162664,0.07154393780539661,0
166542,0.07151238915428172,0
165264,0.07148317027542513,0
165599,0.07147534217768273,0
160888,0.07142576913033918,0
160941,0.07142465296513605,0
165189,0.071424114436194,0
165049,0.07141373596956715,0
170869,0.0713709026250422,0
164986,0.07133581673112549,0
15042,0.07132981777909782,0
162531,0.07132417479454853,0
160822,0.07129348539202954,0
170772,0.07129225138597566,0
167534,0.07127200347317704,0
164534,0.07127115615234608,0
168987,0.07126735813401962,0
163111,0.07125416173048882,0
163931,0.0712491057943583,0
167404,0.07124086638385092,0
170119,0.0712345305213482,0
4769,0.07122573331473701,0
167546,0.07122493431666631,0
164415,0.07118873346338261,0
171791,0.07118032834063848,0
165059,0.07116524466759304,0
3,0.07115923503138849,0
57868,0.0711541009473169,0
164443,0.07112381610961878,0
167315,0.07112006230709189,0
171715,0.07110632287059196,0
171521,0.07109843326460456,0
171408,0.07108165606248944,0
165898,0.07107673328546277,0
169748,0.0710721223720329,0
164292,0.07106718844037851,0
169085,0.07106283819097876,0
168107,0.07105754908922034,0
162909,0.07105370183564796,0
171571,0.07105175238463099,0
168045,0.07104926624432517,0
167672,0.07103896716800646,0
169315,0.0710330086263807,0
161129,0.07102881424646486,0
161434,0.07102098098355396,0
172083,0.07099982760879422,0
160980,0.07099685158387051,0
161927,0.07099609914134082,0
170870,0.070973699962645,0
163107,0.07094986371327519,0
167441,0.07094961804637188,0
4047,0.07094614936432159,0
86842,0.07093642959956657,0
164639,0.07093396497541563,0
166388,0.07089511660834294,0
170800,0.07089418850777472,0
167438,0.0708893239498345,0
171516,0.07088912364409969,0
77480,0.0708752182714394,0
27765,0.07087277688595721,0
162936,0.07086942827853474,0
164375,0.07086368885296439,0
164760,0.0708492953224288,0
96349,0.07084732786609693,0
161587,0.070845074505793,0
164200,0.07084500174554453,0
93017,0.07084385852826845,0
163455,0.07083411570559095,0
166472,0.07083286551125513,0
169031,0.07082749128677152,0
170986,0.07081503705606898,0
165162,0.07078972719799313,0
167950,0.07076739120421902,0
166499,0.07075200983819067,0
8988,0.07074384950924456,0
165425,0.07074039878967318,0
166695,0.07073327684752484,0
169124,0.07069878921750408,0
171865,0.07068069402232864,0
165060,0.07067848646540281,0
162051,0.07067472083393979,0
169211,0.0706738029671859,0
166624,0.07066411775136451,0
166705,0.0706462016489298,0
164862,0.07063671540929252,0
161657,0.07062818656247179,0
170989,0.07061646229362128,0
170039,0.07059926593601117,0
166379,0.07059744172744084,0
165923,0.07057378104008347,0
167782,0.07056853549083159,0
165850,0.07053088714221285,0
169808,0.07051417082126485,0
163727,0.07050566773230875,0
166250,0.07050384689168676,0
162578,0.07047747282122958,0
160605,0.07046677693493932,0
169844,0.0704618249206482,0
170764,0.07046176530888393,0
167943,0.07045598375815657,0
170910,0.07044641749156821,0
169132,0.07042040685538942,0
10312,0.07041715220847991,0
168068,0.0704156745705428,0
163196,0.07040423929721037,0
168112,0.07040309810577734,0
168619,0.07040292141851402,0
170391,0.07036896174511927,0
163625,0.0703663579429057,0
166410,0.07036108066700097,0
29213,0.07035682066982096,0
164370,0.07034737545072546,0
169566,0.0703087122596327,0
169970,0.07028469095936048,0
166789,0.07027182716373714,0
166753,0.07024850108799469,0
167285,0.07024754558598206,0
169990,0.07024618194978084,0
168683,0.07023863956638159,0
163721,0.0702213368472327,0
160817,0.07021449213191777,0
170221,0.07020555074938901,0
161738,0.07020291340502756,0
170164,0.07019700767247955,0
162733,0.07019680498609271,0
170263,0.07019335695656172,0
166577,0.07013975860519725,0
169548,0.0701297640717116,0
160300,0.07012339389106877,0
167951,0.07012100070742658,0
168650,0.0701141938275421,0
166346,0.07009229374812047,0
171578,0.07007978489287445,0
112662,0.07007821038510091,0
162829,0.07006000268043173,0
160815,0.07002530034875137,0
164390,0.07002468205138553,0
164188,0.07000905826280127,0
163628,0.0699979359398638,0
164557,0.06999674049587358,0
167644,0.06998249801603038,0
166353,0.0699805861057202,0
164588,0.06998019635087205,0
165464,0.06993346458546629,0
169811,0.06992092681535642,0
165420,0.06991369811430989,0
164419,0.0698870261319536,0
171503,0.06985748311814419,0
164388,0.0698414433029714,0
160356,0.06984072735781738,0
161491,0.06982996541632527,0
170809,0.06982334187125744,0
17960,0.06981350416672745,0
161878,0.06979190687453972,0
171677,0.06978805824806382,0
164646,0.06978691193546553,0
167481,0.06978132422021166,0
168371,0.06976530867738669,0
168247,0.06976214440977871,0
165664,0.06975653436163494,0
160823,0.06974800145928728,0
168334,0.06974449671219012,0
170864,0.06974281547829927,0
170898,0.06973490815153013,0
170328,0.06970130076985084,0
167542,0.06969004086173071,0
161465,0.06968846419233496,0
165248,0.06967580121146955,0
163820,0.06967554040641392,0
168304,0.06967092533183514,0
161968,0.06966944130005912,0
169209,0.06966109365617904,0
161945,0.06964016053396417,0
166661,0.06963847663661589,0
170056,0.06963557647117276,0
163040,0.06963227511293894,0
163510,0.06958207176552315,0
164173,0.0695742817951122,0
169112,0.06956057869861451,0
160626,0.0695592889071676,0
166460,0.0695466765218724,0
170660,0.06954319811605689,0
169214,0.0695369688032453,0
52494,0.06953025094535364,0
166426,0.06949374330127381,0
167078,0.0694884012515977,0
169188,0.06948452873909902,0
163054,0.06948024110570254,0
171559,0.06946933586017426,0
167813,0.06944744307249655,0
169060,0.06944509670676485,0
160637,0.06944201087160269,0
162838,0.06943340334332275,0
88021,0.06943238645441165,0
160422,0.06941125792419393,0
165731,0.06939599406173903,0
163963,0.06939275966449292,0
167291,0.06938328401161088,0
168142,0.06936860766226384,0
164439,0.06932532963492521,0
163453,0.06931215743218669,0
163710,0.069303391938323,0
170152,0.069303015800635,0
162684,0.06929982969007673,0
165741,0.06929508395519511,0
165373,0.06929483488909717,0
164751,0.06929191759351934,0
161795,0.06928784080218946,0
162921,0.0692796701287608,0
169280,0.06927286982269397,0
162716,0.06926648565025992,0
165797,0.06926403846208128,0
168906,0.06925782960472347,0
169196,0.06924761042510444,0
164529,0.069243821621872,0
74889,0.06923955116426858,0
168702,0.06923792926821505,0
165919,0.06923704825658598,0
167607,0.06922916422899629,0
161232,0.06922061274174782,0
166732,0.06921546227827531,0
169484,0.06920802228107335,0
43270,0.06919155130385195,0
168922,0.0691912691437682,0
165728,0.06918835797862934,0
168000,0.06917701195183674,0
165557,0.06916999726662361,0
169946,0.0691388929131331,0
165787,0.06913786794194712,0
162595,0.06909323108403062,0
164833,0.06908800569448639,0
44226,0.06907954570332754,0
54432,0.06904891389300859,0
162035,0.06903913299849594,0
164418,0.06902598975090579,0
165331,0.069020496252422,0
162236,0.0690142317374864,0
163472,0.06901414749791025,0
160453,0.06900862986322519,0
69149,0.0689905314272139,0
162696,0.06898684492343002,0
166708,0.06898643817820269,0
168775,0.06897801426809501,0
166258,0.068968611258412,0
164028,0.06896420882210567,0
160265,0.06895891885485915,0
161233,0.06895084834603682,0
166469,0.06895030949048997,0
167545,0.06894361930231002,0
166236,0.0689248745976163,0
165006,0.0689233953655015,0
166100,0.06891838994719716,0
160415,0.06891555735876845,0
168509,0.06885948253711102,0
166645,0.06885311126037537,0
171021,0.06883774567389565,0
164355,0.06882467407165135,0
169775,0.06881663423785263,0
169452,0.06878598298841641,0
170606,0.06877770194099145,0
168182,0.06874784841926608,0
170454,0.06872332537317526,0
170784,0.06872330465648524,0
168665,0.06872233404712406,0
163578,0.06870906968123026,0
161997,0.06870025774689424,0
160508,0.06867472097945287,0
165480,0.0686713992478853,0
166109,0.06864037157896498,0
165458,0.06863108774284801,0
164039,0.0686098531655969,0
160989,0.06859947712661332,0
167854,0.0685843253707598,0
165083,0.06857963838612476,0
162561,0.06857312272921506,0
165185,0.06857051840394286,0
160477,0.06856363640489159,0
15959,0.06856237714252801,0
162646,0.06854767217023383,0
107551,0.06853553657288951,0
161729,0.06852328822377073,0
163020,0.06851750578933222,0
169200,0.06850893817447448,0
165223,0.06849144776345409,0
167970,0.06849126242602106,0
166318,0.06848441385971335,0
165508,0.06847286627203489,0
169037,0.06846557135781929,0
165306,0.06843301390783386,0
11197,0.06841906393883174,0
166363,0.06841854792849236,0
169298,0.06841302697432576,0
163138,0.06839603775347874,0
166719,0.06837571095118343,0
163886,0.0683668572082816,0
163096,0.06835142335699484,0
160332,0.06834678081456612,0
102246,0.0683316510035916,0
171362,0.06832381874261782,0
169067,0.06831232724969974,0
163617,0.06830952235609136,0
168687,0.0682981728114051,0
167185,0.06829261670250826,0
164893,0.06827511670059784,0
162599,0.06827336462128625,0
163171,0.06827186206299068,0
171090,0.06825939732159542,0
168175,0.06825921235224429,0
169685,0.06824914465675426,0
166954,0.06824875276239804,0
171945,0.06823911571581623,0
167991,0.06820691830803037,0
170343,0.0681816436184413,0
162463,0.06816751966896488,0
170315,0.06816408636868604,0
162238,0.0681430075350859,0
169690,0.06814061663200094,0
172057,0.0681295908537085,0
169104,0.06812763156973303,0
171229,0.06811758650955524,0
160978,0.06811672009347926,0
166429,0.06811252184797631,0
165210,0.06810435349101192,0
167510,0.06809720051262903,0
162432,0.06807163206036937,0
166231,0.06807048411218358,0
165414,0.0680514786443773,0
168831,0.06804414628578027,0
163586,0.06799529181993069,0
577,0.06799389528717859,0
166637,0.06799084128573489,0
170079,0.06798723517605565,0
169161,0.06795948196201353,0
160793,0.06795345385393893,0
165576,0.06793652355766748,0
163717,0.06792389183187769,0
162033,0.06791932575765797,0
164378,0.06791661316069576,0
167601,0.06791619849727236,0
170370,0.06790954140042724,0
165811,0.06789392582447235,0
161652,0.06789211967277135,0
161518,0.06789039609688553,0
163650,0.06788439391244996,0
171870,0.06787521673660643,0
171170,0.06787148289276847,0
167370,0.06787100868335263,0
162219,0.06784332784045759,0
160544,0.06784171279754779,0
161256,0.06783901215370396,0
167606,0.06783244345246944,0
170790,0.0678304198260301,0
169629,0.06779954027965475,0
171593,0.06778990997736174,0
162111,0.06778453126945086,0
169349,0.06776003273216313,0
15329,0.06775891837416413,0
162176,0.0677504085177827,0
160753,0.06770898856532938,0
168614,0.06769045641293493,0
9359,0.06768302329471114,0
166736,0.06768296168468205,0
163896,0.06767781504078209,0
170324,0.06766469388632902,0
162843,0.06763891718357219,0
168085,0.06763746997315766,0
168940,0.06760250426646766,0
167413,0.06757711323715658,0
167818,0.06756493382865093,0
171760,0.0675642168258757,0
171247,0.0675594168673503,0
169029,0.06755540967611477,0
161581,0.06755483258500618,0
164299,0.06754978759208144,0
161886,0.06753756974868999,0
162826,0.06751364073593251,0
169879,0.0675005369492525,0
162923,0.0674859361806246,0
163812,0.06747464760775153,0
31401,0.06747146641744153,0
23704,0.06744962114425554,0
162745,0.0674439768717169,0
166008,0.06742949903886661,0
160288,0.06739191101040047,0
163564,0.06737539855282804,0
167052,0.06735987265816037,0
168777,0.06734420408296951,0
167969,0.06732807983195124,0
162294,0.06732597045502631,0
163995,0.06731418865011025,0
171116,0.06731413301104379,0
163500,0.06731112983637347,0
3240,0.06730727523971891,0
165431,0.06730424731156856,0
162064,0.0673040185264355,0
171599,0.06730358661268836,0
171383,0.0672861754064304,0
169234,0.06725339598442222,0
167726,0.06724453630990301,0
162677,0.0672410669602767,0
166656,0.06724017169396396,0
166740,0.06723796246164955,0
171474,0.06723432062395387,0
170042,0.06723291093271036,0
165918,0.06723278483282367,0
161351,0.06721419557960823,0
166225,0.0671979182447228,0
169102,0.0671653386850798,0
167077,0.06716520068671743,0
170021,0.06716397122912615,0
160591,0.06716142843684307,0
168925,0.0671427936907215,0
167707,0.06714129880169818,0
171000,0.06710436329410845,0
168645,0.06707032502680108,0
168415,0.0670693361764804,0
164610,0.06704732210302161,0
166459,0.06704706548195044,0
166567,0.067045898433587,0
162030,0.06704583105393346,0
160249,0.06704130315691433,0
160550,0.06702930999376107,0
171352,0.06700529913623118,0
39294,0.06700097425359926,0
168599,0.06699108123614658,0
160482,0.06698662754522007,0
168717,0.06697793799808398,0
171809,0.06696724452594027,0
166484,0.0669616793391512,0
163548,0.06696112437245441,0
171749,0.06695640435376948,0
168489,0.06695354210863048,0
160713,0.06695300621163867,0
161715,0.06693636126149184,0
164265,0.06693564187082719,0
168877,0.06691029285891986,0
164021,0.06690199833923137,0
11763,0.06688266170669212,0
164133,0.06687022293249197,0
160252,0.06686821688888353,0
168418,0.06686734987344858,0
162572,0.06685872238660545,0
168164,0.06684670658916887,0
163839,0.0668421941414647,0
165768,0.06683381312596869,0
169169,0.06682355666172726,0
165314,0.06682336375415222,0
163781,0.06681960912373325,0
162681,0.06680245460433322,0
161130,0.06678829791154298,0
165836,0.06678340526394674,0
30705,0.0667734722279229,0
168019,0.06677071024267885,0
161965,0.06676670535777429,0
164640,0.06675557536214154,0
171954,0.0667322041042759,0
2256,0.06672526408560456,0
169740,0.06672228453125452,0
166725,0.06671938865500605,0
170132,0.06670175683797631,0
169812,0.06668915190179658,0
170330,0.06668229676394986,0
170703,0.06667250974642559,0
164342,0.06666537164510691,0
161555,0.06664311345369851,0
165950,0.06661237933940505,0
163909,0.06659095053640646,0
167929,0.06658492180449757,0
160293,0.06657349036537616,0
163962,0.06656986300473161,0
19219,0.06656721743379312,0
161947,0.06656604219508576,0
164291,0.06656203541738114,0
169220,0.06656105256077613,0
169596,0.06654207033426238,0
9382,0.06652248428055689,0
160810,0.06650648629604343,0
168638,0.0665002154943759,0
171617,0.06649829282155979,0
171879,0.06649629910309875,0
28920,0.06645897113065251,0
164107,0.06645038136982102,0
169256,0.06643725465140332,0
169852,0.06643129986755193,0
171913,0.06642872613841674,0
161960,0.06641490954676263,0
170212,0.06641340578950075,0
169576,0.06638250220109779,0
170421,0.06638185822800532,0
165854,0.06636689838159548,0
171258,0.06635855932935993,0
170820,0.06635765024589019,0
165622,0.06635416326373218,0
161330,0.06635319033695239,0
160432,0.06632428775778351,0
11924,0.06630467238502666,0
170195,0.06628459969284818,0
166333,0.06628008442898453,0
166706,0.06626913696115964,0
162685,0.06624468786220886,0
164074,0.06623788472639218,0
167134,0.06622544007940351,0
170279,0.0662243296822213,0
169501,0.06620067054907676,0
163994,0.06617979449812349,0
171043,0.06612951872645634,0
170804,0.06612539437982423,0
163824,0.0661001144461084,0
170622,0.06609687814836859,0
168760,0.06608681270481703,0
13139,0.06606798239153608,0
167557,0.06604688579802888,0
166214,0.06604537386031295,0
163869,0.06603926813890351,0
167622,0.06603703748052901,0
168478,0.06603420510648747,0
163935,0.0660303268856305,0
171393,0.06602561491044587,0
171570,0.06602420392916503,0
162326,0.06600233667812838,0
163542,0.0659968687328298,0
169509,0.06596272433228433,0
166549,0.06595299700929981,0
164429,0.0659296540344923,0
162682,0.0659227832368299,0
166510,0.06591983833000328,0
166532,0.06590381740247392,0
160750,0.06588445781089988,0
166244,0.065857136711115,0
166241,0.06584273005441536,0
170088,0.06583946494437158,0
170849,0.06581876412719878,0
169414,0.06580994837668724,0
164149,0.0658093318231512,0
72001,0.06580659510806494,0
170363,0.06579361999140694,0
161049,0.06578952657431668,0
160813,0.06578495631939764,0
166946,0.0657726737419044,0
169420,0.06568632007064289,0
161671,0.06567857108383263,0
163686,0.06566844818896622,0
169923,0.06564371728505378,0
164424,0.06563788761494872,0
160963,0.06562907991802218,0
170895,0.06562473368686796,0
170362,0.06561390827439564,0
160701,0.0656131090694485,0
165764,0.06561131926737504,0
164270,0.06560061395328476,0
77995,0.06559964099878526,0
3565,0.06558465498049655,0
165246,0.06558290426510824,0
162619,0.06557564606148704,0
164458,0.06555571067228365,0
167412,0.06555135047018254,0
166918,0.06553412667849426,0
166187,0.06553400926531168,0
161743,0.06551607219210769,0
168034,0.06551359758953475,0
162077,0.06550098667320935,0
164686,0.06546687392965332,0
170445,0.06546601325942064,0
167886,0.06545895154746365,0
161757,0.0654479849334118,0
161619,0.065446019600237,0
166389,0.06544388933116024,0
163606,0.06543821248797514,0
169020,0.06543315892189042,0
171163,0.06542498977434826,0
84601,0.06542331775615955,0
167302,0.06541931681589228,0
168127,0.06541924189998044,0
168017,0.06541890607982395,0
170446,0.06540942722900361,0
160504,0.0654073228566337,0
171088,0.06540717693531586,0
162178,0.06540680484502334,0
161281,0.06540272203954049,0
170494,0.0654001318384671,0
167830,0.06539374819147828,0
170516,0.06539177776568349,0
164123,0.06538714612356465,0
170508,0.06538370031462529,0
171411,0.06538310626221079,0
167210,0.06537383193974075,0
164164,0.06536309406098195,0
162890,0.06533038150763812,0
167947,0.06532333180302943,0
161881,0.06532118853912432,0
166563,0.06530268446718306,0
160608,0.06529624075122739,0
164433,0.06529346381298089,0
170096,0.0652659576999976,0
165484,0.06525416328741175,0
172106,0.06524686798337857,0
162780,0.06521243241728462,0
168395,0.06520500860649926,0
168111,0.06519098761187837,0
163920,0.06518468793286608,0
166227,0.06518337676065976,0
168833,0.06518090607949296,0
161633,0.06517606643287215,0
168982,0.06516221128989001,0
162704,0.06515538659396183,0
170099,0.06515438678215987,0
171086,0.06515249392423668,0
164445,0.06515061590927311,0
169032,0.06514223485196458,0
160911,0.06514019472072732,0
166834,0.0651333877243634,0
170352,0.06513081771936173,0
165087,0.06512981933325891,0
163826,0.06512884158417596,0
169062,0.06512771411702167,0
163959,0.06511332306655492,0
170062,0.06511051921085098,0
171720,0.06510002601227499,0
167844,0.06509999268750552,0
165642,0.0650786797129585,0
160440,0.06506598505508204,0
160334,0.0650643490714781,0
171417,0.06505637896673024,0
166411,0.0650554277507201,0
168113,0.06504827567036785,0
166878,0.06504499999176189,0
167132,0.06501885674121612,0
168836,0.06500510738583762,0
163188,0.06497860807097847,0
2085,0.06496957715300077,0
170765,0.06495648332542904,0
164037,0.06495376865618006,0
170320,0.064946918858485,0
170893,0.06494586440375,0
162911,0.06492069360820042,0
162001,0.06492007616471136,0
171845,0.06491804076660528,0
163242,0.06491159312282016,0
171232,0.06488895172942051,0
170015,0.06488875387180418,0
163621,0.06488626463743162,0
169192,0.06486958134760944,0
170095,0.0648636685035938,0
166948,0.06481874623643955,0
171082,0.06480615928431006,0
166913,0.06480223194538012,0
169809,0.06478473793825555,0
164702,0.06478278899944766,0
168798,0.0647796829046857,0
165702,0.06477953646485637,0
171063,0.06475648145186301,0
167987,0.064741910841641,0
167719,0.064736278016031,0
170254,0.06472461464425568,0
171045,0.06471449795234999,0
161895,0.06470909052686488,0
160748,0.0647014988233481,0
171841,0.06467715245641016,0
163939,0.06467354188263974,0
168002,0.06467046769384707,0
165566,0.06464574667744209,0
170227,0.06461839707425489,0
169628,0.0646005292523371,0
170462,0.06459569906762726,0
166771,0.06457785463451948,0
160988,0.0645609802736439,0
163340,0.0645499509075614,0
168822,0.06454801134863289,0
162760,0.06453995642149608,0
165580,0.06452485731135467,0
163076,0.0645243563102559,0
164367,0.0645169250749959,0
169739,0.06448517902009498,0
160914,0.06447863250668011,0
164029,0.06447855547062271,0
171920,0.06446894699635695,0
165126,0.06446434668495538,0
162396,0.06443327854909833,0
166888,0.06440734436398851,0
167483,0.06438416693664234,0
169834,0.06437422857714217,0
111943,0.0643617032302317,0
166652,0.06435777553338251,0
167696,0.06432403404443936,0
171040,0.06429448861264639,0
166103,0.06428943355965897,0
167117,0.06428487956419629,0
166680,0.06428062276097385,0
166295,0.06427892154342942,0
171197,0.0642752497371897,0
164279,0.0642636387519889,0
171868,0.06426112332902421,0
163273,0.06425436776833798,0
169845,0.06425303763508311,0
166587,0.06423854204428955,0
170372,0.0642373313629518,0
170659,0.06423323881738263,0
23596,0.06417580271294991,0
164196,0.06417321342657598,0
170648,0.06416335615430291,0
164392,0.06415404802937007,0
161514,0.06413709327071433,0
162230,0.0641277644964763,0
162887,0.06412210314900435,0
53308,0.06411196064052087,0
167935,0.06410410070489023,0
10449,0.06409475703688343,0
167102,0.06408765184042838,0
168411,0.0640787552255817,0
169850,0.06403346033572276,0
168314,0.06401926338423333,0
163186,0.06401606160475334,0
161726,0.06399793748684998,0
167459,0.06399189447484901,0
165146,0.06398370460679687,0
111190,0.06397041798206111,0
160837,0.06393563377062846,0
162997,0.06393441821241057,0
8566,0.06391999250335449,0
164690,0.06391517152840868,0
165510,0.06389376449880864,0
169430,0.06389014652748513,0
164289,0.06387386161497637,0
171976,0.06385586943698601,0
171541,0.06385330734971187,0
161084,0.06385244558386913,0
163164,0.06384845695012516,0
161371,0.06384449098872905,0
171013,0.06381463827435103,0
109120,0.06381213890211149,0
165324,0.0637662738821513,0
160830,0.06376561685788051,0
171355,0.0637609797492089,0
161343,0.06375582540422622,0
161798,0.06375041150952201,0
171530,0.063743230818922,0
171074,0.06372843820936744,0
4282,0.06372795098206364,0
164951,0.06372075237787518,0
163885,0.06372067243702573,0
166347,0.06371876042391007,0
163788,0.06371260745140732,0
162121,0.06371259451344778,0
161831,0.06369896786480148,0
167402,0.0636961303206405,0
162853,0.063684489780032,0
166609,0.0636788289764576,0
167932,0.06366217495647122,0
163914,0.063660940349107,0
165013,0.06366010461267597,0
170406,0.06365903614800461,0
160339,0.0636581190152579,0
164938,0.06363655354264448,0
170110,0.06363224226043152,0
83214,0.06362886726839764,0
167868,0.06360134241969627,0
161775,0.06359875168024819,0
165168,0.0635642321825834,0
160473,0.06354521658213869,0
166415,0.06354369431720354,0
165528,0.06353080205710736,0
164096,0.06353065648239574,0
161780,0.06351808183317248,0
165624,0.063491697885438,0
163786,0.06348183755916023,0
165913,0.063481541414433,0
162014,0.06347643149129414,0
171266,0.06346605553089495,0
166891,0.06346112856622112,0
163965,0.06346057770553344,0
168710,0.06340146104177245,0
164057,0.06339222218892922,0
166451,0.06338898836404161,0
164997,0.06338538761912477,0
166855,0.06336744912245626,0
161448,0.06336421405158259,0
172041,0.06334592402358505,0
4683,0.0633424703598895,0
164397,0.0633406848748553,0
170689,0.06332940842420676,0
107208,0.06332353181891066,0
168725,0.06332023247337018,0
168928,0.06331605791846023,0
160680,0.06331056343067384,0
164396,0.06330876109978927,0
163592,0.06329139470231716,0
168909,0.06328682398563464,0
162969,0.06328531631708284,0
168309,0.06326375121379056,0
165779,0.06326315200149245,0
160342,0.0632557378905201,0
166196,0.06324978497840802,0
165687,0.06323009319598512,0
170455,0.06322210303512323,0
166578,0.06321824277270562,0
168910,0.06320410794531146,0
163514,0.06318954587508421,0
161865,0.0631698241617186,0
170723,0.06316838779936951,0
160706,0.06316578460129169,0
161888,0.06315827609472395,0
167425,0.06314545396700029,0
162714,0.06314505013741079,0
166698,0.06311138370862354,0
166704,0.06310921619187182,0
167477,0.06310144457394301,0
167409,0.06308998955989449,0
169536,0.06306862459227106,0
164134,0.0630670061211207,0
170720,0.06306664438998891,0
169535,0.06306121126975744,0
165721,0.06305879933841531,0
166115,0.0630545884518205,0
169351,0.06305455088424394,0
168747,0.06305432473687578,0
171008,0.06304887040856792,0
169964,0.06302658491162477,0
170698,0.06302242194151784,0
171729,0.06298496070860622,0
164749,0.06298413166829539,0
168018,0.06298253612343868,0
161993,0.06297996906915876,0
168842,0.06295941487895228,0
166283,0.06292540426167516,0
169453,0.06292036204916587,0
171674,0.06290978637269705,0
167842,0.06290423500967167,0
171852,0.06290343484163845,0
169656,0.06288792922912048,0
166632,0.06287961554004814,0
168749,0.06286608974104711,0
170336,0.06284839459729147,0
171384,0.06284731948666457,0
160803,0.0628363092104823,0
162366,0.06280956400559873,0
168996,0.06280043130109395,0
168565,0.06278467555088958,0
165654,0.06278326713783276,0
160942,0.06277259212677495,0
162315,0.06276309498598825,0
171213,0.06276298889877517,0
163558,0.06275065659595742,0
166252,0.06271574572586776,0
161793,0.06270952304245593,0
162868,0.06265926512809139,0
164807,0.06264573244717114,0
164233,0.06264503936388614,0
163295,0.06264376440744888,0
160726,0.06263635339928848,0
165241,0.06262409113933404,0
165092,0.06259973042737009,0
4650,0.06257453346208368,0
170813,0.06255879139795122,0
161284,0.06254637465851574,0
19561,0.06254598520120562,0
171856,0.06253571015911241,0
167633,0.0625145200450002,0
161423,0.0624948759037318,0
164905,0.06248979119412419,0
168566,0.06248924810344734,0
98315,0.062487001325504506,0
160433,0.062471450852975806,0
161194,0.06246364384021963,0
161509,0.06246101989772303,0
171777,0.06245899274228437,0
163538,0.062458852336206454,0
160443,0.062431983144109526,0
167392,0.0624265321068622,0
164864,0.06242501298353253,0
164303,0.0624091347193618,0
171322,0.06240335843728462,0
169950,0.06240154178395253,0
166110,0.062396085206381104,0
166259,0.062392681409349525,0
168132,0.06237409565189623,0
91202,0.062359904797675864,0
167828,0.06235650191490322,0
161669,0.06235213243007947,0
167180,0.0623410442606571,0
163907,0.06230825961304109,0
166400,0.06229005322357473,0
68312,0.062277151205972645,0
167311,0.062251809438891643,0
163938,0.06225172225090136,0
162378,0.06224645095443728,0
166848,0.06223991515591573,0
171058,0.06223687411199085,0
160479,0.06223457366340726,0
36637,0.062225043795034345,0
165358,0.06222074562263319,0
14579,0.06220958817680203,0
167213,0.062208827838626884,0
171514,0.06220421723132611,0
161440,0.06220356279628422,0
165127,0.06220186139958173,0
161981,0.06219308541054882,0
1303,0.06219007502950061,0
167464,0.06217091116836971,0
165470,0.06215232701482059,0
168559,0.06215035137578323,0
172014,0.062129020661403855,0
100830,0.062117678302669135,0
164628,0.062096450072916705,0
165585,0.062093906579522004,0
167811,0.062090697614647555,0
170577,0.0620673529652814,0
171501,0.062066370147606666,0
57794,0.06206105999558579,0
167528,0.062052409441577416,0
161714,0.062049764895122324,0
165068,0.06203243531959045,0
170939,0.062025161811606604,0
168183,0.062017470156716464,0
163550,0.06200962539659484,0
32333,0.06200458666280063,0
162709,0.06200331368847948,0
171914,0.062002484229788046,0
171479,0.06198748605663445,0
162750,0.06198548517450312,0
165067,0.06198274463760066,0
166319,0.06197748891246077,0
165709,0.0619764615632055,0
171206,0.061960335129718935,0
3631,0.0619590902817799,0
162522,0.06194484488268295,0
165653,0.06192900553801605,0
170289,0.06189903828818884,0
166659,0.06189704752385777,0
168664,0.0618824424628467,0
39648,0.06188241477257471,0
167401,0.06186910835189499,0
171005,0.061859341432132335,0
167531,0.061846822265684456,0
167835,0.06182777373398732,0
168055,0.06181772668308773,0
165439,0.061809560186781694,0
168492,0.06180936340514964,0
164784,0.061805641062338455,0
165394,0.06180537622514277,0
161958,0.06180055287510118,0
160795,0.06179903896796806,0
169608,0.061792535091183626,0
170305,0.061786200979621946,0
165962,0.06177611880303976,0
167500,0.06174614450002895,0
165196,0.06170932702435014,0
164794,0.06168055258537897,0
165916,0.06167829998621727,0
168735,0.061672350126407434,0
163204,0.06166485514893126,0
161622,0.06166190668358711,0
166312,0.06165686648790459,0
171396,0.06162092611264083,0
167326,0.06160057650812564,0
160826,0.06159646608396912,0
160280,0.06158353587428023,0
164080,0.0615692312889178,0
163603,0.06156539040247579,0
164285,0.06156150955810318,0
168962,0.06155623224348252,0
162038,0.06154815032442268,0
163758,0.06154491547614047,0
169202,0.06154380920977954,0
171308,0.06153066946125775,0
139,0.06153010825468571,0
165396,0.06152115306832488,0
165108,0.06147167674844136,0
171907,0.06146398641185753,0
171089,0.06143887820057975,0
161460,0.061438453505264175,0
167649,0.061429728537359486,0
164603,0.06142511006914339,0
168947,0.0614228931337892,0
44871,0.061412803660938195,0
97199,0.06140902776843476,0
160841,0.06140774308132574,0
164286,0.061402987085743974,0
162917,0.06139239212219927,0
163976,0.06139101790552951,0
164333,0.061388424786682154,0
171035,0.06137847506667194,0
168991,0.06137432674365868,0
170476,0.06136706089841227,0
170853,0.061361697834754196,0
165689,0.061345277656376436,0
161887,0.061336692774124374,0
169235,0.06132107418910166,0
169175,0.061314539748251184,0
160864,0.0613094812570225,0
161391,0.061297910174345105,0
164007,0.061282341349770196,0
165045,0.061277021554753126,0
171025,0.06124831530777299,0
160521,0.06124524431831239,0
170217,0.06120662205027583,0
29285,0.06120627961760363,0
171278,0.06120314206803676,0
160927,0.061202205111183204,0
161590,0.06120073992144057,0
163284,0.06119501448006784,0
169278,0.06118819220320722,0
166433,0.06118691035303381,0
103923,0.06117707833228251,0
168774,0.06116053647777986,0
170580,0.061155654426972385,0
169204,0.06114220999680463,0
171039,0.06113536115209992,0
161682,0.06110446489104532,0
171897,0.06108859791194271,0
164725,0.06108658944249476,0
165733,0.061070266832883864,0
160461,0.061062661873533736,0
168280,0.061055622908708536,0
161838,0.06104942136507235,0
166774,0.0610358089541166,0
166281,0.06102734500688152,0
166501,0.06100107664513578,0
169830,0.06099976331581131,0
170014,0.06099905333416489,0
165115,0.06099139730170258,0
169750,0.060989660458725156,0
161164,0.06098732052382657,0
170993,0.06098573211034773,0
161037,0.06097963215809021,0
165077,0.06097722168182556,0
160708,0.060973157087285616,0
170181,0.06094937750126269,0
170527,0.060939624808452025,0
160425,0.06093386209777469,0
93021,0.06093035266984974,0
52031,0.060922748398580764,0
161658,0.06092097263461978,0
165145,0.060910564100418896,0
167734,0.06090718779850823,0
935,0.06089726502149025,0
163090,0.06088841010099755,0
160777,0.06088785812704665,0
172015,0.06088226381394507,0
163864,0.06087234507361258,0
164626,0.060867929321946075,0
161450,0.06085854524091255,0
162815,0.06085478489216779,0
162663,0.0608412198163419,0
171269,0.06082824692941552,0
167899,0.06082481309953217,0
160663,0.06081427853987218,0
168693,0.06081343622116882,0
164353,0.06080273044539725,0
166061,0.060792806190180876,0
170367,0.0607820191563188,0
162854,0.060780675992495224,0
164808,0.06077897508445231,0
105213,0.06077776322813678,0
164955,0.06076530995421185,0
166743,0.060762695456939284,0
168518,0.06074717694777964,0
160465,0.06074040888875948,0
164117,0.060734515849887476,0
166845,0.060723309508633874,0
171060,0.06070404400564334,0
160475,0.0607036403644835,0
165612,0.060681349746673455,0
165010,0.060679542880122686,0
171603,0.0606552157169216,0
165772,0.06063592764787475,0
171409,0.060633392634853074,0
160851,0.060629812181457854,0
61673,0.06062077252330354,0
162015,0.06059865446274552,0
160327,0.06056560575027431,0
164047,0.06053974062433141,0
169224,0.06053727440989004,0
160532,0.060529884911072536,0
107105,0.06052816220829964,0
164539,0.06051692976193888,0
165181,0.06050584841890247,0
163898,0.06049651756510301,0
167693,0.06049532492878184,0
161750,0.06046900846631642,0
171584,0.06043535031058063,0
97434,0.06042373484382239,0
160973,0.06041956235567991,0
169201,0.06041643086479151,0
170184,0.06041257788454668,0
160395,0.06040078585167653,0
169561,0.06039610737685649,0
165356,0.060391765864048916,0
164180,0.06038738479798146,0
165042,0.060356053746804104,0
162651,0.06033891736285314,0
165287,0.060338413226054405,0
164247,0.060335058216859486,0
165546,0.06031907487058679,0
22892,0.060278573308412436,0
164094,0.06026371734189797,0
166036,0.060253219361977854,0
162775,0.06023051920135044,0
170612,0.06022145090867031,0
163421,0.06021748229185615,0
166240,0.060216232658923424,0
168188,0.060208993789858986,0
165161,0.06020581180732677,0
162705,0.060205775780559245,0
170174,0.060202858095000714,0
4798,0.0602008089870614,0
160278,0.06017192210082296,0
161823,0.06015749755561223,0
164394,0.06015718192482239,0
163878,0.06012820970414216,0
163350,0.06012583267814138,0
164058,0.06011349872003641,0
169023,0.06010888859249186,0
163504,0.060103280469465274,0
167089,0.060089792579231464,0
165497,0.06008933373529275,0
168888,0.06008392078058501,0
160711,0.060082828941959786,0
161050,0.060078101179383434,0
168194,0.06005964867061331,0
171318,0.060058149865843354,0
171519,0.060029947819180855,0
167345,0.06000989795681733,0
166468,0.06000941556560326,0
170500,0.06000868943665914,0
171066,0.059997666157740236,0
162549,0.05997127397790601,0
160574,0.05997115335919315,0
166816,0.05996609150063772,0
97614,0.0599565019615196,0
33300,0.059951844435108384,0
162722,0.05994924385742825,0
172009,0.05994270047358919,0
170358,0.05993178498111036,0
161062,0.05993176226353603,0
161441,0.05991891466860729,0
167157,0.05991867431352285,0
167918,0.05989565179713736,0
167705,0.059894549715435105,0
160596,0.05987809445334382,0
161289,0.05987783242891108,0
167642,0.05986501269067088,0
163915,0.05986255503694705,0
160552,0.059858010296518015,0
170518,0.059847071942357236,0
79536,0.05982585668170248,0
164361,0.05982559342500795,0
171084,0.059825480587579236,0
171323,0.05982016101118065,0
169704,0.05981566590233258,0
64342,0.05981264718993705,0
164406,0.05980609811472758,0
169832,0.05980367613565246,0
169245,0.05978134972848843,0
168490,0.059778976526043436,0
170331,0.059761668464809556,0
160340,0.0597511372392976,0
169187,0.05975081924748632,0
161267,0.059741224931171726,0
171488,0.059733845670135975,0
39742,0.05972472014270824,0
169369,0.059714161029113595,0
7013,0.059711180015124,0
169592,0.05970741676176061,0
168670,0.05969978319307382,0
169287,0.05968388677570038,0
171030,0.05967988709669759,0
161842,0.05963876289498624,0
166668,0.059627029773186936,0
170825,0.05962299884613403,0
169724,0.05962091719443493,0
97989,0.05961968999501859,0
164573,0.05961733938049808,0
163985,0.059601786800499865,0
165614,0.0595975282763051,0
169913,0.059596624333013576,0
166586,0.05957385347298803,0
166450,0.05957342063754758,0
161447,0.05956964088685968,0
161390,0.059556317127523496,0
165558,0.059540670681074465,0
166376,0.05951711051234368,0
160789,0.05951216995009537,0
11329,0.059505348883026825,0
165366,0.05950102832156071,0
160491,0.059483688571604756,0
168244,0.05948267605444792,0
164160,0.05948217102070069,0
11861,0.05947511883733508,0
167456,0.05946061386809108,0
171462,0.05946009649309161,0
162095,0.059456911589065714,0
169554,0.05944575458625543,0
162228,0.059423352395310935,0
170718,0.059422682564635204,0
165138,0.059418835865466285,0
161869,0.059409512995830575,0
169272,0.05940878940727645,0
164935,0.059403335994135345,0
163323,0.05937168823923176,0
161693,0.05936973724807798,0
169456,0.05933533370950728,0
171432,0.05930933054324208,0
171262,0.05929973111147734,0
164277,0.05929968375830983,0
171245,0.0592963452486209,0
161685,0.05929067999877213,0
165555,0.0592464946818295,0
171567,0.05922589489484955,0
161680,0.05920839551935271,0
161943,0.05919437238691411,0
165877,0.05918550422446476,0
171463,0.05916564891384887,0
170385,0.05915969537470525,0
163333,0.05914051917388521,0
160400,0.05913804474939645,0
170828,0.05912782521005312,0
170544,0.05912570060046237,0
161937,0.05912042732562087,0
169194,0.05911225992933835,0
169718,0.059092117486646466,0
169018,0.05909111796287495,0
163216,0.05907966077180182,0
165562,0.05906110002801016,0
168675,0.05905915512343464,0
167916,0.05903232849576522,0
168709,0.05898886206901577,0
167188,0.058987621869000625,0
166810,0.05898298242299601,0
172032,0.05895259894481641,0
162372,0.05893953783255577,0
162892,0.05891548776676155,0
168730,0.05889020242034047,0
19943,0.058878362977388646,0
162269,0.05887715402163507,0
170847,0.05887310424534945,0
165002,0.058866141970845554,0
164607,0.05885998498874002,0
170058,0.05885868276023141,0
165740,0.05885653079802232,0
167071,0.058853306064918266,0
167964,0.05885090197815557,0
171642,0.058847582792608266,0
161178,0.058828071478624136,0
170210,0.05882353378379467,0
165583,0.05880158360007491,0
162553,0.05878657020057442,0
161728,0.0587847072337237,0
166458,0.05877473123311863,0
169855,0.05876337535326806,0
168160,0.05875142401876404,0
161753,0.058741543410403566,0
162683,0.05870932594110102,0
160685,0.05870071335256175,0
167537,0.05867476546558866,0
166077,0.05867059898721422,0
171098,0.05866389392324891,0
169827,0.05866073042922146,0
170170,0.058654596827676354,0
167720,0.05864096226460629,0
168616,0.05863293233029153,0
163888,0.05862912860985437,0
162221,0.05860687711494527,0
167033,0.05859333493833318,0
164723,0.05858314842457425,0
166664,0.05857147574144733,0
161052,0.05857017046807994,0
160242,0.05854528775640202,0
169892,0.05854183596415299,0
170137,0.05848837240105243,0
163468,0.058463331909303085,0
165426,0.05846215368405674,0
170799,0.058451662726270205,0
160595,0.05843765538203008,0
160352,0.058424296810221286,0
45098,0.058419535211880286,0
170080,0.05841706949010869,0
165237,0.05841374345417651,0
165617,0.058406538211333375,0
163945,0.05840403420561318,0
168389,0.058395858394367735,0
162291,0.05839195023368097,0
167333,0.05838302727904407,0
166091,0.05837378943435016,0
169143,0.05837088547700086,0
171495,0.05835799318574417,0
167604,0.058351216749212925,0
164169,0.05834521249476702,0
164245,0.058343672877444894,0
163053,0.058341021197805945,0
167823,0.05833194126516348,0
164364,0.058331909157493735,0
170682,0.058298826188761775,0
163800,0.058297647246087,0
167653,0.05827208103628324,0
160524,0.05825817738929011,0
167732,0.05825761849292183,0
166291,0.05825417267366185,0
167037,0.05824374312163382,0
160284,0.058228213680159666,0
164084,0.05821498192993004,0
160769,0.05821439510080873,0
171794,0.058205552402216365,0
96689,0.05820264091287952,0
168458,0.058189720791255985,0
169983,0.058185898002252906,0
161909,0.058176711708263495,0
171174,0.05816188820678629,0
170453,0.0581573555392778,0
161399,0.05813525238853399,0
164386,0.05811722688060105,0
166280,0.05811324625343175,0
162968,0.05810476486921549,0
168981,0.0580982377189902,0
165318,0.05809414110522234,0
169650,0.05808756791087356,0
165364,0.058085329257803214,0
163170,0.05807870341162846,0
162872,0.05807525985918538,0
165009,0.05806270363198902,0
41446,0.05805521683292296,0
166715,0.058051294195631514,0
164075,0.05803973783642547,0
161868,0.05801983549121612,0
170830,0.058017621916051865,0
165547,0.05800948964151274,0
167411,0.057971930651877175,0
160862,0.05796808042014527,0
165574,0.05796705067923437,0
163005,0.057963897137509234,0
160392,0.05795744253904638,0
168961,0.05795040571916592,0
162247,0.05794711056508596,0
162899,0.05794619834164005,0
167902,0.057926286960325625,0
169515,0.057922746735135325,0
167416,0.057912882495405535,0
169063,0.0578888503468917,0
168503,0.0578866796512107,0
172022,0.05788453105324246,0
163229,0.05788170221482558,0
171342,0.05784784054583428,0
161812,0.05784769390414599,0
171867,0.0578461930854155,0
170529,0.057834609742771194,0
165088,0.057829440804686584,0
166488,0.057811493061227896,0
168764,0.057811273260221896,0
166867,0.05781025486751831,0
168640,0.05780697697490209,0
168016,0.057803117440619105,0
164140,0.05780249810086294,0
163297,0.05780194155673663,0
80117,0.05778027408857237,0
167561,0.057768532575626974,0
170130,0.057747097967068915,0
164981,0.057743710803658824,0
160489,0.05773404563990411,0
169103,0.057726592226081175,0
170865,0.05771950971270511,0
164995,0.05771294937495549,0
161951,0.05770465267865623,0
170797,0.057700421862674406,0
160872,0.05769024082276324,0
163145,0.05768209650764279,0
102202,0.05768187798413864,0
167667,0.05767912065754669,0
171274,0.05765612220409342,0
167101,0.05765044041217208,0
163600,0.05764846686938071,0
166737,0.05763058975175359,0
160505,0.05761825537773049,0
166493,0.057593498832301984,0
160302,0.05757384005690365,0
171177,0.05755620638305547,0
165590,0.057542258680893785,0
170359,0.05754187006269791,0
166723,0.057538656180185846,0
162352,0.05753218469758058,0
167204,0.057521330167530305,0
169282,0.057497388314590704,0
164395,0.057495947412378005,0
162810,0.05749072695771189,0
165079,0.05746362367484965,0
160718,0.057444152807099594,0
171645,0.05741340450637354,0
110937,0.057396660289023085,0
163414,0.05738430558545816,0
57130,0.05736634562061746,0
164158,0.05735787652284473,0
164468,0.05733668149101352,0
168592,0.05732481298373355,0
165224,0.057304914583678465,0
160779,0.05728727504473466,0
169816,0.05728158289011937,0
163703,0.05727947495709242,0
161243,0.05727382227917258,0
167090,0.05726178656443787,0
163136,0.057257297657522355,0
170576,0.05725587997297,0
164488,0.05725084273202517,0
36294,0.05724470185702795,0
171435,0.05724075800632115,0
160410,0.05723439970822396,0
168248,0.05723062161134228,0
168816,0.05722218963023059,0
168663,0.05722118578320501,0
166858,0.057218639343451366,0
167803,0.0572147768619111,0
165659,0.05721230882151902,0
163129,0.05720843084954026,0
171267,0.05720575840069616,0
162207,0.05719716398430238,0
161395,0.057181153211843416,0
51648,0.05718039274293677,0
166217,0.057179938458453,0
168826,0.05716904824399734,0
171301,0.057167895712566474,0
166884,0.0571674769427683,0
171257,0.05715539709658619,0
170649,0.05715445190916721,0
101823,0.05713745091660061,0
60151,0.05713660194924117,0
169890,0.057133677878492,0
506,0.057124811187490576,0
161467,0.05712414451998648,0
172047,0.05712074245324148,0
164131,0.057116077584558646,0
169135,0.05710472935512852,0
46211,0.05709893972291918,0
161920,0.057076127335478684,0
164118,0.05705286013550912,0
166616,0.057049779505160665,0
161422,0.05704205408752884,0
164201,0.057039726693758494,0
164235,0.05703394970138836,0
169681,0.05703349765319375,0
161899,0.05702856324298977,0
10303,0.0569759878672977,0
161926,0.05697395783479535,0
160734,0.05697347370479233,0
163881,0.05696439858738605,0
163163,0.05695510413830237,0
162424,0.05692715890747227,0
169447,0.056919051833760545,0
163347,0.056912398638809106,0
58660,0.05690845362118154,0
161462,0.056908434202981556,0
162202,0.05689767357031305,0
164389,0.0568858443856245,0
162009,0.05687682139943002,0
164238,0.05686388009960851,0
162816,0.05686074359085965,0
166477,0.056847815348454754,0
162058,0.05684042955008717,0
166265,0.05681702499002547,0
170169,0.05681670249582828,0
169593,0.05680995496722905,0
168217,0.0567882683314864,0
169492,0.056767897027323724,0
165272,0.05676331269461471,0
170094,0.05675875373571814,0
86446,0.05675643589703958,0
168091,0.05675430736107221,0
171180,0.05674472203078065,0
163052,0.056742973964251854,0
161921,0.05674067180910396,0
171287,0.05673728724904631,0
162413,0.05673350515597109,0
167923,0.056728986965624915,0
171073,0.056721284791345125,0
165202,0.05667502830711399,0
165690,0.056661562736086,0
160358,0.05665904374539626,0
160934,0.05665684761277459,0
166185,0.05663702696324909,0
161678,0.05663374358355145,0
165526,0.05662994172346196,0
168681,0.056622499416884055,0
163671,0.05662029374714935,0
171187,0.05661703901807647,0
161513,0.05660279058721573,0
169851,0.05658917672203972,0
167834,0.05657515862602317,0
161929,0.056573625136670615,0
168919,0.056573274181150664,0
165637,0.05656527812919793,0
170431,0.05656366770780978,0
168460,0.056560188000523516,0
93563,0.05653915172119544,0
13402,0.05651275086467517,0
170655,0.05651218541559057,0
167788,0.05651020015886487,0
505,0.056502616276636115,0
161994,0.05649543751640734,0
162109,0.05649152350770681,0
168006,0.056490312952585914,0
161015,0.056483717806441104,0
167921,0.05647785353790896,0
165218,0.056462219769139704,0
75110,0.05645881377234883,0
170805,0.05642739316786045,0
168195,0.056399052911113,0
169340,0.05639687201903184,0
166700,0.056393577344754565,0
161829,0.056383166277035254,0
161065,0.05638237526129768,0
170990,0.056371532016053987,0
160590,0.05636997086725213,0
169252,0.05635678614745158,0
164538,0.056295337982562046,0
170114,0.05629463580754177,0
166447,0.05628716681490457,0
162617,0.05628421662708548,0
167877,0.05624231627946907,0
168629,0.05622446348689254,0
170590,0.05622195152598083,0
165556,0.05621766748421085,0
160724,0.056191946185400986,0
164766,0.05618373611703054,0
161962,0.05617389794416274,0
160584,0.05616144066857092,0
169810,0.05615478277187996,0
163509,0.056134694251409344,0
165265,0.05612694860121471,0
167996,0.05611920210106096,0
163191,0.0561188734490936,0
160827,0.05611125276760286,0
163581,0.0561080810042402,0
162107,0.056102587872308714,0
167455,0.0560831187054014,0
164983,0.056079837623257266,0
171016,0.056078049392200194,0
160628,0.05607491997808377,0
160818,0.05607196231971145,0
161889,0.05606644858836115,0
163117,0.05602846365126357,0
167192,0.05602424452772608,0
170264,0.05600575705294255,0
170670,0.05596811585361739,0
100763,0.05595568082300807,0
166959,0.055954967113389396,0
169926,0.055944578220288775,0
163479,0.05589088676624312,0
162019,0.055888395624531684,0
171442,0.055877170755881195,0
168904,0.05585387682184545,0
165436,0.055845827843588734,0
160944,0.05583041911033366,0
167982,0.05582475353724549,0
162512,0.05582450849399989,0
164432,0.05582281337840595,0
160653,0.05581531690867658,0
160582,0.055775711177928906,0
160587,0.0557729695782138,0
167927,0.05576939750791075,0
60944,0.055755774963982284,0
171451,0.05575239803108669,0
171507,0.05573661013185852,0
165402,0.0557254320709093,0
171846,0.055700620330214286,0
163031,0.05569175777159208,0
164689,0.055671723179060245,0
167861,0.05567070146035545,0
171031,0.0556681686019962,0
166817,0.05565869426437716,0
168552,0.05564165949964896,0
165221,0.05563882115752219,0
161535,0.05563532632412351,0
164168,0.05561044681619914,0
160520,0.05560261714488914,0
166832,0.05559697059079119,0
46745,0.055581195394902784,0
165469,0.05557390298671969,0
162303,0.055571885776346135,0
165565,0.05556476766331262,0
167145,0.055558246972782964,0
164705,0.055553169257579506,0
164022,0.05555309036647519,0
169026,0.055542774297304566,0
160752,0.05554131030260662,0
164932,0.05552375622288148,0
160883,0.0555153705139054,0
162029,0.05551311973281736,0
161749,0.05550791846966011,0
166856,0.055474029409436694,0
166892,0.05546662558473356,0
161890,0.0554507001794405,0
167514,0.055446880745531286,0
165428,0.0554463116331979,0
161632,0.05544167160367548,0
171291,0.05543952082745149,0
166462,0.05543918141787977,0
170924,0.05543885032175702,0
39759,0.05543068731410313,0
45234,0.055404962857637866,0
167731,0.05539235993639442,0
21619,0.0553807338294824,0
168344,0.055379577671340885,0
171077,0.05537520210062656,0
166174,0.05537399037811115,0
168783,0.05535031798752627,0
168174,0.05534189317362431,0
171252,0.05533513605274435,0
160589,0.055330157879605,0
160741,0.05532583658538024,0
170065,0.05531457382268452,0
160655,0.05531024440520571,0
168733,0.055299539866993805,0
170885,0.05529704304645511,0
168896,0.05526805415869556,0
165253,0.0552558165489753,0
163679,0.0552418688404828,0
171155,0.05523573823046536,0
169184,0.05523510446912458,0
161029,0.05523025152277589,0
162043,0.055211505149054645,0
160871,0.05519645834980284,0
29471,0.055191094071333685,0
161967,0.05518047728756395,0
171783,0.055175789025853156,0
165388,0.055170401430453896,0
167922,0.05516334557627225,0
166952,0.05515763021439161,0
168428,0.055145865186010605,0
164836,0.05510635333720388,0
162862,0.05508923118333896,0
167850,0.05506486900193086,0
94533,0.05506422600351016,0
163364,0.0550630259073677,0
170112,0.05505395805064323,0
166158,0.055035581932647314,0
164438,0.05502773778567935,0
162670,0.05502078349744247,0
164767,0.05501718201454454,0
166224,0.05501586860551408,0
20970,0.055014420553079084,0
162167,0.055006998281932104,0
160566,0.05497671587951779,0
165868,0.05496774931724936,0
170323,0.05495315235226947,0
165521,0.05493193040658009,0
164591,0.05489483724566763,0
166203,0.05487110175634824,0
166308,0.0548581776277526,0
171402,0.05485267775317993,0
161429,0.05484419893961549,0
167585,0.054824315217579314,0
160948,0.05482204981922507,0
160664,0.05480648741601451,0
30751,0.0548046691539191,0
165507,0.054797995096826584,0
170456,0.05479500634494546,0
168046,0.054787630133981635,0
171149,0.054768606007005206,0
165332,0.05475754557057587,0
160376,0.05475306794307126,0
162762,0.05474751737906674,0
164489,0.05474615583645242,0
166583,0.054736773300225146,0
160749,0.05473004131433073,0
163742,0.054729228006592495,0
160261,0.054712261098502746,0
169458,0.05469224651585334,0
166422,0.05467816861385142,0
162841,0.05467539585465217,0
160643,0.05467524752794626,0
165553,0.05467045236233041,0
161523,0.05466405424990526,0
35985,0.05466101661180152,0
169191,0.054649189974346556,0
166162,0.05463410368012393,0
168892,0.054628957783116085,0
162358,0.0546135211057798,0
171601,0.0546105647687874,0
79933,0.05461025873083842,0
162502,0.0546052646992304,0
164296,0.054602351877609014,0
171336,0.054594639318986275,0
167012,0.05458875681993045,0
161311,0.054570701321940064,0
166554,0.05455738285216146,0
160463,0.054538300700262915,0
161735,0.05452080813890091,0
12046,0.05449070928871251,0
169883,0.05448669833930414,0
77840,0.05448597009761186,0
167806,0.05447335793604543,0
161528,0.05447048842066315,0
34379,0.054456423513902494,0
166368,0.05445200458447261,0
167665,0.05442913589076042,0
165036,0.05442145883303985,0
168538,0.054421212149101596,0
160383,0.05440114197515513,0
165176,0.05439735939957488,0
165119,0.05439280525638988,0
171512,0.05437352125610647,0
163024,0.05436522540018346,0
166933,0.05436293021291533,0
2182,0.054352345304199016,0
167758,0.0543406461406292,0
166694,0.054339998778387,0
171312,0.054337350391358584,0
91437,0.05432098374845422,0
167749,0.05431722956378704,0
163049,0.05431227076167007,0
166025,0.05429344998513257,0
171562,0.05428597845488202,0
168643,0.05426787849464089,0
170980,0.05426606923568826,0
166219,0.05426060878564173,0
170771,0.05424121298279536,0
163539,0.05423157602647018,0
168136,0.05422083630305567,0
169069,0.0542185390396547,0
170086,0.0542182130173068,0
164363,0.05417855526009812,0
170897,0.05416932185206941,0
163967,0.054156383322715794,0
165140,0.054135195754071316,0
165330,0.054133872933655784,0
171754,0.054117058128800744,0
165387,0.054116585756066635,0
168832,0.05409564753726013,0
170335,0.054086766054392985,0
161455,0.05407824653298745,0
170301,0.05407230421284669,0
170187,0.05407079459466522,0
160253,0.05406058592190394,0
167999,0.054060562823985296,0
18655,0.05405651129952574,0
169691,0.05405336815201489,0
161866,0.054053138324946445,0
170863,0.05403379153855967,0
168376,0.05400777056810164,0
161174,0.05400381089764454,0
166900,0.053993928172936405,0
170812,0.05399370099144687,0
163264,0.05397487523166906,0
164162,0.05397347492337347,0
164139,0.0539720841227174,0
171622,0.053970064248514575,0
161212,0.05396329203451437,0
164964,0.05395161128166439,0
162155,0.05393762838694704,0
9456,0.05391242856357686,0
171391,0.053905160705282854,0
163201,0.0539051180935918,0
161412,0.053885794629088095,0
161418,0.05384147304130745,0
170642,0.05383817494868435,0
171490,0.05383476876627532,0
169785,0.05382948686172975,0
166573,0.0538236921525817,0
171033,0.053820787459202324,0
164706,0.053820673636708206,0
160510,0.05380170847003588,0
164298,0.053792600704048704,0
169895,0.05377938781073414,0
170249,0.053759881782052245,0
171551,0.05375585317269344,0
167128,0.05374679791130886,0
163701,0.0537448841328162,0
168434,0.05374470304333734,0
61744,0.05372770150044767,0
169540,0.05371811704467556,0
164617,0.05370373254823358,0
160614,0.05369763750226183,0
86145,0.0536802630359837,0
160759,0.053661905150738105,0
170051,0.053658956390189035,0
162766,0.05364978029446845,0
161761,0.053643241063217655,0
160615,0.05362287765733347,0
170933,0.05361508061415598,0
160563,0.05359381169894151,0
170351,0.05359366964556075,0
171517,0.05358137498286944,0
166215,0.05358006845055409,0
171311,0.053577101104480614,0
160315,0.05356136507803055,0
166763,0.053540123009970984,0
167933,0.05353769793911354,0
169084,0.05353285792432744,0
166798,0.053532279533747944,0
171669,0.05350191369962024,0
166800,0.05350129569160734,0
169901,0.05347612677639274,0
185,0.0534546588765585,0
166266,0.05343973340449918,0
106060,0.053437764242042544,0
168853,0.05343634777529951,0
167162,0.053413248031501895,0
165638,0.05338879215080461,0
162818,0.05338866994059175,0
170382,0.053386680493922374,0
170452,0.05338440290284489,0
168662,0.05337803851600427,0
57789,0.05337179314676926,0
164928,0.05333311750272355,0
166860,0.05333211200825106,0
162850,0.05332866974640577,0
161933,0.05332637485885575,0
171592,0.05332480920377022,0
169021,0.05330337815605478,0
12995,0.053303135064741096,0
168397,0.05329936666865517,0
167856,0.05327869889347564,0
169753,0.05327431817730597,0
169874,0.053268886267141956,0
167494,0.0532050073314439,0
162131,0.05319020529817557,0
171194,0.05317659731395992,0
165479,0.05317533852472818,0
165141,0.053162865008863816,0
163077,0.05315083686410528,0
167023,0.05313896945257368,0
160581,0.053133936288696185,0
168689,0.05312971241614936,0
160946,0.05311755942027587,0
59667,0.05311277019032826,0
9455,0.05310751906983168,0
17317,0.053104578537778814,0
169091,0.05309415750255132,0
166105,0.05308899205582775,0
161973,0.05307628181502552,0
167377,0.053073119096319475,0
163787,0.053071846474988194,0
98988,0.05306364499369463,0
161584,0.05305088811296196,0
169911,0.053042960991204154,0
169185,0.053028272510947015,0
161983,0.05301892694278844,0
169532,0.05301115707298732,0
168803,0.052965044050043694,0
167550,0.05296432021197326,0
169110,0.05295783915098553,0
162187,0.05295231477289332,0
171020,0.05293779787625579,0
172109,0.05292895266897134,0
163239,0.05292382158019873,0
168074,0.052922289364537106,0
45497,0.05291826937619588,0
166710,0.052910665936022325,0
161404,0.052908557296499535,0
170398,0.052903744655321785,0
171215,0.052901825558534364,0
167346,0.052899066492219315,0
161116,0.05288201943084544,0
170295,0.052878910661861234,0
167591,0.0528752928692494,0
164654,0.05285892135804872,0
160665,0.05285398140471163,0
167894,0.052850035256437285,0
170144,0.05284942874614139,0
163433,0.05284403449028882,0
168535,0.0528389009862072,0
161792,0.052837293633018784,0
162237,0.05283420895736286,0
160516,0.05282805842722099,0
165999,0.05280632047005786,0
162425,0.052789851382233875,0
167463,0.05278328369120533,0
98585,0.052740570374315156,0
167775,0.0527316578978018,0
172067,0.05272294385225913,0
167589,0.05271621277709136,0
171505,0.052697442763903354,0
169131,0.05269686776703787,0
161527,0.05269290067005398,0
166503,0.05268249548724455,0
168234,0.052679245702375616,0
165020,0.05265561239332323,0
160369,0.052648738002003516,0
168847,0.0526376517761104,0
165560,0.05262986808833928,0
171440,0.052627725478113285,0
171358,0.05260430039954686,0
105871,0.05260183592058019,0
171614,0.052587454259465996,0
170238,0.052574443758607856,0
161472,0.05255582949248009,0
169858,0.05255183600136077,0
170121,0.05254990496398547,0
171280,0.05254829109698672,0
164594,0.052544171257948,0
88057,0.05251592405100806,0
171006,0.05250555864515702,0
161344,0.0524967331624768,0
162778,0.05249548445586314,0
110857,0.052471960286240175,0
169862,0.05245032933914101,0
167926,0.05242210520697688,0
167858,0.0524066677568043,0
162041,0.05240337776428646,0
162377,0.052396809438851916,0
168985,0.05236937414911456,0
171015,0.05235684840336758,0
168372,0.05235191122304805,0
160772,0.05234745484763944,0
170338,0.05234606662737239,0
170089,0.052326510485280565,0
171161,0.05231836069433573,0
171261,0.05231450807481607,0
160291,0.05231000660043846,0
161692,0.05230327915123505,0
166759,0.05228491125535842,0
166596,0.05227714767469794,0
169860,0.052267869265191315,0
162675,0.052265327094051135,0
165450,0.05226414765121642,0
160417,0.05225938121062858,0
171009,0.05225583688173071,0
171469,0.052254405246781245,0
160379,0.05225091568278433,0
161556,0.05225047630903828,0
165564,0.05224750796922099,0
170287,0.052223799296300055,0
164423,0.05222115350107563,0
171558,0.052220957933907894,0
165948,0.05221375721692115,0
161537,0.052190236566232236,0
165336,0.05218988694823964,0
160386,0.052162640323161924,0
161900,0.052136598852188895,0
160347,0.052134897270327704,0
163798,0.05212755999386899,0
172003,0.052108410467893676,0
171359,0.05210515403111986,0
168917,0.05210164871499292,0
91698,0.052097274434462264,0
161545,0.05209058985962492,0
165757,0.05209018084939026,0
162885,0.052073006718028766,0
170318,0.052065609800327074,0
167928,0.05205480497044736,0
165284,0.052048108083899765,0
170031,0.05204513474808889,0
161451,0.052033915947789645,0
166663,0.05202895600838308,0
166785,0.05202245957138977,0
161224,0.052002593500491585,0
168251,0.05200190476208629,0
166345,0.051996271937994255,0
169996,0.05198978221247771,0
160611,0.05198915993224397,0
161529,0.05196998601754312,0
161466,0.05196993577220855,0
166143,0.05196965090135197,0
166141,0.0519594917344328,0
160613,0.051953774577433394,0
162007,0.0519258099467392,0
169217,0.0519208235820718,0
171317,0.05191894447671892,0
167523,0.051917999342872716,0
166316,0.051913297031194364,0
171493,0.051899873174793644,0
162032,0.05188207749434753,0
164051,0.05188061788477201,0
166882,0.051858688945377165,0
165608,0.051849303759687826,0
165531,0.051831492754673775,0
170419,0.05182516498304039,0
160528,0.051810897034552245,0
169552,0.05179613623278936,0
170136,0.05178287266957124,0
164132,0.05177317459401203,0
169277,0.05176269753314336,0
170394,0.051751524700269634,0
166826,0.051750210539002965,0
166686,0.05174488865819505,0
54734,0.05173802510593831,0
167592,0.05173402660396934,0
164449,0.05172594299166035,0
163042,0.05172086332841995,0
160820,0.051689867756300766,0
166842,0.05168107146123154,0
167985,0.05167757101118483,0
170123,0.051648272039370245,0
161647,0.05163676427676987,0
168860,0.05162922038863466,0
167419,0.051629084686065835,0
163512,0.05162271870937095,0
168632,0.05161520950276411,0
165498,0.051614520913816186,0
162849,0.051610694527470385,0
170401,0.05160854615154127,0
165066,0.051600822685610906,0
167871,0.05160026212842445,0
162726,0.05158067639513697,0
161172,0.0515737977575178,0
169738,0.05156684830408343,0
165532,0.051541876054063546,0
164992,0.05152885220363349,0
170309,0.05152577783892405,0
168634,0.05151923070067583,0
168360,0.05150366848544701,0
162631,0.051499993981403036,0
167556,0.05149594107036245,0
163033,0.051484499627907084,0
168669,0.051478917435494716,0
164184,0.051470756776733295,0
170143,0.051456842673411475,0
171459,0.051451790016769576,0
167433,0.0514404832968573,0
71152,0.051434111847296064,0
165477,0.051433856291414025,0
166643,0.05141141844406317,0
170940,0.05140199748801267,0
166909,0.05138569894189752,0
164676,0.051375625505210916,0
163549,0.051370603482497355,0
170999,0.05136628543652187,0
160542,0.05136570309152868,0
168829,0.05136244119305721,0
170460,0.05135096211779659,0
162528,0.05134942783389476,0
35131,0.051343029732657995,0
162089,0.05131153402084437,0
165932,0.05130744244388387,0
25961,0.05130341037118451,0
162941,0.051294439317156756,0
161602,0.051293971836639196,0
60674,0.05127758427581659,0
165376,0.051276038600786694,0
164020,0.0512713089438074,0
168406,0.05123856160625126,0
170801,0.051216614160760246,0
165785,0.051203785782956056,0
160704,0.0511963381593618,0
1681,0.05119252557344602,0
165027,0.05118878466006683,0
171793,0.05116367398397002,0
170430,0.05115996605764674,0
12480,0.051156520406257754,0
160573,0.0511541905159784,0
168642,0.05114695565576557,0
166182,0.051140889738277205,0
170429,0.05114062000836888,0
170620,0.05113560445485357,0
166287,0.051121111728781345,0
165472,0.05111819151909314,0
170332,0.05108807928405291,0
166216,0.05108296374486693,0
162864,0.05107321396133569,0
169651,0.051070087301883026,0
161978,0.05106872864066902,0
170890,0.05105972785112507,0
168057,0.051052734057073154,0
170133,0.05104030613619792,0
40290,0.05103710721222648,0
166235,0.05102849752402907,0
161864,0.051027169279182175,0
163265,0.05099728257755637,0
169957,0.05099197804787106,0
164042,0.050979741985229685,0
168464,0.05097782603086067,0
168994,0.05096691030907401,0
169820,0.05093827452377518,0
162645,0.050925675508232994,0
169918,0.050905632985260386,0
167422,0.05090432727540015,0
164108,0.05087479107098301,0
162085,0.05086155297663021,0
162795,0.0508457010322631,0
164892,0.05084513751948296,0
167189,0.050838100811942934,0
165947,0.05083045467598622,0
169253,0.050827368626450084,0
170034,0.05081719217131445,0
168481,0.0508153781608911,0
167451,0.050808298677979806,0
161701,0.050795446736847626,0
170033,0.050792415760824265,0
166302,0.05077463411250505,0
167221,0.05076364169136557,0
162895,0.05075809280491913,0
169144,0.05075714763154376,0
161766,0.05075655761993263,0
162637,0.050734291809113284,0
162061,0.05072234204947506,0
170717,0.05071187938710769,0
164144,0.05071022052335924,0
171441,0.05068747432494595,0
161681,0.05067049936993459,0
165537,0.05066437751740178,0
161507,0.05065295391696262,0
170443,0.05061945281596132,0
160684,0.05060319795392328,0
48625,0.05059874842707631,0
161595,0.05059565149338099,0
165313,0.05059375061996547,0
170474,0.050584953921852735,0
163157,0.05058360875322877,0
166018,0.05057725540573807,0
53448,0.050570699956999206,0
170122,0.05056724194723707,0
29955,0.05056654463531762,0
167434,0.05055857271396976,0
163828,0.05055533203118241,0
166871,0.05054343150628958,0
171057,0.05053770306630969,0
169796,0.0505313305840778,0
169162,0.05052808635503482,0
168023,0.05052555328196823,0
162292,0.05051352966038056,0
165058,0.05051089474281679,0
171214,0.05049841206856334,0
166644,0.05047398049747288,0
166261,0.05044403153602951,0
170786,0.050421511843758225,0
167610,0.05041347759123497,0
162031,0.050413142108396654,0
160697,0.050412104761713684,0
162752,0.05039713604173585,0
164487,0.05038764992973823,0
165286,0.05038083637269047,0
168918,0.0503689958234934,0
163041,0.050352567300029405,0
169657,0.0503514514252789,0
167376,0.050344185734923504,0
97273,0.05033155962959553,0
160939,0.05032880755444312,0
169601,0.05030750113644136,0
165692,0.05030235504806367,0
170028,0.05029270109368416,0
162679,0.0502920649958741,0
166524,0.05028479147742611,0
168218,0.05027880374939857,0
167319,0.050278481960896335,0
166765,0.050271477511145544,0
166852,0.050265634701603924,0
163761,0.05026150275165178,0
169166,0.050242436513499585,0
169726,0.050237303100659,0
170125,0.05023032348489248,0
165204,0.05022296796759664,0
166546,0.050180256893016,0
165512,0.05016357077474115,0
171561,0.05016186905837522,0
160804,0.05015910638330215,0
160798,0.050148772438395675,0
165541,0.05013563063046902,0
166775,0.050116029855656226,0
160869,0.050103449904987364,0
161148,0.050094129567485046,0
169153,0.050086615140987105,0
169423,0.05006552206839376,0
166742,0.050064194629458034,0
160469,0.050058253891215085,0
165184,0.05004136202469101,0
161522,0.05003367978889957,0
163066,0.05000928720552459,0
170880,0.04998550816694122,0
162320,0.04998492170795332,0
161676,0.049967454021617494,0
170186,0.04995703236616309,0
161923,0.0499431960627888,0
167931,0.04993978003096882,0
165468,0.04991972546838856,0
162598,0.049900529371325955,0
160790,0.049876546351735315,0
167640,0.049874185193193525,0
162509,0.04987271069764298,0
167289,0.049870619559164824,0
164991,0.04986990370686724,0
84797,0.04986513589983373,0
171288,0.04985470002444076,0
170921,0.04984012435219942,0
167551,0.049830764695324124,0
12319,0.04982301679130278,0
169157,0.04982165229843937,0
166803,0.04981981897404544,0
171895,0.04979102070072687,0
109377,0.049789332474832027,0
163810,0.04977377500824915,0
168884,0.04976343588470947,0
160715,0.04975295303002276,0
170022,0.049723680559028614,0
161501,0.04971345098875864,0
160248,0.04969525188134522,0
168474,0.049694690117481746,0
162610,0.04968096312847353,0
168750,0.04967412498854563,0
164011,0.04964962862447234,0
166339,0.04964027961177403,0
167506,0.04962284826627339,0
166761,0.049613426001343115,0
164165,0.04959582984464731,0
165587,0.049586818471078827,0
166056,0.04957547628879594,0
166097,0.049570453450052614,0
160530,0.049566222121513216,0
162068,0.049549248041186905,0
167186,0.04952813394376533,0
161953,0.04951678024839097,0
160987,0.04944441168050632,0
164104,0.04943969658655319,0
166385,0.04938099171543951,0
90414,0.049373248944813805,0
171823,0.04937048313939058,0
167469,0.049355491568981405,0
168103,0.04934641426355208,0
165716,0.04933295118282215,0
163941,0.04932481567384434,0
162871,0.049306161109268075,0
161742,0.04927689362431515,0
165245,0.04925110519825087,0
162042,0.04925048867524044,0
162757,0.049244845428069305,0
165681,0.04924423662401338,0
6299,0.04924092570563323,0
7317,0.0492363313653058,0
161024,0.04921940037844782,0
163006,0.04921890970124053,0
19471,0.049204905677573636,0
165150,0.049194452888390784,0
168970,0.04919399246100231,0
161645,0.04917941906908188,0
168014,0.04917427645533258,0
163149,0.04917289989253129,0
169471,0.04914994918278222,0
163752,0.04914778893621568,0
162878,0.04913984630808049,0
166343,0.04912699262488376,0
166984,0.0491049612936773,0
164350,0.04908049948157619,0
165399,0.049069600346101146,0
170308,0.04906675074397922,0
168138,0.04906439501415235,0
167293,0.04905085957707179,0
171251,0.04904760080264988,0
171949,0.04904301701951327,0
169356,0.04900718548340449,0
163000,0.04898159664399224,0
164436,0.04898034057773543,0
164249,0.04896778837476628,0
164115,0.048942896832050733,0
163913,0.048919571386301285,0
9778,0.04890125613557894,0
166812,0.04888578912351291,0
161904,0.048884462175033096,0
165024,0.04888385401661408,0
164351,0.04888213182986708,0
163741,0.04887216603558462,0
163624,0.04886921749635585,0
169399,0.04886234453288652,0
169208,0.04884764386623672,0
167836,0.048844376785068894,0
160881,0.04883339406147223,0
163980,0.048829604021230766,0
164259,0.048826564975340755,0
160578,0.048824473748692684,0
169614,0.048820023256709276,0
165164,0.0488015139366006,0
163631,0.04878613850316958,0
172021,0.04877876695385578,0
172062,0.04876402399022525,0
167972,0.048756455604568906,0
164940,0.048756046262806454,0
170405,0.048754803684733304,0
163126,0.04874814449072366,0
170201,0.0487380169543074,0
168033,0.04873753962910855,0
161649,0.048720366160123325,0
162989,0.048710549010909196,0
171217,0.04870738766498992,0
164095,0.048703805401117496,0
166358,0.04869322851662503,0
165682,0.04868505438263227,0
163705,0.04867808595373513,0
163832,0.04867760952216658,0
161959,0.048633778426572634,0
11088,0.04861710205013767,0
170483,0.04861322876700877,0
160917,0.04858118504620628,0
160501,0.04856580146647354,0
167737,0.04855642697356872,0
171456,0.04855158532786956,0
170392,0.048529746357723225,0
166341,0.048526288615472216,0
163036,0.04849740487972731,0
167761,0.048486182614903645,0
162805,0.04848024952660299,0
167691,0.04847618403257817,0
161200,0.04846460527905277,0
171165,0.04845460578839586,0
4574,0.04841311584106067,0
165105,0.04839883577559144,0
160828,0.04836340626215835,0
165457,0.04835571249146952,0
3082,0.048354647508476345,0
14677,0.0483485980306381,0
166709,0.048342324669410845,0
161957,0.04833665679220224,0
171243,0.048336135566699835,0
163834,0.04831365606243085,0
169475,0.04831136655355434,0
160547,0.04825409700781465,0
169142,0.048253475449420595,0
163169,0.04824545898768727,0
170403,0.04823264501684625,0
160767,0.04822596888763057,0
52370,0.04819849648010254,0
168815,0.048191433142637415,0
163574,0.04818976141629279,0
168704,0.04818827415750454,0
169226,0.04818617990699135,0
164508,0.04817055955493138,0
171560,0.048168798385864645,0
168902,0.048162384616268886,0
167908,0.048159634022093396,0
165961,0.04814183718658387,0
166425,0.04811234865249131,0
161597,0.04809080317585078,0
104060,0.04807826225905768,0
162088,0.04807746311310867,0
161754,0.04806050921003527,0
165346,0.04805898752978013,0
167953,0.04803312969656114,0
164673,0.048031836643931555,0
162920,0.04802244963326306,0
572,0.047997112404096785,0
167730,0.047976109429610614,0
170348,0.047966791054220526,0
163168,0.04796325514358676,0
160450,0.04794539342823173,0
169044,0.04794292854526964,0
166676,0.0479421407336253,0
161846,0.0479243209565608,0
162022,0.04790387077287785,0
167904,0.047888678216361856,0
164936,0.04788741954425923,0
40784,0.04788265512722563,0
171484,0.04787964576396736,0
164167,0.04787402778021923,0
170378,0.04784818669765296,0
164426,0.04784303742190768,0
166247,0.047817027989109355,0
162676,0.04780132840813943,0
167623,0.04779741239226725,0
85957,0.04777093716606637,0
160499,0.04776656334473625,0
162582,0.047765278811331205,0
161944,0.04776324876566732,0
168007,0.047730270560032054,0
170023,0.04771749418124959,0
170702,0.04770450175304863,0
167474,0.04770171381516335,0
160620,0.047677962081980135,0
3480,0.04762964040912051,0
161552,0.04759022323732857,0
167576,0.047580519357939575,0
168967,0.04757069103402978,0
160604,0.04755918910444078,0
169677,0.047553524876341464,0
167478,0.04753646403096245,0
49794,0.047533669126296245,0
2650,0.04751851770892409,0
171087,0.04750980349533327,0
160860,0.04750417952464479,0
166010,0.04750305495263518,0
166020,0.0474962023478972,0
162932,0.04747598349865625,0
78393,0.0474631407367847,0
165424,0.04746179705351344,0
169979,0.047451404840059025,0
161476,0.04744971286469345,0
1987,0.04739457303531493,0
171461,0.047391851484833644,0
163911,0.04736488808207932,0
165260,0.047359115263257985,0
163385,0.04733424611860208,0
170803,0.04731630715755784,0
171478,0.04731086398488816,0
160421,0.047309614263192114,0
162039,0.047283599468505515,0
168060,0.04728352737882033,0
166084,0.047254519467703246,0
41995,0.04725020703866036,0
166620,0.047241962270237685,0
171862,0.04722396438703854,0
37945,0.04718603075691163,0
168969,0.04718591244130671,0
168790,0.04718310841088565,0
171586,0.04716569428624539,0
170073,0.04713581237389673,0
161215,0.04713314056875959,0
167582,0.047117333372138755,0
163335,0.04711197448796598,0
167937,0.04710777304881241,0
161573,0.047089543112801904,0
166042,0.047054022038751454,0
167915,0.04704110478865947,0
171616,0.04702443040971073,0
163720,0.0470057301880903,0
163292,0.04700470725706053,0
38702,0.04699989805533374,0
168624,0.04699677178712323,0
163598,0.046992337547768215,0
171640,0.0469502611444749,0
171726,0.04694991274357661,0
171656,0.04694319719002502,0
163046,0.046924166695652435,0
171587,0.04691563364921501,0
161530,0.04688790456951212,0
171191,0.046885299249222114,0
165203,0.04687632626200309,0
168823,0.046851634656053576,0
165212,0.04683634538207492,0
165175,0.046817143119219244,0
165584,0.04681057494141776,0
165084,0.046761127963376954,0
169146,0.046760017882827215,0
170102,0.046755335401427296,0
162787,0.0467321179005761,0
168973,0.04670133296123457,0
164190,0.046699701227735944,0
165259,0.046693768064135825,0
170422,0.04666479648455171,0
170587,0.04666418757821829,0
162919,0.0466369772785641,0
167564,0.04663388721745791,0
168845,0.04659693843676088,0
170029,0.04659418239560107,0
164681,0.04652723365616889,0
171549,0.046515055629506544,0
161998,0.04651235898984912,0
170992,0.04647518871651546,0
162622,0.04646751280420962,0
160681,0.04642997661370767,0
171290,0.04642406029011383,0
164166,0.046421299652072874,0
166474,0.04639352685499649,0
169559,0.046390407313134346,0
164143,0.04638880871106677,0
162471,0.04637984692351847,0
160912,0.04636687723914219,0
161170,0.04636513148293469,0
40542,0.04636451970375675,0
160739,0.04636268247958922,0
163940,0.04635660111943243,0
165491,0.04633157001192993,0
169833,0.046330795476282,0
165578,0.046322299982094944,0
164998,0.046317243278639224,0
163177,0.0463113110544214,0
164274,0.046305249189268496,0
170985,0.04630245733189297,0
170253,0.0463013906309549,0
160736,0.046299624987615834,0
164471,0.04629404503794687,0
170317,0.04628579032409033,0
165517,0.046284972182977085,0
166192,0.046277195312173405,0
170731,0.04624565578145387,0
166679,0.04624272340205707,0
167017,0.04622946574644784,0
162746,0.04622554370688776,0
167961,0.04621807000129838,0
162922,0.046174009855551756,0
164849,0.0461731414674003,0
167282,0.04615559093559341,0
164359,0.046126393101192494,0
163173,0.04612198919030118,0
171822,0.04610412879950598,0
164664,0.04607926243604469,0
166357,0.04607250146840052,0
165540,0.04605953261205896,0
169181,0.04602975444611299,0
167692,0.046023516049980055,0
167450,0.046015926303899814,0
160478,0.0459875860474113,0
161381,0.04593832627292949,0
168908,0.04592737442516825,0
168071,0.04587109848772898,0
167671,0.0458358720490942,0
164398,0.045816936147931024,0
162116,0.04581236969310783,0
161603,0.04580647590618423,0
164314,0.04579943081108185,0
160523,0.04578065459443972,0
169308,0.04576860277463338,0
162992,0.045753705022351085,0
167936,0.045747236476201984,0
168792,0.04573012683869486,0
169249,0.04572266896355359,0
170037,0.04570768248523865,0
162037,0.04569460824164919,0
162694,0.04566275364374976,0
168027,0.045657211706631416,0
86760,0.045651717136900555,0
166748,0.045638249324578356,0
168678,0.0456266073520776,0
163154,0.045626338118161226,0
168054,0.045593848256457285,0
161716,0.04559221948745582,0
160923,0.04558033026724822,0
111043,0.045579386250434305,0
170366,0.04553285967887799,0
160559,0.04552623377948212,0
167312,0.0454944160006123,0
166211,0.04547322397375519,0
171824,0.04545973492486511,0
170983,0.04545263836506661,0
164205,0.04543240819547411,0
166435,0.045428803034515394,0
1980,0.04542182676673064,0
161106,0.04541390827059853,0
168026,0.04540334979133469,0
165657,0.045385541666707774,0
171302,0.045365932132233756,0
165065,0.04536183892183813,0
162908,0.04535719629633252,0
164159,0.045344022622975814,0
169978,0.0453233482364524,0
162951,0.04532211867939018,0
165930,0.0452830262881293,0
163918,0.04527097451333464,0
168069,0.0452235860616584,0
168134,0.04522316088919114,0
162034,0.045213342197457033,0
166513,0.045206254876513495,0
168573,0.04519319073361174,0
166654,0.04515789945283103,0
170891,0.04515287709612743,0
165405,0.04515005786355952,0
161095,0.04514481979308032,0
167664,0.04513714958618915,0
160414,0.045137094851347134,0
168953,0.04512592258789685,0
163038,0.045115796563783166,0
165028,0.04510877642237625,0
34787,0.045108008215093295,0
168639,0.045101138597386035,0
166678,0.045062535058199286,0
165213,0.045056216066299136,0
168572,0.04503356728110623,0
171605,0.0450312954969702,0
163647,0.045026912356035405,0
172075,0.04499943905189615,0
169933,0.04499544901409188,0
162608,0.04498883222314403,0
164405,0.044983389066668995,0
169139,0.04496856580941797,0
170300,0.044948611456491504,0
171122,0.04493288143602814,0
170090,0.044879503126286246,0
170334,0.0448690016560357,0
164054,0.04486627956031025,0
169071,0.0448427275493148,0
165337,0.04482497033458619,0
169006,0.04481739380550415,0
169177,0.04481296849379688,0
165226,0.04481129832104353,0
103591,0.04480178384006789,0
169460,0.04479507502640096,0
167898,0.044791463367867095,0
161712,0.04475041244428857,0
162900,0.044749551122846155,0
160250,0.044746455394641484,0
164495,0.04473348038039595,0
161969,0.04472794672256746,0
163184,0.044725983798495315,0
160644,0.04470407232600274,0
171465,0.044688425807554395,0
161283,0.04468521016972172,0
161443,0.04468440593911931,0
162190,0.04468403909227074,0
163011,0.04466826178221053,0
162891,0.0446392584517617,0
170353,0.04463145582571291,0
171050,0.044604923022069816,0
170222,0.04459298666951467,0
171534,0.04459156071404614,0
171136,0.044585049316736174,0
166374,0.04458492638330206,0
171001,0.04457633872209678,0
163735,0.044569115794652746,0
167105,0.044554591497173876,0
167011,0.04453946525953122,0
166568,0.04453693678218254,0
169817,0.04453019510141027,0
167430,0.04452401618404354,0
171744,0.04449709902746208,0
163777,0.044483726787601874,0
167853,0.04448185828602265,0
171134,0.0444705534727581,0
161996,0.0444606814705987,0
163030,0.04445033180648614,0
170135,0.04444003306372299,0
73807,0.04443274883576931,0
167566,0.04443035523153428,0
167602,0.044421123718360656,0
161564,0.04440799171189863,0
161454,0.04440283612625118,0
165443,0.04440096717271997,0
169213,0.044345915152779046,0
168527,0.04433614541792757,0
164330,0.04429206138620905,0
162600,0.04426928966018581,0
167869,0.04425224605799121,0
166520,0.04424667887413759,0
164483,0.04423047836825851,0
86455,0.044212508729510505,0
164659,0.044202639503322635,0
160854,0.044197389450014946,0
161355,0.04418082207315849,0
163067,0.044162032595846605,0
160631,0.04414025382059639,0
164984,0.04413903676009237,0
9845,0.0440657950594233,0
163354,0.0440564575603923,0
165452,0.044020376691462595,0
163247,0.0439917405922923,0
162616,0.04398680087353678,0
169557,0.04398307099697133,0
162742,0.04398063129656677,0
161724,0.043968810259540095,0
166473,0.04391956961253963,0
163070,0.04390405417202118,0
166868,0.04388718727542111,0
165216,0.043878037869827836,0
169251,0.04387520095250888,0
160553,0.04384823758635559,0
164210,0.0438463731153576,0
164411,0.04378726460609171,0
160488,0.04378666205686966,0
39280,0.043780742325929024,0
165199,0.04377586103972113,0
163081,0.04377162544623221,0
163104,0.04376455420068019,0
160497,0.04376144307707854,0
164501,0.043759592144005245,0
162612,0.04374632069691458,0
167986,0.043745078601451076,0
172073,0.04372842535132181,0
2655,0.04371546651204057,0
168196,0.04371251904875571,0
160903,0.04369625612463907,0
171376,0.04362791984228732,0
160846,0.04362494736579511,0
166833,0.0436247107364112,0
162975,0.043622079230601796,0
169654,0.04360375716114171,0
171502,0.04359342015909825,0
171529,0.04358196138357186,0
164335,0.04357323214384381,0
166496,0.04356117689775003,0
67878,0.0435339494259942,0
168942,0.0434904773530324,0
171075,0.04348381401668046,0
164877,0.043482793421193745,0
167963,0.04347789414237054,0
165589,0.04346881603761912,0
166707,0.04346576962529779,0
169896,0.043462360641824765,0
171329,0.04345810784310015,0
161246,0.04344580211738635,0
13805,0.04344031246877388,0
167539,0.0434256060193195,0
164111,0.04342319809661802,0
44330,0.04342185543167256,0
171159,0.043413238690134276,0
163860,0.04340479159773312,0
162603,0.04336631038948692,0
170464,0.0433585365303305,0
164939,0.043328047773953875,0
163665,0.04332751012186138,0
160896,0.04330170815147127,0
163106,0.04327148067131353,0
162710,0.043251527021034915,0
166074,0.04325103125514111,0
161077,0.04324771432733774,0
164990,0.04324326168420447,0
166355,0.043186395822716286,0
169960,0.043155360762088174,0
171496,0.04315203638529506,0
169119,0.043146787702841326,0
161264,0.043119493020270634,0
160678,0.043069079357449344,0
168894,0.04306752885350749,0
171522,0.0430668911169477,0
164434,0.043043231255794026,0
170469,0.043005949347485285,0
169881,0.04299831963324454,0
162857,0.042991609941890524,0
165707,0.04297959677257644,0
166802,0.042969371711893314,0
167967,0.04296095725122339,0
168206,0.042956746014429885,0
166111,0.042916978133555446,0
169791,0.042893533729095934,0
167107,0.04288035184162793,0
162419,0.0428743620818973,0
76316,0.04286539335290966,0
172066,0.04285188605778817,0
163459,0.04282297839220271,0
170618,0.04278931014556431,0
162821,0.04276074104991445,0
48134,0.04275484685344869,0
169538,0.04274612876224996,0
33002,0.04272176302055567,0
165604,0.042716031355482215,0
171225,0.0427070467702683,0
167462,0.042705817991695275,0
168038,0.04270281234987856,0
167314,0.04267244248035979,0
170314,0.042649738366278826,0
161151,0.04264485636780914,0
161653,0.04260041755786354,0
170291,0.04259848848162267,0
163235,0.04258664948815637,0
169164,0.04258137820058648,0
163814,0.04257992908008737,0
163867,0.04252269332420149,0
171623,0.04250791771713249,0
160797,0.042471158530238716,0
170084,0.04246679469615603,0
165473,0.04246085517651149,0
166066,0.04245711248894542,0
170907,0.042423499308255626,0
166072,0.04239398416837259,0
167544,0.04236230347293045,0
169152,0.042351504616998416,0
166200,0.04233581262385747,0
166117,0.042316899875818166,0
167533,0.042316322404232824,0
170146,0.04231185711911545,0
163974,0.04229000819942785,0
163120,0.0422845923222753,0
162361,0.04226114851976778,0
67316,0.04224436032338661,0
167593,0.04224227975788769,0
161328,0.04224220515972184,0
171550,0.04222382267397826,0
172089,0.04219904107432043,0
160893,0.04214988462711007,0
164293,0.042144325815044834,0
166352,0.04213233682181254,0
160780,0.042124586501673576,0
166375,0.04212414944650505,0
171552,0.042083706303103485,0
71359,0.04206461871851798,0
167957,0.04203788373856504,0
164611,0.04203656424154473,0
161375,0.04202831232544037,0
164297,0.042015647207715105,0
165104,0.04201552947273775,0
164583,0.0420126958107791,0
161741,0.04201063585074347,0
161654,0.04198562624939389,0
167966,0.04193316026173485,0
164358,0.041924687307623484,0
168946,0.04190419217651503,0
164345,0.041894548509485305,0
171347,0.04188543787218704,0
165650,0.04187649317607576,0
167524,0.04187309456155195,0
169297,0.04186058471738995,0
163085,0.041817905600864694,0
165279,0.04181414927316633,0
165559,0.04180536971529165,0
171494,0.04180190747768974,0
164341,0.04179257011149419,0
165329,0.04172745606234999,0
166600,0.041721900587990836,0
161593,0.041697119077531805,0
163093,0.04167077328323892,0
162557,0.041645220922770405,0
170081,0.0416367580122915,0
164349,0.04163108373413159,0
168051,0.041579754143020814,0
168916,0.041575747870071345,0
163987,0.04157482646727423,0
171022,0.041553345073205884,0
164354,0.04154161367586373,0
169325,0.04154141627584092,0
171253,0.04153339705313759,0
171627,0.041532817352535174,0
164329,0.04152040682603081,0
162967,0.041512164240932674,0
161356,0.041502684482052174,0
160468,0.04150123616643157,0
166436,0.04146261645993341,0
167126,0.041450593221727526,0
171528,0.04141872271556396,0
163034,0.0413953870686592,0
169822,0.04136723590832125,0
161672,0.04136507783644911,0
170415,0.04133283548713336,0
169136,0.0413162754389671,0
166738,0.04131215719531424,0
171264,0.041255993677003604,0
167752,0.041197496783442616,0
160515,0.04119674543011195,0
171506,0.04117732690890251,0
171224,0.04116485581325967,0
31483,0.04116152493115979,0
162125,0.04115470643683066,0
166783,0.041150285428972824,0
166509,0.041134540013020984,0
160791,0.04112866474734812,0
171235,0.04112647674374894,0
165501,0.04107621645766799,0
68975,0.04107142417398782,0
171497,0.041063417570373295,0
170168,0.041058890675225196,0
169856,0.04105189230115968,0
164241,0.04104997726224024,0
171778,0.04103712145296079,0
170006,0.041009050430690655,0
162633,0.04099871019354009,0
164993,0.040950283720314326,0
41735,0.04094968690108986,0
161464,0.040948723280209494,0
168268,0.040921003885901905,0
168673,0.04091910999004387,0
167983,0.040887250073562593,0
169267,0.04083195817948883,0
165052,0.04079460905743332,0
164393,0.04078663409231839,0
107132,0.04075879602694363,0
165408,0.0407321083988465,0
161038,0.04070861107861164,0
162657,0.040667518747851635,0
164357,0.040661936915950075,0
163531,0.040645425837815524,0
31077,0.04064136165263032,0
167718,0.04061585551569935,0
162045,0.040595337013302125,0
167773,0.04058987673186673,0
164416,0.04056334797969403,0
160924,0.040547549213192764,0
165628,0.04054477063199451,0
168401,0.04054218547792016,0
171482,0.040535707117671106,0
167866,0.04051154445715679,0
170198,0.04050191875918485,0
165319,0.04049197055950917,0
166242,0.040485216496971184,0
162964,0.040474607005421166,0
166558,0.04045375674715821,0
160529,0.04044748881260168,0
165525,0.04044429030658334,0
164128,0.040404295139442055,0
161665,0.04039623758832693,0
167158,0.040372921881810644,0
168880,0.04036825865468538,0
167495,0.04034839079516042,0
170165,0.04033404679151645,0
168548,0.040325524253980394,0
169756,0.0403212586354854,0
169828,0.040305443566671574,0
163738,0.04027339558834704,0
167878,0.04026428224947391,0
170312,0.04024040469184178,0
20108,0.04022634060979336,0
171316,0.04012432515652114,0
162390,0.04009863044598766,0
169118,0.04003034676628709,0
109612,0.04001966573032609,0
167942,0.039997683089437935,0
168041,0.03997191433845685,0
160947,0.03996558886185949,0
34178,0.03995865101795033,0
169309,0.03989373488863581,0
171397,0.0398559198818342,0
170693,0.03983389501985076,0
99019,0.03982161307331259,0
167740,0.039783112448293974,0
169229,0.03974729624491057,0
160372,0.039728456368041364,0
5180,0.03968100406053372,0
171042,0.03965749273867959,0
161519,0.03951685000829791,0
165323,0.03950209588115299,0
171637,0.03949748519791191,0
163932,0.039467664345872455,0
164101,0.0394545340852429,0
161370,0.039376646258623124,0
167414,0.039317685389167197,0
171421,0.03929527055442134,0
161579,0.03928010428674146,0
168855,0.03918196577440144,0
161481,0.03916666383790961,0
169154,0.0391662863730958,0
162855,0.03914800874271646,0
96686,0.03907572940710763,0
56995,0.039062874394720545,0
164316,0.03905305702559643,0
165543,0.039016829430126236,0
171382,0.03896964794975406,0
169239,0.03887013670894425,0
167754,0.038856719488454906,0
170161,0.03882690705162398,0
166731,0.03882521462248091,0
168883,0.03874535339740423,0
171209,0.03870515985546816,0
164099,0.03870375248277045,0
164352,0.03865424652494258,0
171248,0.038619924723400555,0
164150,0.03860023573647884,0
160256,0.038587371443478624,0
166431,0.038473290841397806,0
161915,0.03838909860875468,0
170409,0.03831727450884476,0
163185,0.0382855292616809,0
167508,0.038278802658625405,0
169114,0.038276717606714174,0
166457,0.03826960261445945,0
161668,0.03824471435786197,0
166234,0.03823918946998357,0
165368,0.038237118278643206,0
1659,0.03823636072668322,0
161280,0.03818451670527458,0
170420,0.03808043477401905,0
171572,0.03806699398398647,0
162002,0.0380141733589245,0
164307,0.03790648537147223,0
169977,0.03790561507751562,0
161702,0.037880644812020706,0
167661,0.03783513304979513,0
168020,0.03773404896669701,0
110031,0.03772723534052802,0
170113,0.03768419920445614,0
164263,0.0375645221567788,0
169965,0.03752049741879901,0
171568,0.03750729402328141,0
165071,0.03750615476475423,0
171990,0.03748679367994786,0
163200,0.037468671783109975,0
171556,0.03746172144463619,0
169837,0.0373639282572754,0
162012,0.037304268086698913,0
169083,0.03729204370614962,0
164278,0.03725730434258277,0
164440,0.037244157254136906,0
160814,0.03721219454555963,0
166205,0.03716247044632695,0
42213,0.037119169188039314,0
163086,0.0370779464726014,0
168630,0.03704562465404965,0
169093,0.03704476805645909,0
160258,0.036956297148674724,0
165015,0.0368929530833203,0
167958,0.03688041574672238,0
169116,0.03687443183769103,0
162626,0.036810615429023356,0
160897,0.03670536518400584,0
112766,0.0366821534493002,0
160755,0.03665043992865493,0
163799,0.03661520540087911,0
166818,0.036597036735596306,0
161711,0.036553233253209666,0
170220,0.03644591933536096,0
86384,0.03641457394932059,0
162896,0.03636524045912423,0
170270,0.03635299544632136,0
161452,0.03633567439348704,0
171583,0.036291213451966065,0
162630,0.03622890982913167,0
166487,0.0361360702131678,0
65747,0.036127667698946556,0
170416,0.036071040357362805,0
163095,0.036043610062808824,0
165536,0.036001028299642364,0
165575,0.035875258457944065,0
163792,0.03585135331656181,0
164125,0.03578578767948417,0
164092,0.0357469597310238,0
160273,0.03573333836892273,0
170005,0.03569419799705051,0
167443,0.035643014710690785,0
169237,0.035568891637022364,0
170246,0.03546261576484316,0
168854,0.03542328338641184,0
164912,0.03541775702526744,0
168391,0.03541486517952107,0
160580,0.035370128942396016,0
166822,0.03536918610919847,0
162836,0.03535268232873525,0
171477,0.03520845410558173,0
168498,0.03515937809739459,0
165511,0.03505864216133837,0
166716,0.03496353747762379,0
163794,0.03493249380030122,0
170107,0.03487050734577756,0
163982,0.03482710771373219,0
166755,0.03482124210241429,0
162667,0.03456652253437991,0
163079,0.034368975471253976,0
160743,0.03407443090202858,0
170329,0.03400735483971724,0
167538,0.03398488913151218,0
161508,0.03389864274021274,0
172063,0.03380939302832453,0
160649,0.03379486066483174,0
170148,0.03376233780810772,0
166692,0.033671612054083463,0
163110,0.033526553444162194,0
167617,0.0334852908620257,0
168763,0.033318066890456244,0
166420,0.0331128910113491,0
165606,0.03304587373363107,0
169872,0.03298466568020851,0
169170,0.032842161655742046,0
165247,0.03229906249121677,0
170373,0.03160592903112686,0
168864,0.031233412064820047,0
163237,0.03110295400779711,0
170427,0.03002250998163453,0
161459,0.029659927559247016,0
160272,0.029002675369010654,0
