user_id,risk_score,status
118355,0.9862483752054977,1
115889,0.9779516036453018,1
124785,0.9759463872654702,1
119565,0.9751112643804378,1
120811,0.9742217787959464,1
117057,0.9740839362764384,1
115922,0.9715196684158808,1
123496,0.9706750676250566,1
117283,0.9703675235672788,1
127534,0.970276519051274,1
115935,0.9691632383431845,1
118112,0.9663612437717574,1
119734,0.9658453255895058,1
116030,0.9655665753442385,1
118325,0.9654978902458016,1
115954,0.9654394077190479,1
115730,0.9645562377067669,1
118184,0.9642680041427838,1
122360,0.963618213958391,1
120918,0.9629087801673712,1
121123,0.962274921473903,1
122243,0.9618542263758716,1
125955,0.9613325451414572,1
115914,0.9604763769340733,1
115982,0.9600669836620866,1
117294,0.9596184300113322,1
115901,0.9582424844590336,1
118442,0.9578755155775018,1
119688,0.9573678277779976,1
127387,0.9572023239721816,1
122259,0.9566655852121144,1
117973,0.956595192141809,1
126239,0.9557355148235932,1
126241,0.9553159079481529,1
122309,0.9547138266288865,1
126987,0.9545057101466268,1
122300,0.9541221381860004,1
125014,0.9538274020340476,1
127196,0.9536820932505812,1
127429,0.9533179327133187,1
120905,0.9531229293924036,1
124770,0.9525028566588399,1
118380,0.9525007294504834,1
126081,0.9521340443997813,1
117158,0.9520738087649444,1
121096,0.9519806759044178,1
121424,0.9516224379270053,1
122261,0.9514172799177014,1
121982,0.9512687961462171,1
126153,0.9511705266167603,1
126073,0.951079580946464,1
122424,0.9503900026794081,1
120704,0.9502488338192435,1
127371,0.9500025290173857,1
118565,0.9493126605745922,1
122237,0.9492399751495302,1
124915,0.9489497471240368,1
124834,0.9487803067090513,1
122310,0.9486435415944399,1
116804,0.9481990268192018,1
127526,0.9477150151039346,1
118474,0.9474745311318398,1
123626,0.947318251106677,1
120920,0.9470344322581724,1
119646,0.9469119196790504,1
120114,0.9465268172014513,1
118507,0.9465248806308861,1
122317,0.9464260059733831,1
123603,0.9462217740638266,1
124822,0.9461339385099683,1
123365,0.9458051164945949,1
118386,0.9455718719889914,1
121069,0.9455527267760118,1
123612,0.9451498727171075,1
123555,0.9447931612556573,1
123594,0.944591631073291,1
117174,0.9441998410930758,1
127399,0.9440161557832578,1
127389,0.9439075811446488,1
118408,0.9434121491449272,1
122359,0.9433701129199414,1
117033,0.9423126425788986,1
123580,0.9420084333375641,1
120983,0.9416792507008732,1
127372,0.9415640233733201,1
122285,0.94152595588073,1
120799,0.9415115657143427,1
115825,0.9411385543449053,1
124867,0.9406489016931227,1
126159,0.9405150603712351,1
120755,0.9400690764567632,1
117304,0.9393579001807634,1
119766,0.9393039555967572,1
122304,0.9392815062673621,1
123622,0.9392370799382239,1
117196,0.9390387793015583,1
118175,0.9388685945608586,1
115990,0.9388361563095008,1
122406,0.9385538047034548,1
120873,0.9384592137385237,1
115862,0.9384308994367976,1
122433,0.938194387035858,1
119732,0.9381419761575313,1
123730,0.9381314870171567,1
120872,0.9379776771121475,1
117256,0.9378352815159338,1
126167,0.9372088855452924,1
115052,0.9369910986210537,1
117022,0.9368873539961634,1
122365,0.9365623058704127,1
126253,0.9365076792865378,1
119692,0.93606777787083,1
115874,0.9359772587368314,1
118306,0.9359647822549853,1
121015,0.9357762686260463,1
115893,0.9357297304393462,1
122299,0.9355558048899435,1
119779,0.9354070287714978,1
127512,0.9353186843977617,1
118506,0.935270934927656,1
117095,0.9352697193096824,1
123441,0.9351228371239342,1
127353,0.934965359486458,1
126226,0.9349074041631256,1
124969,0.9348254302653086,1
122173,0.9347336390984147,1
115760,0.9344012798998481,1
115872,0.9343511611130233,1
115894,0.9339170519810519,1
122146,0.9338850564670181,1
116622,0.9338426733525573,1
127503,0.9338077360717592,1
121097,0.9334021386528967,1
115948,0.9329197159154037,1
119609,0.9327173223940821,1
124767,0.9323535802728614,1
123005,0.932266999152448,1
117123,0.9322031886653326,1
120991,0.9321597153296405,1
116997,0.9321231435882317,1
115704,0.9317137935376528,1
115903,0.9309335185412844,1
123729,0.9306763811513494,1
123752,0.9306168875848984,1
117296,0.9303240757462682,1
117210,0.9301841702735936,1
115940,0.9300672193347091,1
119528,0.9299200563109573,1
123666,0.9298642714169467,1
123670,0.929755970738383,1
126263,0.9297544987666363,1
115930,0.9296667069499488,1
117129,0.9296018571463323,1
118405,0.9293894459883386,1
122213,0.9291272784543556,1
122817,0.9287641742003636,1
115904,0.9286901899341174,1
117244,0.9285653495120711,1
124898,0.9285300549258317,1
124791,0.9284747165515153,1
122316,0.9279934249871187,1
127426,0.9279043043238573,1
120871,0.9277353879859235,1
115964,0.9264523600430645,1
119739,0.9261980971152601,1
115926,0.9260153800221194,1
121113,0.9259991602584545,1
127432,0.9259478431184923,1
126163,0.9259201295886788,1
118425,0.925532788653068,1
122312,0.9250344240707971,1
118359,0.9247706408199842,1
118343,0.9245374739420583,1
117183,0.9243424777344003,1
117195,0.9241016638435982,1
116780,0.9239797591527892,1
117120,0.9238387981735908,1
123721,0.9237018173242735,1
119837,0.9235054985242166,1
124865,0.9234513788562985,1
124910,0.9233798645792808,1
123628,0.9232452677723959,1
115944,0.9231660218776908,1
115622,0.9228767020368321,1
116014,0.9224908394917525,1
127451,0.9218884424326866,1
121091,0.9217014127381703,1
127410,0.9213748010281703,1
120174,0.9212351376511909,1
118395,0.9209864127203485,1
126162,0.9209501486514654,1
124995,0.920776548823604,1
119725,0.9205556769058517,1
122074,0.9203150348625084,1
116992,0.9202278847707946,1
115812,0.920194169456811,1
122241,0.920049441637702,1
117227,0.9200335706583359,1
120910,0.9199199763881254,1
118279,0.919528067224125,1
115270,0.9193666430827222,1
125971,0.9193329483381033,1
127388,0.9191945692338367,1
123617,0.9191072086508655,1
122244,0.9189258895424648,1
115968,0.9183456997621688,1
122218,0.9180939330736885,1
115975,0.9180891076141637,1
116045,0.9179837197000138,1
120971,0.9179568244235908,1
127407,0.9178667177746841,1
118517,0.9178192850263526,1
119635,0.9176905382936014,1
126117,0.9173248849644566,1
115724,0.91730551871404,1
117046,0.9172790055657976,1
123342,0.9171285179038007,1
117218,0.9170742167145588,1
126846,0.916975049940721,1
118339,0.9166436045007456,1
122388,0.916594122270493,1
124932,0.9164981354704881,1
118896,0.9164789824282195,1
124279,0.9163567236700294,1
120757,0.9162228186911443,1
122794,0.9159800965752672,1
117128,0.9158032193985325,1
119440,0.9153566407239695,1
122719,0.9153243067513155,1
117164,0.9152320578160277,1
122325,0.9148687315571449,1
124999,0.9146376920579584,1
126008,0.9146294371899015,1
118195,0.9144764029547975,1
117055,0.9142227356869382,1
124678,0.9142175866529967,1
121073,0.9140692216390407,1
118444,0.9137140943623032,1
119401,0.9136705352751716,1
124703,0.9136352313669631,1
126181,0.9135836286807334,1
115273,0.9134695760246211,1
122284,0.9133614842702634,1
127310,0.9125503639040957,1
118446,0.9124828872461253,1
122271,0.9123997536099855,1
121036,0.9121326062355387,1
119499,0.9115277916536584,1
117090,0.9114266014341298,1
117301,0.9112020744351399,1
127421,0.9110729418545859,1
121103,0.9109141062951068,1
118233,0.9107612902045464,1
117246,0.9099628096366174,1
124939,0.9099272099556692,1
127405,0.9098955089219706,1
122456,0.9098561538970614,1
118104,0.9097473225361126,1
123678,0.9095978802670082,1
124853,0.909596688562524,1
119651,0.909476315602864,1
121071,0.9093143017036318,1
121027,0.9090742910255676,1
123552,0.9089982377968,1
127402,0.9086168177778371,1
122370,0.9076596593617804,1
117142,0.9076319696548312,1
118546,0.9074534553781543,1
122229,0.9071738639257814,1
115764,0.9070007846284555,1
120760,0.9067774931169712,1
126176,0.9066496249643857,1
115908,0.9066492409584832,1
116841,0.9065574419613867,1
122958,0.9063789450738519,1
123314,0.9060525602415147,1
126182,0.9057441515683311,1
118541,0.905500757663205,1
126068,0.9049213211324446,1
122096,0.9048600307066159,1
119753,0.9048373778162716,1
122270,0.9048359226581815,1
120863,0.9048258812584018,1
119652,0.9044906225330341,1
118192,0.9044584523932174,1
124950,0.9044053370506906,1
124253,0.9042255474841443,1
114998,0.9042062746143418,1
127493,0.9038304617105396,1
121139,0.9035344810796676,1
115909,0.9032567766688899,1
121024,0.9029368478147759,1
120979,0.9027536162424843,1
115695,0.9021071210256799,1
123725,0.9021022087129663,1
121007,0.9017388633406179,1
122342,0.9016163928048875,1
123323,0.9015982153496934,1
118485,0.9014164328876222,1
126128,0.901221666494317,1
127447,0.9011810486454717,1
124777,0.9010760768649408,1
126296,0.9009245261057278,1
120942,0.9009014061779123,1
117109,0.9008418452124205,1
117232,0.9008143185498868,1
120925,0.9007129804717435,1
122238,0.9006900579134798,1
119764,0.900643212864777,1
119675,0.9004882590082731,1
121133,0.9004547541472331,1
125523,0.9002204154532231,1
127270,0.8999337874228034,1
115897,0.8998731430513228,1
115814,0.8996676528906751,1
127459,0.8991281657337282,1
124926,0.8990001688016526,1
120793,0.898980607727896,1
122294,0.8989240900170062,1
120813,0.8988958309280882,1
124690,0.8985443414622202,1
123499,0.8984550007530451,1
116037,0.8984260676146764,1
124830,0.8983766959474047,1
122290,0.8982485871888655,1
127333,0.8982363667094956,1
126207,0.8971851190255221,1
123737,0.8971744442729476,1
123608,0.8971449210350039,1
124907,0.8969362316222587,1
118890,0.896698090704973,1
120963,0.895978849581652,1
123649,0.8958835284932418,1
126225,0.895859162240978,1
120278,0.8955321645043666,1
125461,0.8953885836029326,1
119687,0.8951925772958298,1
123372,0.8949745863691455,1
123685,0.894959647921895,1
120727,0.8946782994564563,1
118475,0.8944707942929062,1
127218,0.8942738090928913,1
123738,0.8942162540587133,1
121464,0.8940217202097583,1
117066,0.893673587012726,1
116966,0.8935301773220159,1
115911,0.8933166001144798,1
122336,0.8932313106970384,1
127457,0.8930457269071805,1
123478,0.8925859410600936,1
127394,0.8924229196204441,1
123492,0.8923670620886143,1
117300,0.8923464276969743,1
123679,0.8922244585862344,1
115949,0.8919044558179374,1
121021,0.8918394458291602,1
121018,0.891723342226626,1
123684,0.8916842246284726,1
116965,0.8915268410312495,1
123662,0.8911859945137656,1
118564,0.8911452434653598,1
123461,0.8906896519828766,1
121055,0.8903459289528514,1
126152,0.8900778365388312,1
125990,0.8898345959133934,1
125964,0.8897683896347558,1
122025,0.8897634366621434,1
126012,0.8893625713290376,1
116015,0.8892639639602237,1
121106,0.888714126801939,1
118209,0.8886834487519798,1
121505,0.8885875648516132,1
126102,0.8885098152839588,1
122306,0.8884485594026205,1
126035,0.8883924779720719,1
116952,0.8883646812265917,1
122335,0.8878356371282295,1
118928,0.8875555220446179,1
115955,0.8875430586228537,1
117490,0.887506085914943,1
116005,0.8874387537564737,1
125004,0.8874336591115484,1
125816,0.8872546511958493,1
121094,0.886548488946406,1
122307,0.8865015824757048,1
117949,0.8863725860090749,1
115087,0.886182435753224,1
124511,0.8861665868347421,1
122934,0.8858479829937401,1
118566,0.8858471484939332,1
125186,0.8857983895447474,1
127191,0.8856848085253014,1
119494,0.885497544339557,1
127420,0.8854484092574739,1
126195,0.8853549980473056,1
123477,0.8850508698658535,1
118551,0.8847457035452228,1
115967,0.8843461019862271,1
120877,0.884234007278564,1
118487,0.8841954888568859,1
126091,0.884175491613985,1
124918,0.8838480995492941,1
115838,0.8837135136391708,1
127361,0.8833157552950399,1
125992,0.8831963956816572,1
117162,0.8830760098140481,1
126115,0.8829153384570699,1
126790,0.8827220347378015,1
120710,0.8824837937545469,1
123571,0.8823721086282673,1
121048,0.8821019773441529,1
123681,0.8820988032803656,1
118439,0.8819944201066492,1
121762,0.881964011196048,1
117314,0.8817963638011064,1
122364,0.881774176499507,1
124831,0.8816598831543827,1
118563,0.8815470839072934,1
121037,0.8813525983764806,1
117311,0.8813172064991229,1
127336,0.8812927044272427,1
124973,0.8811669308452603,1
121543,0.8807361413890192,1
126054,0.8806812820802055,1
116858,0.8806524155660268,1
122055,0.880521556231665,1
122047,0.8801663795691476,1
126189,0.8801121874724805,1
116049,0.8799526265497843,1
116960,0.8798047178298248,1
122454,0.8796315410588254,1
120824,0.8792432997945936,1
119681,0.8792189120770109,1
121115,0.8787994691268641,1
115941,0.8787658947866027,1
117880,0.8780098437823584,1
123311,0.8779040647208594,1
127145,0.8777922581702445,1
127505,0.8776109054599958,1
124839,0.877367350689645,1
124953,0.8773221418452241,1
118299,0.8771617317207846,1
117288,0.8768548761565735,1
127539,0.8767719374855966,1
118320,0.8767320859673827,1
127522,0.8767290638990483,1
122928,0.8766623821833499,1
126173,0.8762700491714038,1
126298,0.8762198198486395,1
122142,0.8761879791723332,1
122319,0.8756398870659415,1
117260,0.8749351032068203,1
120074,0.8749088860409205,1
118293,0.8747443314166294,1
122465,0.8745773171126974,1
115868,0.8743791161878711,1
119455,0.8742434650787875,1
127398,0.8740329905650758,1
116165,0.8740045279024697,1
124615,0.8736726111121094,1
127278,0.873491296219554,1
115963,0.8734162729833495,1
118241,0.8733568879828897,1
118418,0.8733010560819519,1
123449,0.8732873515668746,1
117006,0.8732514774080192,1
118264,0.8729581627048953,1
121068,0.872898126719319,1
118537,0.8728168156176208,1
124829,0.8722540962629864,1
118719,0.8721934381388011,1
119840,0.8721113760858198,1
123699,0.8718111840135876,1
122323,0.8717557362635416,1
117191,0.8717234582513588,1
118838,0.8714396017589724,1
120860,0.8713502703861629,1
115793,0.8712356662646549,1
127449,0.8710561923598993,1
123459,0.8709962654504065,1
117618,0.8709902022623645,1
117118,0.8709244400556817,1
126912,0.8709110354513669,1
125945,0.870734833284207,1
122119,0.870716891344462,1
120301,0.8707030854978258,1
124823,0.8705711056609512,1
119595,0.8701276179167334,1
119240,0.8699532230232795,1
123558,0.8698226738916486,1
116529,0.8697222867098356,1
119769,0.8696124689467297,1
118504,0.8695436715877012,1
118470,0.8695172399821041,1
119799,0.8694477559473612,1
124218,0.8694018119124656,1
123463,0.8693418698460214,1
124747,0.8691702017561526,1
116791,0.8691671596383341,1
127477,0.8691471425686947,1
116063,0.8691411313853928,1
123746,0.8687305163855895,1
127529,0.8684433325839135,1
116012,0.8682181691563632,1
118412,0.8676965387629795,1
118069,0.8676290461507649,1
118161,0.8670569866258653,1
115744,0.8670294025661397,1
116059,0.8669900287169269,1
118294,0.8666675859487389,1
115993,0.8661239647749024,1
126100,0.8654735074584288,1
117138,0.8647845770761257,1
117269,0.8644193782133661,1
123238,0.8643514582435552,1
118726,0.864324468772783,1
122216,0.8642408733498745,1
115939,0.8635266478336371,1
123720,0.8632395930328495,1
125892,0.8632318699296679,1
115615,0.8631821961227093,1
127131,0.8629059541472608,1
117794,0.8626978607701157,1
126295,0.8626444319924808,1
116861,0.8625863988139819,1
126198,0.8625042749167312,1
116038,0.8623342822811421,1
124805,0.8622317993975952,1
115989,0.862134957213886,1
117204,0.8620948966992334,1
119705,0.8620514029796538,1
118881,0.8618921137076003,1
122407,0.8617706135808941,1
125922,0.8613382175165295,1
117664,0.86133769839653,1
118959,0.8606191733675428,1
118835,0.8605819780784569,1
123665,0.8604080016125535,1
122314,0.8602908565587247,1
116833,0.8601231641781245,1
119793,0.8601214836526416,1
125997,0.8598806715767241,1
121043,0.8597629879199791,1
124620,0.8596217629348465,1
116962,0.8595222681869947,1
117121,0.8593202678930868,1
124657,0.8590963292933778,1
118561,0.8589608451055873,1
120862,0.8586706521612012,1
119844,0.858384651225634,1
124984,0.8582227912918604,1
127400,0.8579947713872281,1
119843,0.8578108751938098,1
118458,0.8569838274234887,1
123605,0.856980993843945,1
126078,0.8564390048112929,1
126837,0.8563755397196589,1
127293,0.8561577852826262,1
118447,0.8559598559309219,1
116056,0.855791553133661,1
123329,0.8557909174167218,1
119722,0.8557221157516277,1
124712,0.855642962362212,1
118495,0.8554583716081892,1
115815,0.8553594210913987,1
124558,0.8545945029904607,1
124526,0.854313400999318,1
124599,0.853775781053907,1
119110,0.8534704817415576,1
125005,0.8534371301748601,1
118480,0.8529903353284334,1
116850,0.8529406635034961,1
120993,0.852404761863271,1
127225,0.8522244745169373,1
118416,0.8518453473031824,1
122397,0.8515873059936798,1
127313,0.8515819872108317,1
119733,0.8514245403922678,1
116983,0.8514235859085957,1
115726,0.8511903776711278,1
122428,0.8510091327247011,1
122410,0.8508399726271443,1
117026,0.8507760756010205,1
117167,0.8507175029678973,1
123528,0.8506450598325436,1
119676,0.8506044520378236,1
118508,0.8505797342895091,1
127501,0.8501772096331974,1
126610,0.8496991976117467,1
122408,0.8496300613381258,1
124672,0.8493736898694706,1
122022,0.8493292509554636,1
119796,0.8490992358954649,1
125010,0.8489600660294356,1
122357,0.8483670521176669,1
119507,0.8482404530131845,1
122452,0.8481752519965539,1
115871,0.8479170517333895,1
125366,0.8474882291983091,1
119744,0.8471822284453713,1
123663,0.8467804304142541,1
127106,0.8455851714668331,1
115978,0.8454881771811739,1
119624,0.8446188637652811,1
123320,0.8445571733721491,1
126294,0.8443503154685478,1
115652,0.8435491204538803,1
116826,0.843299638451034,1
124968,0.843241717863634,1
119820,0.8431746306118404,1
117745,0.8422513889684856,1
124844,0.8415285331815338,1
120903,0.841379555596324,0
118557,0.8412751098416243,0
118199,0.8412704318781796,0
117286,0.8412007909176411,0
118088,0.8410695522992692,0
119802,0.8409825430370194,0
124942,0.8406996114542797,0
116972,0.8406445778022633,0
122387,0.8405053973952149,0
122311,0.8403994211500466,0
119432,0.8402267176073666,0
124726,0.8396762139093877,0
117124,0.8384832462423628,0
119086,0.8382974913404055,0
123527,0.8376036966595276,0
119378,0.8370966468586245,0
115038,0.8369243977072854,0
123700,0.8365667931764127,0
122086,0.8362450388587154,0
121011,0.8361581767204709,0
126280,0.8359081410788894,0
119719,0.8356105469752172,0
125001,0.8355073883219474,0
127498,0.8353471702567801,0
126501,0.8348636024972206,0
117197,0.8347952977457112,0
122463,0.8346475127502765,0
117258,0.8343062644805168,0
115805,0.834215132924532,0
118332,0.8340573525772712,0
121127,0.8331590449524487,0
120716,0.8330139005129991,0
122289,0.8327080946009284,0
124971,0.832644488823418,0
117276,0.832622588030774,0
122371,0.8325832683574859,0
118278,0.8324745465639882,0
124719,0.8322961705537723,0
123643,0.8322683336033138,0
120326,0.8318456860610446,0
118562,0.8318390750862323,0
126101,0.8316043175200439,0
120906,0.8314093306080819,0
121731,0.8312267563526796,0
118471,0.831156692507285,0
124541,0.8310256525649312,0
122267,0.8310218153220608,0
126132,0.8309077198306251,0
117133,0.8306970346422635,0
119511,0.8305717344393961,0
122263,0.8304016696624591,0
118120,0.8301848661748031,0
118326,0.8300995492208131,0
120162,0.8300703457841783,0
126175,0.8298566450258689,0
118455,0.8294970272213471,0
116288,0.8282537260181112,0
120790,0.8281999277670115,0
124943,0.8280603541790359,0
124803,0.828054518458005,0
115925,0.8279546844982484,0
117310,0.8278661260516054,0
125833,0.8275694394609333,0
122104,0.8272457487155731,0
116887,0.8269228110692148,0
126140,0.8267481948206495,0
122420,0.8265254249490941,0
123733,0.8263830957634516,0
117215,0.8262893265672512,0
123402,0.8260505904386367,0
120382,0.8259418573628915,0
127190,0.8258875808333584,0
124651,0.8254602662273328,0
127074,0.8254478862164438,0
116043,0.825222476309508,0
118159,0.8243916421200416,0
118524,0.8241299413283772,0
115947,0.8240931026441674,0
119090,0.8240824808452675,0
123569,0.8237643141813127,0
123511,0.8234460377068396,0
116040,0.8233249420473093,0
124871,0.8231743424564529,0
124706,0.8223144258189471,0
115151,0.8221053925845903,0
116941,0.8220668846130813,0
118479,0.8220483772419027,0
125928,0.8211628907135797,0
125916,0.8209143245282993,0
123436,0.8206204466601426,0
126025,0.8206165671636105,0
119765,0.8200395428991847,0
117134,0.819878908493839,0
118163,0.819745340043487,0
124807,0.8190279321371342,0
124843,0.8187046140049038,0
119322,0.8181824779824124,0
123664,0.8173988522346418,0
125753,0.8173939253408272,0
115981,0.8173738016992116,0
123505,0.8172164846299844,0
125873,0.8165833814247914,0
126095,0.8165246861061877,0
118194,0.8162992632344255,0
120892,0.8160251207267257,0
119798,0.8160195636734421,0
115468,0.8159688175399397,0
124649,0.8157656016035322,0
122211,0.8157361119536375,0
126504,0.8150761724035044,0
127059,0.8147870486474351,0
126527,0.8146353256276543,0
119729,0.8145259892980998,0
127028,0.8144829920206593,0
124718,0.8143125495984826,0
117076,0.8141389129210391,0
115696,0.8140806696016998,0
118489,0.8139136410607375,0
115936,0.8135926502825251,0
115938,0.8135913357593514,0
115676,0.8134923933712473,0
127348,0.813449621703385,0
120697,0.8131489570294183,0
127415,0.8129581380062375,0
123682,0.8128422099222474,0
116033,0.8127926714597359,0
121851,0.8127368739268407,0
122249,0.8126625574770174,0
124388,0.8123718447830709,0
122127,0.8118517193476383,0
116026,0.811822343897813,0
118135,0.8117629859000536,0
120789,0.8115715498267846,0
122115,0.8113861845964068,0
115931,0.8110378383079976,0
127268,0.810960891211479,0
120951,0.8109294979337021,0
125965,0.8107256880554041,0
117112,0.8105839379084928,0
127184,0.8105655061541974,0
119772,0.8104199946416094,0
127256,0.8103937599014956,0
125472,0.8101616958642487,0
126502,0.8099505228463401,0
124481,0.8089762848230304,0
115999,0.8087464004829095,0
125886,0.8087120893080205,0
120926,0.8083557153072428,0
125931,0.8083437349322153,0
118360,0.8081961455747622,0
122106,0.8081397387366259,0
125909,0.807644849864337,0
119746,0.807325334632505,0
119515,0.8070291386559464,0
117177,0.8070153588146596,0
124786,0.8068584491748427,0
127123,0.8064972614280852,0
126227,0.806255795715777,0
124226,0.8062498596947708,0
127213,0.8061874101151029,0
124572,0.8053612944540389,0
122092,0.8050247092184001,0
117559,0.8050175458959609,0
118110,0.804773531369114,0
125923,0.8041496010146609,0
125307,0.804045030724086,0
115311,0.8038427389717312,0
124760,0.8035673581326077,0
123739,0.8034103228089681,0
118488,0.8031423022545165,0
123282,0.8030199393624294,0
117179,0.8027742153323688,0
125893,0.802599912281305,0
117469,0.8025819384266469,0
123404,0.8022091557332072,0
125032,0.8019817035105185,0
121038,0.8019562091633842,0
123639,0.8019261426780373,0
123713,0.801809156958107,0
124694,0.8017397144445142,0
118295,0.8014496125164848,0
121000,0.8014215761525302,0
127085,0.8014201285592383,0
117181,0.8011928953301888,0
126164,0.8011866533738059,0
119492,0.8010960744567573,0
115645,0.8010555643570211,0
123604,0.8010326786832132,0
123333,0.8006340165353834,0
116998,0.8003249601854467,0
116980,0.8002541132657248,0
120888,0.7999798904083844,0
115973,0.7998734592947344,0
127115,0.7996757909028727,0
121131,0.7995360617538615,0
127082,0.799152919178818,0
122021,0.7990516713791287,0
125613,0.7989214346116864,0
123592,0.7985798732987173,0
127417,0.7982923524906417,0
120964,0.7982757035486288,0
119628,0.7981624827527318,0
121429,0.7979365891475608,0
123589,0.7978774358638204,0
118632,0.7974593971785862,0
125744,0.7974407803641991,0
127140,0.7972299395695731,0
125942,0.7972241329134927,0
122132,0.796882188066914,0
117003,0.7968264213656806,0
127134,0.7964370473953606,0
117188,0.7964161468543945,0
115553,0.7963522972055231,0
121644,0.7962520803772967,0
116057,0.7962303469671201,0
124680,0.7961416275775598,0
125851,0.7960827606285544,0
119786,0.795616200360073,0
125975,0.7955078975342014,0
122012,0.7954297475728173,0
118528,0.7950889485970419,0
119682,0.7948621205334716,0
126209,0.7945562928844194,0
119482,0.7942728873587117,0
125721,0.7940758911380715,0
119550,0.7938405197359389,0
115799,0.793526376400512,0
120063,0.7930635354541817,0
120836,0.7930503562901745,0
118476,0.7928071745025899,0
124667,0.7925896678070081,0
121886,0.7922917975152901,0
120122,0.7922127972505507,0
115910,0.7916783057085086,0
126257,0.7916582359416173,0
117584,0.7916456663220353,0
122246,0.7915143343759213,0
123479,0.7914030716370474,0
126271,0.7913359201079383,0
115654,0.7912956637349318,0
124899,0.7910696473305562,0
121065,0.7909133492792915,0
127374,0.7908519804207094,0
123367,0.7906477702763781,0
126213,0.7904416326599515,0
124241,0.7900825424291092,0
122032,0.7898800099061293,0
116945,0.7897929130753564,0
118660,0.7897818925259584,0
117102,0.7896289017510132,0
122221,0.7895380299825486,0
120879,0.7894290017785363,0
126062,0.7892377031698705,0
118391,0.7890594872185105,0
127107,0.7889976540378005,0
127185,0.7888308471141456,0
119664,0.7886287067566673,0
118043,0.7885001006455488,0
120794,0.7884591462813518,0
123096,0.788379169078713,0
119850,0.7882586136084996,0
123401,0.7881322432103278,0
122072,0.7880155580503444,0
125940,0.7880082709328078,0
119456,0.787957783804768,0
118180,0.7876253640022728,0
118275,0.7876124284348787,0
117240,0.7876072070448975,0
117302,0.7871985097528512,0
127434,0.7869526770959061,0
122933,0.7868426778300937,0
118739,0.7868397323746271,0
121200,0.7866472246554269,0
117370,0.7861779484005467,0
116296,0.7860003284316572,0
116066,0.7858737143704118,0
121206,0.7858649015061485,0
122029,0.7858172254903893,0
120671,0.7855079196888858,0
115722,0.7855052518596457,0
122113,0.7853215948569908,0
118125,0.785074225178507,0
123361,0.7850677416740863,0
123331,0.7850002406163038,0
120719,0.7849104314493079,0
126246,0.7845673480146242,0
123391,0.7841679049200072,0
115784,0.7841212150528888,0
119458,0.7840337835544058,0
127535,0.7838290826949544,0
123952,0.7838227743977197,0
116275,0.7838050828971066,0
121017,0.7836673009493917,0
122042,0.7835036588948715,0
116024,0.7830961836974306,0
126521,0.7830101879075444,0
115644,0.7828715969408139,0
122052,0.7828688760434106,0
124622,0.7823095445876298,0
127284,0.7822849391333608,0
115728,0.7817841165431451,0
117061,0.7817612181803604,0
118441,0.7810357898964253,0
118760,0.7809640140678512,0
119700,0.7807115160790647,0
122147,0.7806423837515089,0
123382,0.7805889088807704,0
121535,0.780440337420108,0
120125,0.7803332064682771,0
124892,0.7800797768979564,0
115048,0.7797704116457562,0
127209,0.7796973838326674,0
126894,0.7794302841643072,0
117293,0.7793589893884036,0
123435,0.7791494730568825,0
118177,0.7788427905192511,0
116746,0.7786902749586762,0
118235,0.7786059119415804,0
119668,0.778601807470608,0
124349,0.778544478122259,0
120691,0.7780922494245862,0
115627,0.7777323138959567,0
115781,0.7776373135560388,0
123991,0.7776122162257957,0
115657,0.7774462520473913,0
118186,0.7772337087783789,0
123322,0.7771762900526749,0
123853,0.7771746130784059,0
125229,0.7771340192159765,0
125835,0.7770399740262663,0
118382,0.7766999194198684,0
119512,0.7766562003114438,0
126130,0.7760631946146491,0
126127,0.7760409572247787,0
115646,0.7759927043770823,0
117023,0.7758819707520435,0
122905,0.7758478027503012,0
116881,0.7756596700898917,0
122066,0.7754566158376638,0
122793,0.7753416598884635,0
115994,0.7752696014531768,0
116067,0.7749336431801397,0
120941,0.7748740047288574,0
116089,0.7742387648953553,0
126188,0.7741973476004227,0
118548,0.7741915382370789,0
122217,0.7740356590180204,0
123229,0.7740125900601278,0
122002,0.7738281670491708,0
118788,0.7734416068749969,0
123986,0.7734209082492104,0
115707,0.7734182712160255,0
124880,0.7730795999441809,0
120694,0.7726616355176349,0
121189,0.7723913311246243,0
115809,0.7720421404120861,0
123530,0.7716024651014258,0
120655,0.7713083911770006,0
120732,0.7712368942173279,0
126236,0.771081230995312,0
125009,0.7707044417484799,0
126238,0.770693473793629,0
123182,0.7703434048409245,0
115679,0.7703203948171359,0
118250,0.7702391459229448,0
117958,0.7702383508640637,0
119659,0.7699678459376729,0
118216,0.7696061661442049,0
122000,0.7693854164413847,0
126268,0.7693635237793237,0
116944,0.7693449561117222,0
125948,0.7693173320824584,0
122400,0.7690103932326419,0
119845,0.7689597138738571,0
121029,0.7688290913681087,0
121111,0.7685313708479958,0
127105,0.7673018670320839,0
126229,0.7670845158972013,0
115687,0.7669919439947094,0
125067,0.7668712852488675,0
119364,0.7664617184018933,0
118102,0.7663677535144662,0
121992,0.7662801492306593,0
126001,0.7662589737866433,0
115719,0.7662239663802012,0
116916,0.7661660202186101,0
115591,0.765896134068924,0
120509,0.7658735926790031,0
123637,0.7658268390210357,0
114999,0.7656154986072766,0
120802,0.7653752234618206,0
126009,0.7653618302396926,0
115714,0.7652176182324963,0
124906,0.7651701511979048,0
118505,0.7649705221367261,0
123266,0.7647153033918068,0
120715,0.7644624521376853,0
122054,0.7644475552009433,0
117537,0.7644207994316188,0
127100,0.7639588995073001,0
122265,0.7636809701351535,0
126885,0.7636726428413432,0
124588,0.763575660833137,0
125856,0.7635653196446206,0
119519,0.7628953723488734,0
122162,0.7627796911944545,0
117065,0.7626258937667589,0
120087,0.7626138354624556,0
123740,0.7620033683120483,0
120449,0.7619354998582002,0
116987,0.7616735628034706,0
121569,0.7615957274384313,0
123345,0.7614614672436204,0
125920,0.7614305079438948,0
115977,0.7610779562050265,0
116963,0.7610255801408411,0
122640,0.7609877360134527,0
115818,0.7609868435862673,0
119838,0.760974423898077,0
127322,0.760762122907074,0
127227,0.7605820398327466,0
119697,0.7605051235073954,0
122444,0.7603374641103379,0
124631,0.7602381640122903,0
117992,0.7602345913917363,0
123597,0.7602310894302046,0
118724,0.7602260575257831,0
124754,0.7599881771131031,0
118720,0.759831900280471,0
115772,0.7597072983147599,0
120643,0.7592473992299084,0
124569,0.75907764108288,0
116967,0.7589365064274368,0
121006,0.7589298875818158,0
127359,0.7588100106527299,0
118821,0.7587817019984128,0
126489,0.7586610668999076,0
116875,0.7586380284365815,0
126285,0.7582431368444081,0
118214,0.7580240808830117,0
119761,0.7579938109429617,0
118146,0.7579774856086229,0
126106,0.7578810857124088,0
119745,0.7577945365796324,0
124818,0.7577390632563444,0
127331,0.7577023621249034,0
124872,0.7576561865309276,0
118389,0.7576036636035297,0
127152,0.7574408901989796,0
127125,0.7572899779204192,0
124750,0.7570972487177513,0
115096,0.7570789632858241,0
122820,0.7569939073295985,0
127385,0.756917754814846,0
120241,0.7568325192100813,0
115600,0.756464124519497,0
121799,0.7564368720237149,0
115604,0.7561679776268765,0
123277,0.7561088925008378,0
122436,0.7560099297435584,0
124838,0.7556471019623443,0
122056,0.7555708286942779,0
127263,0.7555083901854551,0
124798,0.7553730018951225,0
126796,0.755052307477306,0
127521,0.7549946686331553,0
120623,0.7547396475694975,0
115811,0.7546768477621876,0
123307,0.754622176694554,0
118054,0.7544630196732656,0
118498,0.7543919595157925,0
126960,0.7542576418219986,0
119752,0.7541231843304864,0
120825,0.753445572602413,0
127465,0.7530112782950762,0
124630,0.7529696593250066,0
119679,0.7529663235626909,0
124988,0.752773966748664,0
118057,0.7527411374633248,0
121987,0.7526975483366514,0
121216,0.7526914821953921,0
120014,0.752664990217236,0
121656,0.7525297703217458,0
115758,0.7524801456819489,0
116905,0.7523555659170523,0
127189,0.7521153798826112,0
126108,0.751991654467158,0
117216,0.7518645967828379,0
115824,0.7517924340471962,0
119419,0.751696748152766,0
118769,0.751545523951329,0
120930,0.7515126480299194,0
119557,0.7514660096712836,0
122178,0.7512789500661657,0
122884,0.7509541487858706,0
124636,0.7508046272192479,0
122413,0.7507469396950275,0
117180,0.7504163420903992,0
116993,0.7500111723226284,0
124540,0.7499279886032004,0
127187,0.749803249949847,0
119690,0.7496153977037971,0
115789,0.7496151075957292,0
118283,0.749516049554716,0
127532,0.7494224152946047,0
118215,0.7492781410383208,0
123349,0.7487569941757526,0
116130,0.7487097673004482,0
121436,0.7486840061822395,0
119409,0.7486571306541404,0
118291,0.7484987279619311,0
119437,0.7480683932891998,0
118327,0.7480635655030253,0
123429,0.7478398600080249,0
118245,0.7473948241117134,0
124582,0.747064409001509,0
125974,0.7469057380100694,0
122484,0.7464219161884927,0
115861,0.7462775141647314,0
122453,0.7462154626779957,0
120136,0.7461411464384285,0
126706,0.7460767286814562,0
115958,0.745979916548132,0
120717,0.7459685629650183,0
118333,0.7457301827085323,0
120064,0.7456003005369065,0
124697,0.7454491957704399,0
120593,0.7453295489373739,0
124650,0.7452697373282149,0
127412,0.7450854777647383,0
118413,0.7450592313840144,0
116744,0.7450012487938572,0
126147,0.744826678656577,0
125092,0.7447557774464848,0
126197,0.7447355826967743,0
127381,0.7444756824672515,0
116784,0.7444216896579509,0
117251,0.7442450810583678,0
125641,0.7438853718292795,0
124724,0.7437908321560565,0
122045,0.7437624730768453,0
118510,0.7437281393739136,0
118189,0.7435586630076867,0
122426,0.7435501052856962,0
117017,0.7435172131785595,0
123736,0.7434965224401813,0
116817,0.7433918125421524,0
119707,0.7433295821682591,0
117932,0.7432745299725358,0
118511,0.7426126763340388,0
117070,0.7425638531228573,0
122091,0.7424125258764809,0
118947,0.7423031753946755,0
120339,0.7423016030827821,0
118478,0.7422272791169146,0
115770,0.7419689481467623,0
122205,0.741940197312797,0
115843,0.7416513804791799,0
115583,0.7413382138984369,0
118958,0.7412714199771332,0
127041,0.7412043843489952,0
126027,0.7408884502216665,0
122206,0.7408846448863824,0
118213,0.740713782890125,0
118173,0.7406740916225814,0
119914,0.7405276171232776,0
126351,0.7405265896009839,0
121098,0.7404662430481366,0
120820,0.7404619640488161,0
124515,0.7399083924946903,0
116976,0.7398137251304061,0
116851,0.7396078720833305,0
127133,0.739559833568386,0
118248,0.7388803050193314,0
120912,0.7388685158301577,0
121703,0.7387631389106969,0
118005,0.7387272830472343,0
118281,0.7384382320968956,0
124782,0.7384080825807384,0
119594,0.7383180072572403,0
127235,0.7382291374706035,0
126747,0.7380803574873985,0
123029,0.7378393884731348,0
118820,0.7376267978826058,0
119600,0.7374538383994005,0
119794,0.7373984407551958,0
125904,0.7372473383607625,0
115022,0.7372184725146359,0
119478,0.7370699483866313,0
115603,0.7368250181016922,0
120721,0.7364566465167826,0
121019,0.7360850067452638,0
126158,0.7359211065667887,0
118034,0.7355385096066336,0
127166,0.7354976209189812,0
123406,0.7352000773408403,0
124211,0.7351133439132463,0
115725,0.7350625238525474,0
122395,0.7349835677645963,0
120723,0.7349800304302194,0
118230,0.734743838123122,0
116020,0.7345750445781277,0
121332,0.7343979318245714,0
124766,0.7343955928995415,0
125930,0.7343900078181781,0
127167,0.7341389098663684,0
124628,0.7339343053843107,0
117598,0.7335641449031047,0
116281,0.733509173797963,0
119694,0.7333777823107664,0
123248,0.7330165035054094,0
119210,0.7327617750200586,0
122478,0.7327558495429038,0
123728,0.7322254243958463,0
118707,0.7322163567816538,0
118201,0.7317248716009764,0
125986,0.7316137309872636,0
124781,0.731590893463983,0
118155,0.7315675110889225,0
117654,0.7314786652885986,0
122844,0.7314375416513623,0
123339,0.7310445602932505,0
119562,0.7308513621307502,0
120705,0.7301020726859204,0
119352,0.7300435430072054,0
118237,0.7300009910265677,0
126602,0.729950612281021,0
115575,0.7297862173757812,0
120797,0.7296962999576676,0
127112,0.7291328665345841,0
127472,0.7289192397994608,0
115598,0.7289010409768524,0
120693,0.728898468311651,0
122287,0.7288727572188327,0
124018,0.7288096248605749,0
123399,0.72852614617362,0
122429,0.7282862496298911,0
116531,0.7279995819072111,0
126199,0.7279469584821551,0
126049,0.7277670226976981,0
118560,0.7274433547926646,0
123151,0.7271819979341366,0
125858,0.7270528315652803,0
117045,0.7269243419121323,0
122239,0.7265899366404306,0
125187,0.7265039523083052,0
116991,0.7264408214175919,0
123062,0.7263518193122116,0
118341,0.7259961923802917,0
120144,0.7259541143973276,0
120771,0.7251086073930662,0
124761,0.724596097650968,0
119712,0.7245815766281424,0
127186,0.7245062168711232,0
127516,0.7244811174769485,0
120881,0.7244751534442294,0
123979,0.7243799309977867,0
126066,0.7241820783176438,0
123607,0.7241168094760763,0
124635,0.7238957355918823,0
119663,0.7237331075342512,0
121671,0.723685219708192,0
114864,0.7235984485417754,0
127009,0.7233169632584316,0
118176,0.7231168985417259,0
118066,0.7230921287316613,0
116557,0.7230473381332302,0
127096,0.7230393931488627,0
124049,0.7230124194006939,0
117446,0.7227936042628547,0
118129,0.7227494957050463,0
119189,0.7223392372128131,0
116953,0.7222821904930623,0
121873,0.7221286781582765,0
123473,0.7220406064293542,0
117978,0.7219520074225565,0
121001,0.7219162632222954,0
120583,0.7218886736889817,0
115743,0.7218131689006506,0
127126,0.7217581852937724,0
116565,0.7216737369577695,0
119535,0.72166139658097,0
119983,0.7216113210124919,0
115846,0.7214816652076365,0
120743,0.7214404585838847,0
118452,0.721292758351803,0
121109,0.7212652665757928,0
123984,0.7212410645559568,0
121342,0.7208276231398575,0
122621,0.720723263284711,0
126249,0.7205433189374972,0
123030,0.7201434543170455,0
117086,0.7200947773085251,0
120968,0.7199393647356171,0
127354,0.7198139807128299,0
126129,0.7197473082005462,0
116174,0.7193313841069574,0
127089,0.7192331254272344,0
120308,0.7192161791556465,0
118190,0.7190464577320325,0
126256,0.7189976566976571,0
119647,0.7182905767108727,0
118502,0.7182534850601732,0
120859,0.7181893498008707,0
118136,0.7181027931553112,0
123520,0.7178284105455476,0
118367,0.7174687304208242,0
126286,0.7174590597154848,0
116504,0.7173768166499194,0
121002,0.7173043285610661,0
122196,0.7172970709587092,0
114993,0.7172150035025653,0
127023,0.7171394375898592,0
117504,0.7170517692315597,0
123425,0.7169385639380194,0
118296,0.7169204067439784,0
126614,0.7167033396280202,0
126196,0.7165034182758353,0
114933,0.7163750714507555,0
123546,0.7163149265883763,0
119835,0.7160857619253046,0
115190,0.7158912727483923,0
125861,0.7156939809036026,0
125878,0.7155182474642968,0
127032,0.7154137494385953,0
120976,0.7153747134538836,0
126183,0.7151829852607227,0
126194,0.7150343298211698,0
125978,0.714980050214743,0
127380,0.7146875517945598,0
117200,0.7146502031281888,0
122725,0.7145828715889379,0
116919,0.7145686868852404,0
127093,0.7144301762299565,0
122451,0.7141857807562288,0
116894,0.7141341575670068,0
116954,0.7140646921056816,0
122340,0.7139203296444128,0
117922,0.7138634831300806,0
124658,0.7137862036086384,0
119277,0.7137495199199302,0
122947,0.7137468376098434,0
119968,0.7137275604631336,0
115667,0.7133657236584539,0
125755,0.7133384123168839,0
116048,0.713242080744537,0
115703,0.7132377691526003,0
123042,0.713089171144146,0
118081,0.7130049850728394,0
118009,0.7128991624734335,0
122772,0.7128871709439439,0
127001,0.7127485854893193,0
119724,0.7121884458297294,0
122321,0.7121555391435689,0
123228,0.7119518920889781,0
122330,0.7117691264898841,0
125929,0.7112008364261581,0
121645,0.7110693200951974,0
116163,0.7110461308597722,0
122491,0.7107365693687892,0
124290,0.7107043299550292,0
116834,0.7107009611882701,0
118048,0.7106754706488688,0
127492,0.7106031076983232,0
119405,0.7105948335994213,0
123526,0.7102978834644946,0
127139,0.7101759304475743,0
124643,0.710150745953277,0
116254,0.7101456838484679,0
117034,0.7100748204141484,0
117131,0.7100625343489606,0
117053,0.7098740777673862,0
125884,0.709825784882573,0
119839,0.7096710081637272,0
125809,0.7095768389118594,0
119569,0.7094507938463983,0
124367,0.7094071123072381,0
123532,0.7093250678327033,0
121995,0.7093019668027467,0
120782,0.7090576345584743,0
123583,0.7089212362328701,0
126727,0.7088603234660761,0
116809,0.7084521951147131,0
122235,0.7084221712599863,0
125262,0.708409001094211,0
116867,0.7083880720532587,0
118669,0.7083259345249827,0
119751,0.7083032479857145,0
120549,0.708209093722179,0
116586,0.7076144407056023,0
119265,0.7075162587628023,0
121634,0.7074860505883656,0
117236,0.7072493243027748,0
121990,0.7071691988486306,0
126854,0.7071298495057028,0
115061,0.707014819633653,0
120772,0.7069977683894512,0
124105,0.706873946821081,0
121322,0.7067703693660111,0
124900,0.7066127291817174,0
120997,0.7064142742836049,0
115946,0.7063548346711326,0
127419,0.706295379442025,0
125606,0.7062381720378207,0
118529,0.7061261396191106,0
116931,0.7061157093401764,0
119395,0.7060556135260945,0
126485,0.7058798260512229,0
126520,0.7057659879736052,0
120940,0.7057470569960844,0
126043,0.705567929664995,0
122302,0.7050737044532286,0
124487,0.7048893786297877,0
120961,0.7048455342326302,0
123587,0.7046785526415981,0
123482,0.7045050460828713,0
122016,0.7043423763926934,0
126978,0.7041106624726758,0
123627,0.7038968898923994,0
115554,0.7038688263042946,0
119718,0.7037638909319753,0
122396,0.7037300993972792,0
125371,0.7036577084668618,0
116777,0.703492019916611,0
120277,0.7033768339495201,0
117071,0.7032875334973258,0
124961,0.7032856842517355,0
126816,0.7031822836620976,0
123252,0.7030222810605712,0
117108,0.7026674110340069,0
114842,0.7026352498630624,0
122095,0.7023755119125866,0
124735,0.7022659273190209,0
115755,0.7020771699598318,0
121915,0.7020497107297142,0
114936,0.7019965634575552,0
115466,0.7018982159212875,0
124986,0.7018737982196082,0
118770,0.7018524917170768,0
126168,0.7013283814122955,0
124759,0.7012981029748845,0
119097,0.7007909130548624,0
122128,0.700744702991989,0
127220,0.7006427639441704,0
123313,0.7004480336257776,0
115763,0.7000139469553192,0
117266,0.6995116359867825,0
117217,0.6994853331954483,0
123852,0.6993442721189738,0
125894,0.6990592544271625,0
123381,0.6989437147973295,0
116219,0.6985827279621842,0
127491,0.6985789667334196,0
120383,0.6983095374409651,0
119287,0.698036129587813,0
119054,0.6977055626303478,0
119649,0.6969965541854131,0
116978,0.6967084460617422,0
122762,0.6966652180804972,0
115465,0.6964781354766985,0
117682,0.6962163912151,0
116892,0.6961856841187158,0
122417,0.6960972178622153,0
126751,0.6960495959886454,0
122437,0.695390077184909,0
119063,0.6953287955489053,0
125021,0.6953241624376285,0
115674,0.6952064332536955,0
122247,0.6951948547267017,0
118123,0.6951303278361667,0
126355,0.6951238686175658,0
118096,0.6950049480489706,0
126155,0.6949019056860064,0
119677,0.6948487171613347,0
124841,0.6945376607311042,0
120203,0.6944820393485154,0
121699,0.6942693100520934,0
127104,0.6940746189414303,0
119634,0.6940554632848995,0
121372,0.6939737802436711,0
116592,0.6938644400520938,0
119019,0.6936650865109898,0
119593,0.6934868413526426,0
124629,0.6934796219752308,0
124627,0.6925586068788552,0
116591,0.692361095966399,0
124644,0.6921185145750987,0
115957,0.6917333172186534,0
116289,0.6917237152878789,0
120311,0.6916672570798897,0
115551,0.6915192277947184,0
124438,0.6913564340976207,0
117642,0.6912710893193365,0
115913,0.6908946417648617,0
116924,0.6908665541113529,0
115962,0.6907195449808237,0
114817,0.6905465037637483,0
118535,0.6904339059113108,0
114906,0.6903480484494393,0
115794,0.6901599042494003,0
117161,0.690127399277792,0
121105,0.6900097035839846,0
124656,0.6899206311562813,0
120500,0.6899051524778186,0
121443,0.6896838970776116,0
117089,0.6896222580505259,0
123294,0.6893329517533813,0
120663,0.6893135530475692,0
126060,0.6892824060457472,0
122201,0.6890404479394242,0
121571,0.6888540913977285,0
126405,0.68868828208108,0
123581,0.6885404045102053,0
122189,0.6878316671178826,0
126064,0.6877506339305458,0
121437,0.6877422524946829,0
127055,0.6876384248300446,0
122207,0.6874843464078897,0
124861,0.6873874779303695,0
117528,0.6872448791321127,0
122780,0.6871591593990224,0
122434,0.6870705141285911,0
119831,0.6868526577086612,0
126144,0.6868441366154621,0
119441,0.686764871652606,0
117298,0.6867643923627912,0
121669,0.6862048635936102,0
115902,0.6861014813504528,0
115752,0.6860328098611715,0
120994,0.6860307448956378,0
118240,0.6859817793686165,0
123468,0.6859519902670168,0
120832,0.6858494868131102,0
125583,0.6855448660087051,0
124445,0.6854171770957606,0
123676,0.6852946338530466,0
127401,0.6852079467839323,0
124640,0.6851585907659581,0
116051,0.6849969083117913,0
120186,0.684925005567347,0
119654,0.6848329329638296,0
119414,0.6842125737411239,0
124731,0.6837950528691664,0
124653,0.6837781251621988,0
125255,0.683677424544252,0
125555,0.6836210853899191,0
116812,0.6836063908795047,0
127312,0.6834092585949285,0
117305,0.6833007807975882,0
118411,0.6832093452075346,0
115257,0.6831346925046948,0
117737,0.6827278800815431,0
126577,0.6822363096994719,0
120048,0.6819811749514817,0
126160,0.6817770621742812,0
115618,0.6817236789113515,0
127224,0.6817044099376738,0
120540,0.6814788182115623,0
122044,0.6812656498892882,0
125581,0.6812259252088338,0
124877,0.6811843778136456,0
118154,0.6810678693741102,0
120948,0.6809533325926156,0
121128,0.680928849576333,0
121837,0.6807031712872955,0
120599,0.680533528554951,0
120138,0.6805015463118653,0
119906,0.680351021740033,0
115716,0.6800792081344101,0
117268,0.6799515440144525,0
121664,0.6798707788114224,0
126077,0.6797071727651365,0
125961,0.6795356062459216,0
119331,0.679200821306619,0
125714,0.6790954287889384,0
115631,0.6790682653735347,0
123347,0.6789832584354011,0
119544,0.6785137789057876,0
123119,0.6784818786025868,0
120633,0.6782564536369119,0
117919,0.6780131427891382,0
126539,0.6779517443621398,0
122565,0.6778265597200177,0
115923,0.6778260361490441,0
122037,0.6776893167306817,0
126643,0.6776849609273526,0
121723,0.6775446876557225,0
120338,0.6775313899466864,0
126760,0.6773810095929643,0
123230,0.6773519374576126,0
120791,0.6767289911778972,0
117211,0.6761885214556727,0
123299,0.676018039393796,0
123868,0.6758660410445841,0
125070,0.6758119871846962,0
123356,0.6757541240506753,0
126169,0.6755429692938859,0
124870,0.6753647947400593,0
117447,0.6751663941785416,0
121088,0.6751569089869102,0
116538,0.675133510134811,0
116032,0.6751042981326084,0
118225,0.6750476581332083,0
124051,0.6749556729110765,0
115374,0.6746822176815117,0
124855,0.6742366860930724,0
116986,0.6740547543827905,0
127330,0.6740496016699067,0
123290,0.6739910523701929,0
124429,0.673833677878503,0
125954,0.6737501332520419,0
126087,0.6734161564705825,0
126293,0.6733418948058673,0
115582,0.673310462813922,0
120736,0.6732244047083675,0
118252,0.6731343956394188,0
125017,0.6731248774081294,0
118140,0.6730664984216531,0
117069,0.6730205842140502,0
115218,0.672859483271944,0
118059,0.6727282819135753,0
121502,0.67261391027921,0
116167,0.6724480110184432,0
126811,0.672337184373351,0
119247,0.6722493326304573,0
115635,0.6722107432137632,0
119821,0.672166751191977,0
126150,0.6720326136024647,0
116338,0.6719597426933386,0
122020,0.6714945788307044,0
125857,0.6714544274647186,0
115428,0.6712588355605851,0
115740,0.6708870483468778,0
121456,0.6708781583259658,0
126217,0.6707395348757972,0
123648,0.6706669500889484,0
115869,0.6697918197062946,0
119389,0.6696744271178673,0
122039,0.6695807545979438,0
122073,0.6694480169477507,0
122337,0.6693874872012803,0
127427,0.6688972485603578,0
118196,0.6687847101441657,0
126252,0.6684061653786139,0
115030,0.6678563196260903,0
123974,0.6675505002649144,0
124619,0.6670753423289248,0
123498,0.6670683395814394,0
117631,0.6669586849717899,0
121588,0.666668080604995,0
124790,0.666344001063838,0
118369,0.6662840421816476,0
121031,0.6661390177999948,0
125814,0.665803159061835,0
121399,0.6657629865638696,0
115633,0.6656208594325012,0
126913,0.66526716438722,0
122832,0.6652014111723634,0
118771,0.6651701165463805,0
119103,0.6649818868281955,0
120423,0.6649523518448865,0
124381,0.6649477457218814,0
125868,0.664936830328467,0
115330,0.6642090336920947,0
118526,0.6637154069304598,0
124875,0.6634383966213261,0
124773,0.6633638489859089,0
123812,0.6633422126483656,0
127280,0.6633232541711157,0
124859,0.6632323973017806,0
118999,0.662833144049514,0
119577,0.6627627815997755,0
124982,0.6627616803346197,0
125718,0.6627078604800842,0
123310,0.6626853338801755,0
117147,0.6626406087992585,0
119353,0.6623629340397581,0
122099,0.6619152046116621,0
126006,0.6613496604232811,0
126540,0.6612041824401091,0
118991,0.6611773189787579,0
117957,0.6610670997641632,0
127297,0.6610587641986679,0
118965,0.6610582286382327,0
121030,0.6609559622475213,0
118516,0.6608056102447231,0
123091,0.660745085980768,0
115632,0.6604730126752888,0
119622,0.6604374988321168,0
115464,0.6604155552095037,0
117261,0.6602841104575776,0
122361,0.6599969759184372,0
118572,0.6598178881307164,0
127069,0.659771520125526,0
118737,0.6597084104887827,0
119572,0.6594665236270643,0
116724,0.6594210389842178,0
121107,0.6592091101621538,0
119428,0.6591587915861504,0
125917,0.6591442852768218,0
118300,0.6590563846591303,0
116449,0.6589570657753558,0
127536,0.658864390082151,0
119602,0.658863765080107,0
116060,0.658741509812496,0
116831,0.6586230653338264,0
120827,0.6584688597462295,0
127468,0.6584095384647481,0
119503,0.6578567302598833,0
118322,0.6575756115808631,0
124887,0.6571517804178648,0
119680,0.6569420868565574,0
121010,0.6568784542665136,0
123298,0.656791958646546,0
117906,0.6565232756206745,0
122374,0.6564757009094369,0
123039,0.6563152619860046,0
118008,0.6561825507606308,0
125910,0.6560514026188579,0
126936,0.6560320397480739,0
118070,0.6559784024757546,0
124600,0.655667644395211,0
117574,0.6556346940301863,0
125862,0.6554652358788778,0
117680,0.6553278851679517,0
119510,0.6552528228894553,0
124685,0.6551646143054516,0
122685,0.6551363570805363,0
127142,0.6548083489257627,0
121102,0.6547300820157104,0
124998,0.6546337339747774,0
123655,0.6545365591236014,0
120851,0.654350561360186,0
118222,0.6542323030454996,0
126759,0.6541851804401088,0
118948,0.6541320131416216,0
120022,0.6540102545984442,0
117093,0.6539187105592889,0
125810,0.6538135024455856,0
119196,0.6537062989303599,0
124470,0.6536094503730988,0
115152,0.6535727842827408,0
126084,0.6530867929189664,0
118828,0.6530820582636129,0
123964,0.6530816736806548,0
117062,0.6526866010277538,0
116280,0.6526655003267378,0
117199,0.65254897772168,0
117569,0.6523904218013652,0
116877,0.6522567069774496,0
119226,0.6520163676648371,0
125592,0.651915234605998,0
127467,0.6519031982624185,0
118174,0.6518717036439337,0
123934,0.6514902622320868,0
124912,0.651421901201516,0
115920,0.6510356054984788,0
121996,0.6508364742264108,0
120730,0.650782684844876,0
120102,0.6505003397074471,0
119762,0.6504143157710969,0
120927,0.6502436881873892,0
126045,0.6501931070465202,0
115497,0.6501572420426347,0
125484,0.6501432203029462,0
115589,0.6501095751142096,0
125844,0.6500884593199543,0
120828,0.6500704786105919,0
120846,0.6500202986546947,0
120984,0.6493073829107064,0
118328,0.6492876406823076,0
127208,0.6492564880189814,0
127506,0.6491977740207135,0
123142,0.6491347477403812,0
117945,0.6490605516958132,0
124604,0.6489740315381253,0
118172,0.6489637684651218,0
118029,0.6487812690156395,0
120327,0.6485693777870108,0
117297,0.6484022472981825,0
116429,0.648319933475219,0
123421,0.6482659790748384,0
121855,0.6482516996260548,0
118065,0.6482462987524578,0
118532,0.6482424465631664,0
123805,0.6480628171248958,0
120413,0.6480111922959265,0
119073,0.6478003824732161,0
126368,0.6477639353529587,0
117535,0.6477347379395718,0
121041,0.6473953077049793,0
120898,0.647311377141039,0
119699,0.6470936702159186,0
123559,0.6467839391213365,0
126785,0.6459795818706769,0
122375,0.6457908327167279,0
126571,0.6457232812571265,0
125398,0.6456258570659607,0
127416,0.6455311700720053,0
127242,0.6454454476552165,0
117710,0.6454048228538576,0
127226,0.6453315423157324,0
124847,0.6453035219793792,0
123753,0.6451495679876609,0
119548,0.645132152517472,0
118255,0.6449927911347095,0
116925,0.6449516738888611,0
124835,0.6447288568837111,0
116822,0.6447078044728822,0
121696,0.6447053420813179,0
116660,0.6445033073447558,0
122114,0.6444612356829468,0
119774,0.6444401599139743,0
118400,0.6443987696686615,0
121948,0.6443468751840935,0
124762,0.6443238910504602,0
116515,0.6441934803600072,0
118468,0.6441261999802362,0
125779,0.6441124889311286,0
125913,0.6440302565596627,0
120774,0.6440284304652525,0
119804,0.6439721481129992,0
127408,0.6436091777734032,0
118358,0.643275845284459,0
121477,0.6431582514232358,0
127320,0.6431463212331991,0
122067,0.642939290211408,0
127000,0.6429309294330566,0
115779,0.6428899170049943,0
117860,0.6428495987057299,0
125763,0.6428000135426141,0
118421,0.6423923049737987,0
122373,0.6423509411428204,0
125012,0.6421897850517879,0
120272,0.6419615276749648,0
126161,0.641894860403825,0
119190,0.6418081596831035,0
126104,0.6416036000579591,0
126784,0.6413658352995685,0
121889,0.6413375793284736,0
123946,0.6412388282916688,0
117610,0.6410098203249689,0
127428,0.6409511182783003,0
121256,0.6408109617798727,0
127499,0.6407117453596115,0
122707,0.6406106922259357,0
123702,0.6404380195122261,0
116745,0.6404212568512931,0
124734,0.640277340025759,0
121014,0.6400711804719185,0
119087,0.6400583414912838,0
123358,0.6397041556183417,0
124574,0.6395541586230996,0
123831,0.6392665215417256,0
115389,0.6391847265002508,0
122694,0.6386511976626867,0
121328,0.6386398857489338,0
124802,0.6386059714337733,0
123999,0.6384894467789699,0
115974,0.6384594338119668,0
122714,0.6383285661153804,0
124086,0.6379500130090539,0
126623,0.63779697890805,0
116553,0.63772445033395,0
122338,0.6374515061318368,0
117643,0.6373098889081894,0
122220,0.637299513340564,0
125854,0.6372903914630689,0
119832,0.6372542382011548,0
126475,0.637252457451364,0
116042,0.637035046716331,0
120989,0.6368672803971053,0
122753,0.6364056557413775,0
122409,0.6361938542728202,0
123514,0.6355280659471063,0
116218,0.6354702425405642,0
115481,0.6354636013093095,0
120360,0.6351325951860597,0
121008,0.6350249904246478,0
119581,0.6349858389746701,0
127360,0.6348826098196599,0
123744,0.6348163984062566,0
122449,0.6343091407701055,0
123951,0.6342225697915733,0
122469,0.6341559083856432,0
125987,0.6336676769437283,0
118023,0.6335584818423259,0
125698,0.6334020809715941,0
124571,0.6332598637409506,0
123049,0.6328785981283871,0
114822,0.6327473798522915,0
127514,0.6325332102283165,0
122839,0.632453875585994,0
123591,0.6324399288105151,0
116428,0.6324133670401199,0
115512,0.6323921413784458,0
119660,0.6323612081341127,0
119415,0.6322762781852844,0
121825,0.6321435669767382,0
115398,0.6319738361593521,0
122443,0.6319342700827351,0
119442,0.6316852289072642,0
122720,0.6315119121394756,0
125152,0.6311838851697288,0
120089,0.6311670025087581,0
123469,0.6309580875020849,0
114877,0.6307415604705849,0
126549,0.6307128613507712,0
122728,0.6305729715798738,0
119468,0.6304399318339768,0
124882,0.6303934037709811,0
123483,0.629943573025961,0
124737,0.629678979587277,0
116568,0.6296100956925703,0
122645,0.6295411074569655,0
124068,0.6294285954456044,0
120896,0.6294017754614971,0
115596,0.6293393650496115,0
118178,0.6291868617454842,0
125874,0.6288610991966019,0
125545,0.6287827127052453,0
121050,0.6286932185732697,0
118477,0.6286667371178006,0
120582,0.6284628139584497,0
124904,0.628327979503539,0
123427,0.6280339642066642,0
120845,0.6279883483198192,0
118938,0.6275637813686893,0
115403,0.6273594898743317,0
122155,0.6272692970136945,0
122291,0.6272294219311381,0
126034,0.6272017574248047,0
122655,0.6269901426658606,0
117050,0.6269419719674316,0
117239,0.6268479075962281,0
120161,0.6266424018475751,0
127358,0.6264872048619403,0
120712,0.6264085762670195,0
126628,0.6263783531137818,0
122204,0.6263774870056682,0
121989,0.6263424937431806,0
121622,0.6261620606696325,0
124576,0.6260182433375412,0
119673,0.6258124792203055,0
118410,0.6257667408273998,0
120250,0.6257499016789916,0
126221,0.6254614520729259,0
120796,0.6252461116040284,0
119048,0.6252069206397708,0
127481,0.6251752176583597,0
126961,0.6251555229107622,0
118304,0.6251255631447463,0
122101,0.6250843918097073,0
119077,0.6247589146358039,0
126097,0.6246443821947578,0
123033,0.6245260588487866,0
116418,0.6244798699585608,0
118142,0.6242527965399643,0
127296,0.6241626428818169,0
124334,0.6241489691897948,0
120909,0.6235501315621044,0
123629,0.6234597545805408,0
117035,0.6230247568229503,0
118428,0.6228585160951773,0
119182,0.6225604625638318,0
123390,0.6223565809477034,0
122349,0.6223384287919067,0
120775,0.6222233161839442,0
127002,0.6221349355179788,0
119834,0.6220945862727197,0
122061,0.6220916837938332,0
127099,0.6220364775584172,0
121124,0.621602617366334,0
122851,0.6215390156560655,0
122034,0.6212775764447466,0
121888,0.6211337192534454,0
125640,0.6207757833279234,0
123916,0.6206091888974932,0
115134,0.6204139043094288,0
126265,0.6203452450241359,0
116466,0.6202777282789251,0
126278,0.6202394298576926,0
115721,0.6201625261429506,0
122112,0.6200482670632096,0
118662,0.6197907384523741,0
117565,0.61977136973785,0
123977,0.619725225873629,0
121829,0.6196453019906918,0
125725,0.619549806302908,0
126069,0.6195258424474935,0
120394,0.6193465680898396,0
119540,0.6189293742838647,0
116154,0.6188535347417812,0
121302,0.6187850693308093,0
118610,0.6187832490121747,0
116021,0.6185760557017865,0
119736,0.6181790939162987,0
122328,0.6181775870494359,0
119615,0.6180849043176073,0
117187,0.6178877675560316,0
127524,0.6177746038703051,0
119344,0.6177627494587348,0
123353,0.6176344171207702,0
120882,0.6175570828422268,0
125511,0.6174679639778249,0
117262,0.6173578026912457,0
123545,0.6169799779350111,0
124506,0.6169462623496013,0
127295,0.6168726344172966,0
117173,0.6167206942927465,0
121221,0.6167166465337912,0
123438,0.6165543832862211,0
119424,0.6165537448201698,0
125403,0.6163500682416986,0
117916,0.6163354552366874,0
121057,0.6162347523801045,0
123423,0.6159622164959381,0
122723,0.6158674888802919,0
126681,0.6157096293892945,0
123697,0.6156396651835854,0
120408,0.6155357265786363,0
116491,0.6153761047140786,0
125866,0.6151176378854352,0
124550,0.6150987916902003,0
116047,0.6150535705766083,0
121165,0.6150308379771147,0
116857,0.6149811582113521,0
127206,0.6147348313412397,0
120380,0.6146499141302444,0
127373,0.6146464832474764,0
115163,0.6145965714938804,0
120864,0.6144386448723386,0
117562,0.6142851981681539,0
120913,0.6139948992796531,0
124884,0.6139456853030604,0
119067,0.6138853992561116,0
122313,0.6138540697485676,0
123642,0.6138173204972456,0
125390,0.6138060595840238,0
127037,0.6138043985341802,0
123875,0.6138043193795782,0
119966,0.6137564568560342,0
127355,0.6137394015882176,0
120981,0.6137309297688914,0
116864,0.6136405512465799,0
123328,0.6136085611838925,0
115226,0.6135868743404733,0
123610,0.6133274980024117,0
126697,0.6131876977188768,0
117087,0.6130752315933429,0
118955,0.6129622405122517,0
120781,0.6126933220261997,0
124525,0.6122499636740103,0
124752,0.6121589671889069,0
118513,0.6120778512910827,0
120627,0.6119318403243669,0
118740,0.611696114500925,0
119785,0.6116802555635663,0
118558,0.6112971786121919,0
121967,0.6111279993160471,0
123534,0.6108664451429807,0
125988,0.6108487768046734,0
125167,0.6108220357235888,0
117539,0.6105998145893008,0
124852,0.6104541254792268,0
120565,0.6104302742668288,0
118095,0.6104001829066544,0
126288,0.6103934633175556,0
119527,0.6103716475232739,0
115924,0.6103277574462977,0
120767,0.6103110048168177,0
119696,0.6102768977961177,0
115217,0.6102566127558546,0
117861,0.6102444381512928,0
118166,0.6101621534671372,0
127418,0.6100832981138563,0
124717,0.609648308483366,0
121570,0.6093523558685097,0
125404,0.6092497819787693,0
120199,0.6091566925785893,0
118130,0.6090206056688617,0
118573,0.6087864434760204,0
126205,0.6086388689524802,0
116272,0.6085092022751997,0
126289,0.6085052516788987,0
122176,0.6084635775072283,0
120594,0.6082958293359172,0
123593,0.6082210814419386,0
123458,0.6079138756351387,0
119299,0.6078525421870643,0
122351,0.6077415151727165,0
118639,0.6074192468374695,0
115664,0.6073400174006409,0
117295,0.6069577847660911,0
121845,0.6069344693791648,0
124914,0.6069040045765964,0
127281,0.6068535918850604,0
119543,0.6068110142859598,0
117175,0.606728928452908,0
119513,0.6066216803353187,0
124099,0.6065207085286985,0
122667,0.6064855092537058,0
115756,0.6064600908838258,0
124171,0.6064279728113695,0
116503,0.6063701996029556,0
125222,0.6062552283045003,0
115768,0.6060707673577226,0
126536,0.6060460490569187,0
125314,0.6059811103989315,0
117486,0.6059360448719823,0
125558,0.6057459769002383,0
119516,0.6057200109238132,0
121187,0.6056536472501036,0
115675,0.605561101410056,0
116635,0.605443504639449,0
121061,0.6054151456959957,0
123166,0.6053687713311136,0
117219,0.6048159464024361,0
127094,0.6046622936812069,0
118151,0.604606016160619,0
119617,0.6043385704109905,0
120977,0.6043068618041006,0
115040,0.6041109526374945,0
121181,0.6041097767988994,0
123150,0.6037451031342866,0
116025,0.6036971186804018,0
123177,0.6036207967246162,0
122065,0.6030431825812024,0
116657,0.602818914133843,0
121531,0.602759509670244,0
118346,0.602542201592917,0
118375,0.6024945061280453,0
126567,0.6024561921777429,0
115892,0.6022604132219982,0
119130,0.6022269714416644,0
125723,0.6021992022593244,0
122180,0.602106558074774,0
116710,0.601951856036848,0
125002,0.6018242448947946,0
126736,0.6015489851012894,0
124533,0.6014964088611718,0
120972,0.6014307614863964,0
115552,0.6010039430855092,0
125045,0.6009128879059444,0
122274,0.6008429419750392,0
116984,0.6008428416358561,0
124903,0.6008222503743499,0
115550,0.600711305009595,0
115587,0.6006041858531979,0
117542,0.6004405471052919,0
119599,0.5993373172626655,0
127250,0.5993106895690092,0
117661,0.5992826255105621,0
126635,0.5992374022816133,0
121969,0.5991512217217547,0
118348,0.5991255842095089,0
120725,0.5991207099635824,0
124488,0.5990434559114376,0
121364,0.5990178989559083,0
123392,0.5990062191988269,0
121608,0.5989068514455798,0
118795,0.5988210521012131,0
115537,0.5987400615821752,0
124370,0.5986573771729251,0
126999,0.5985771288774341,0
118338,0.5985214510715711,0
116341,0.5984526026734542,0
126600,0.5984430382839765,0
126592,0.5983773395899438,0
121285,0.5980971753161366,0
123836,0.5980204124169798,0
115866,0.5979468250502863,0
127508,0.5979053661125925,0
121153,0.5977270658301724,0
124467,0.5975598952678096,0
115383,0.5972052676111314,0
119822,0.5969068810032566,0
119065,0.5968805724064069,0
123536,0.5966598486091708,0
121986,0.5966212831598636,0
119763,0.5965604207908385,0
123673,0.59652426671882,0
122192,0.5963421219748961,0
118126,0.5962581896422201,0
122293,0.5960533785410503,0
125356,0.5955142050297367,0
126333,0.5954928804999692,0
126040,0.5954696452449364,0
122339,0.5954560007394607,0
121155,0.5952163131885005,0
126843,0.5951308231456769,0
126028,0.5950742545971578,0
124140,0.5950258237659756,0
118271,0.5949361769898416,0
125150,0.594764372187635,0
125218,0.5944745397242445,0
126372,0.5943422638651331,0
121859,0.5943217218705841,0
119248,0.5942278593029147,0
121991,0.5941205016787897,0
122046,0.5938751459497724,0
127369,0.593395103566423,0
123523,0.5933082920799306,0
127092,0.59326360006639,0
118258,0.5932595821508739,0
124340,0.5930160610938972,0
117051,0.5929308480531867,0
120666,0.5928350981483986,0
121815,0.5927950688023386,0
127338,0.5927784294022449,0
122110,0.59255758481971,0
122064,0.5922582612750975,0
119089,0.5921403340430942,0
120722,0.5919788712839958,0
122135,0.591967904122095,0
127195,0.5919470234843229,0
123400,0.5917182627270708,0
120008,0.5916594120396302,0
126532,0.5916355595183121,0
119479,0.5916256418393722,0
127315,0.5916154089784698,0
127308,0.5915271169206513,0
122070,0.5915072502651306,0
119787,0.5914765103219285,0
117821,0.5914722107844594,0
121924,0.5913908977239427,0
117025,0.5913686272918356,0
126071,0.5908500129544241,0
116404,0.5908284604412057,0
122969,0.590769405618772,0
123542,0.5906445850701757,0
123748,0.5903510269588689,0
120274,0.5902759439484319,0
124804,0.590243763026799,0
119382,0.5902203889714888,0
121385,0.5901435596686236,0
121308,0.590032839501906,0
118419,0.5900127975722176,0
124228,0.5897092701186959,0
123471,0.5897014377720775,0
124708,0.5896158021028015,0
118357,0.5895872823436786,0
117951,0.5894976103252879,0
121903,0.5894447821563298,0
119508,0.5894373028082778,0
120061,0.5893572742847868,0
119884,0.5893268870586696,0
125178,0.5892885827141084,0
116612,0.5892468197685795,0
122169,0.5892316053023605,0
119460,0.58921168690955,0
121629,0.5890958923178374,0
122272,0.588963446469953,0
122258,0.5888389124667671,0
125823,0.5888295209370943,0
126621,0.5888151304621916,0
120823,0.5884369953080754,0
116525,0.5884007204833441,0
118191,0.5883362263535634,0
118807,0.5882829811287815,0
119825,0.5882808674853927,0
122105,0.5882136861774504,0
123409,0.5881735289022693,0
124027,0.5879984518834075,0
126474,0.5879187714382613,0
116189,0.5878158356728523,0
122778,0.5876754693380289,0
122403,0.5876620063026009,0
127122,0.5875283848884537,0
126269,0.5874506859580045,0
122777,0.5873106895870501,0
124031,0.5872899986123785,0
121319,0.5872066574115948,0
121134,0.5870546449734129,0
120843,0.5870204818226838,0
125013,0.5869380415472527,0
117137,0.5865404161670463,0
120389,0.5865152823637757,0
119547,0.5864306524748718,0
124779,0.5862860911455496,0
124553,0.5861957237357344,0
119879,0.5861161336591497,0
116247,0.586090023542686,0
122081,0.5860422542268254,0
115546,0.5860389676414893,0
122746,0.5858630582053125,0
126624,0.5858481419675794,0
118748,0.5857069450781428,0
116317,0.5856770984488331,0
118850,0.5852286950852533,0
117115,0.5849910141645946,0
124293,0.5849373775220092,0
126767,0.5845446951424792,0
117101,0.5844488482339126,0
122808,0.5841926412814726,0
124147,0.5840554340385603,0
121003,0.5839985712913243,0
114853,0.5839450048145095,0
127517,0.5838495380818065,0
119740,0.5837911382489602,0
118274,0.5834463105970554,0
119381,0.5833820224482709,0
122156,0.5831992284845516,0
115536,0.5831911194228664,0
118324,0.5829485444128694,0
127272,0.5829402688926328,0
125212,0.582934314903019,0
119084,0.5828565935760702,0
122399,0.5824053645256926,0
126448,0.5822413377531919,0
127311,0.5821828866666212,0
120438,0.5821033120887759,0
125843,0.5820712607711118,0
124274,0.5818920097799378,0
125393,0.5818755121239825,0
126798,0.5818583952663084,0
117760,0.5817554913996037,0
127095,0.5817033624866191,0
124810,0.5816438573901144,0
121042,0.5816093651976224,0
125245,0.5813689206602465,0
126057,0.581194483700971,0
117881,0.5810631517097056,0
123448,0.5810409874555117,0
126143,0.580801599752188,0
118542,0.580686057395011,0
123485,0.5805761887026749,0
123567,0.5804778148433283,0
124727,0.5801967775832161,0
119723,0.5799141002691595,0
118500,0.5798509322959978,0
121879,0.5796588746309437,0
116900,0.5794959381524812,0
117527,0.5794827126337654,0
120134,0.5794551219424984,0
127346,0.5794191413829446,0
117453,0.5793279226872508,0
120868,0.5793123379576567,0
117704,0.5790150064349052,0
119260,0.5790001046250198,0
123465,0.5787457718717902,0
117596,0.5786183329338314,0
125883,0.5783845562697478,0
117700,0.5783423080559148,0
123521,0.5781221675018069,0
115640,0.5781105593749478,0
120830,0.5779621985238397,0
123548,0.5778324507441918,0
123243,0.5777896046599708,0
118169,0.5777773782316727,0
117878,0.5775370308053341,0
125746,0.5774972937848347,0
122864,0.5774745101572316,0
120206,0.577020884530002,0
118574,0.5767287721171757,0
125895,0.576645345393409,0
127072,0.5766276834422847,0
126290,0.5762300532674101,0
127116,0.5761223081547442,0
117356,0.57607018252809,0
121481,0.5759062934352741,0
117168,0.5758790119827053,0
121593,0.5758319975396096,0
126232,0.5757466783912538,0
115180,0.5756432756846199,0
115828,0.5755196620990424,0
126326,0.5753351398860334,0
116452,0.5753319738318401,0
116882,0.575262795499516,0
117747,0.5752346676425368,0
116490,0.5748369670668668,0
124374,0.5747964260498768,0
124025,0.5747747907495144,0
127520,0.5746105284497509,0
116862,0.5745105162031137,0
125065,0.5744531313038462,0
120347,0.5742993755741346,0
114866,0.5742128588031132,0
123304,0.5742028822631043,0
124233,0.5740653839187585,0
126193,0.5740456182522872,0
123659,0.5738544008339403,0
115919,0.5737421060352379,0
120119,0.5735643894910285,0
118272,0.5735151904896041,0
125016,0.5732528371312767,0
123480,0.5730210271481581,0
126082,0.5727225323209648,0
124618,0.5727118165013507,0
117228,0.5722800319937892,0
127519,0.5719418900620044,0
125019,0.5719298489831698,0
122819,0.5716248518002156,0
119993,0.57135312894282,0
122262,0.5709865095256109,0
117534,0.5707749162422301,0
122570,0.5707678771178711,0
122639,0.5706623126175809,0
118336,0.5705043997273257,0
115288,0.5703035827478885,0
119922,0.5700606779746319,0
125266,0.5700146086612727,0
121715,0.5698409464636603,0
124775,0.5696711745485848,0
125207,0.5689265458346188,0
120856,0.568802031192628,0
125282,0.5687750117318299,0
117153,0.5687118920487377,0
123704,0.5685828544410869,0
124054,0.5684689016493281,0
121118,0.5684421945354027,0
119369,0.568359077560003,0
123633,0.5683426105887792,0
124774,0.5682386936595109,0
125936,0.5681601231023378,0
124894,0.5681358705786942,0
121413,0.5680736458477306,0
118249,0.5680528967391733,0
118943,0.5679569982293324,0
126689,0.5679204852328966,0
115970,0.5679134125020144,0
122970,0.5678845019914817,0
115900,0.5677707245630994,0
127479,0.5677317221783551,0
120809,0.5674524950273869,0
115193,0.5673904883044832,0
118287,0.5670845059449793,0
126752,0.5670840782283445,0
123939,0.5670418617682378,0
124664,0.5666960946028484,0
126277,0.5666205155950619,0
119098,0.5661905798761342,0
121472,0.5661405907889981,0
118232,0.5661257713464538,0
119683,0.5660799337127613,0
123430,0.566072490049744,0
115969,0.5660111587650726,0
122230,0.5657569077905934,0
119280,0.5656647539917683,0
119579,0.5653348037089422,0
115352,0.5650975374223142,0
115229,0.5650884586000051,0
125888,0.565056310394603,0
122739,0.5650503919021842,0
119958,0.5648212482607828,0
124494,0.5646835625784533,0
117839,0.564604056989683,0
126088,0.564531896900095,0
126379,0.5642759966273616,0
122661,0.564198123752285,0
121218,0.5640643506584637,0
118623,0.5639892696795512,0
124707,0.5637643522646125,0
126678,0.5636382796639348,0
120637,0.5635645243489183,0
125745,0.5634670378432372,0
124989,0.5629803632348039,0
127413,0.5629637100081938,0
127382,0.5629125813660013,0
125493,0.5628699195549932,0
116821,0.562689646676502,0
124278,0.5625525955406483,0
122513,0.5624437512125414,0
116627,0.5622604115392851,0
125337,0.5621655384209006,0
121059,0.5619806918803889,0
125100,0.5619481114653595,0
116017,0.5618095189081025,0
117074,0.561764570717877,0
120959,0.5616977846265815,0
119463,0.5616668595195204,0
120511,0.5616632846599959,0
126061,0.5615939176860085,0
118115,0.5615825517539675,0
122785,0.5614519790628036,0
120853,0.5614423953658753,0
123731,0.5613735704558879,0
115882,0.5613312907947309,0
117518,0.5612171986288864,0
120448,0.561191373330443,0
118464,0.5611143816664432,0
121318,0.5610116004446398,0
118722,0.5609698468434604,0
118317,0.560700404792316,0
126192,0.56052580897132,0
125305,0.5602789166823611,0
116148,0.5600683845533942,0
122622,0.560014203432395,0
120512,0.559999350054736,0
123671,0.5599105431997785,0
122514,0.5598887498686994,0
124673,0.5598455286255792,0
124745,0.5598077726475101,0
120598,0.5595111395194969,0
118345,0.559134018918283,0
118073,0.5589181123760121,0
122448,0.558639576595208,0
127440,0.5585969307110142,0
118128,0.5585770331026538,0
119356,0.5584079219644277,0
125994,0.558373471066741,0
115058,0.5580454783584469,0
123288,0.5579069365113057,0
124224,0.557714635297564,0
120999,0.5576773335497867,0
124970,0.5575283306850725,0
123268,0.5573961401986208,0
119399,0.5568921676749163,0
121313,0.5567571589959608,0
127533,0.556688559331363,0
123357,0.5564915437476572,0
126383,0.5563078500384361,0
115773,0.556247442078127,0
124296,0.5561731080042716,0
124845,0.5561327912397885,0
116903,0.5561220469797054,0
127057,0.5559335573701264,0
117205,0.5557906511462314,0
126741,0.5557409629284094,0
115881,0.5555868394909648,0
124200,0.5555671492943479,0
122348,0.5554140502797442,0
116985,0.5551801447125079,0
125107,0.5551191759949967,0
115431,0.5547988895367955,0
118417,0.5547976868328188,0
124929,0.5547911711492867,0
126000,0.5547471948273742,0
121592,0.5546149611990908,0
118424,0.5542493021257502,0
117423,0.5540932755271125,0
116069,0.5538584761957351,0
120947,0.5538531082875497,0
116574,0.5537918408232747,0
120850,0.553719714523351,0
121866,0.5533973015708509,0
122028,0.5532809044939497,0
120931,0.5532722012022931,0
127379,0.5532645356368906,0
126228,0.552888260537236,0
123962,0.5528869768717467,0
120894,0.5523914065583686,0
123394,0.5522804806017795,0
119498,0.5520108134541848,0
116079,0.5519778580059506,0
120785,0.5518603982098564,0
120076,0.5517246484493517,0
123751,0.5516585095753676,0
118685,0.5514681995676366,0
119750,0.5514449210233595,0
122355,0.5513205713824987,0
127079,0.5510503811808406,0
119625,0.5510221019117473,0
119967,0.5508308494890642,0
120332,0.5504382941497895,0
125459,0.5502358872788135,0
118288,0.5501449382379058,0
116161,0.5499501281305965,0
118243,0.5499208197314868,0
125678,0.54951783858493,0
115143,0.5493414472195506,0
120998,0.5492752819942353,0
122726,0.5491947351539358,0
121756,0.5491005092109994,0
116947,0.5489784076313075,0
122033,0.5488413147746841,0
120266,0.5488379349779129,0
123588,0.5487365918636091,0
124046,0.5487291286314678,0
121959,0.5486600431739351,0
119905,0.5482113439951767,0
122075,0.548060249025358,0
116441,0.5480480171712376,0
124757,0.5479615857530912,0
117141,0.5477682661613694,0
127177,0.5477553116145981,0
127159,0.5476577432551862,0
115788,0.5476351067615557,0
122051,0.547616587421779,0
122234,0.5475220960831293,0
118492,0.547194077256484,0
123762,0.5471597040199107,0
124245,0.547117715839479,0
117259,0.5469697331734014,0
122228,0.5469548341657186,0
118239,0.5469535021329549,0
115927,0.546913803929015,0
116484,0.5467859674697508,0
127406,0.5467530116697855,0
124557,0.5466242972917255,0
123644,0.5465581268936258,0
115650,0.5462161663231577,0
124647,0.5461234689333572,0
122281,0.5461099594108013,0
127425,0.54604103979826,0
118697,0.5460050135389551,0
122925,0.5454971878268167,0
120420,0.5454486233895796,0
116907,0.5453983372285754,0
124936,0.5453923569468608,0
122326,0.544870991193872,0
118109,0.5447912050007425,0
120690,0.544726632493628,0
122008,0.5445403761801343,0
124111,0.5444818023038781,0
121547,0.5444472398998854,0
119505,0.544440885787146,0
125261,0.5443031256810049,0
124924,0.5442738173900424,0
120352,0.5442515270442047,0
116996,0.5441925692835057,0
115043,0.5441437441586519,0
118076,0.5441198472541043,0
126789,0.5441021943210127,0
115932,0.5440799139431954,0
126013,0.5439479785331894,0
115934,0.54378078352643,0
123025,0.5436443813734794,0
122634,0.5436428795169564,0
124960,0.5431529534282663,0
115638,0.5430794444856499,0
125877,0.5430307144871044,0
117991,0.5428784486323085,0
126270,0.5421736935111732,0
116922,0.5420819885127987,0
120586,0.5420780680950418,0
119703,0.5419548458278969,0
125852,0.5418832158048843,0
119449,0.5417123378897897,0
120080,0.5416128255179834,0
124957,0.5414163106086084,0
122758,0.5414147076516943,0
115951,0.5412060181284319,0
117146,0.5411759855474826,0
125359,0.5411403087605556,0
121378,0.5407794090477778,0
123440,0.5406691014929086,0
121701,0.5406627904054789,0
118356,0.5404983793180276,0
116356,0.5403620797835598,0
118276,0.5403376178617367,0
119575,0.5402071254263682,0
121442,0.540205854200835,0
117357,0.5401649656818146,0
118886,0.5400348426711132,0
119883,0.5399509031826041,0
123965,0.5396711473735483,0
122079,0.5395745102945128,0
119571,0.5394940019786624,0
114996,0.5394577616094569,0
125957,0.5393683892225031,0
116252,0.53935995121454,0
126415,0.5392408481960631,0
123172,0.538969930486371,0
118832,0.5389348798907077,0
115754,0.5386795332346412,0
117169,0.5386501979025767,0
118994,0.5384123430331657,0
123996,0.5382299829618746,0
124447,0.5381666587181057,0
117149,0.5379908602018025,0
118484,0.5379599298270348,0
115655,0.5379493649150038,0
117096,0.53794928937243,0
126037,0.5378100716773621,0
126435,0.5377688588886317,0
121150,0.537472447882398,0
125330,0.5373926150216983,0
120741,0.537294094577427,0
117337,0.5372800468800868,0
116170,0.5372144352529893,0
117166,0.5371583151295929,0
119756,0.5371202360735104,0
122551,0.536852743468611,0
124232,0.5364694417858786,0
115617,0.5363689914127225,0
122716,0.5362523248281839,0
116125,0.5361757242522919,0
118236,0.5360264013626104,0
119530,0.5359829494505889,0
122521,0.5357875447470236,0
125947,0.5356828693106332,0
115271,0.53561832141366,0
124714,0.5355845880051109,0
124876,0.5355175310126722,0
117993,0.5355171647031505,0
120932,0.5354668843412744,0
120711,0.5353475182313114,0
121210,0.5352085503600812,0
122582,0.5351866006267219,0
119024,0.5350940752268226,0
127422,0.5349064220476933,0
118370,0.5347299921279043,0
116464,0.5347271935149653,0
122318,0.5347130774916676,0
122853,0.5345497465382156,0
115739,0.534540135355996,0
121962,0.5344129128463899,0
118364,0.5344109508934847,0
116873,0.5340754722335024,0
121673,0.5340380566334536,0
125880,0.5339474447109867,0
120938,0.5338041587774855,0
126047,0.5337254129179773,0
116328,0.5334586095687666,0
121435,0.5333755431020581,0
123334,0.5331853419090997,0
125921,0.5331315200848772,0
119826,0.5331082781131915,0
120218,0.5329767281457342,0
120330,0.5328138822723143,0
125831,0.5328127446101101,0
121438,0.5327445382406616,0
115850,0.5324467442289142,0
118784,0.5324206892117843,0
120268,0.5323642300582677,0
120875,0.5323093728408174,0
122892,0.5322721841721045,0
120006,0.5321896580793601,0
120567,0.532159887259827,0
117182,0.5319514112185997,0
125846,0.5317877652796835,0
120950,0.5316127637138713,0
117437,0.5315006501168442,0
118605,0.5313503745016455,0
119338,0.5313352575843218,0
125624,0.5313306595420235,0
125194,0.5312888158606884,0
124675,0.5312517901952721,0
123364,0.5310400255879149,0
125872,0.5309872584421418,0
120634,0.5307595942891724,0
124047,0.5305118721978296,0
123838,0.5300441727464927,0
124313,0.5300146488697747,0
121473,0.5298002638985804,0
115836,0.5297556394102961,0
119876,0.5296864494631416,0
116000,0.5296365360642777,0
125853,0.5296161061986133,0
126493,0.52954755611139,0
126094,0.5295149465952367,0
115451,0.5294873705770189,0
126470,0.529284450699282,0
125819,0.5288147782042497,0
123599,0.5287140586494621,0
122219,0.528295371009212,0
121768,0.528121543308299,0
126299,0.5279174172980058,0
115991,0.5277782707463816,0
120818,0.5277782332903941,0
123295,0.5275367070207327,0
127306,0.5273506765552768,0
115786,0.5270790290459157,0
116546,0.5270088440108149,0
126137,0.5269660511549826,0
119549,0.5269496415590273,0
120373,0.5268787215429368,0
115527,0.5268227438346121,0
117933,0.5267367077597978,0
124837,0.5265315293112526,0
116695,0.5263472796851943,0
126473,0.5262860092059224,0
119345,0.5262691167681345,0
121865,0.5260888608529685,0
123540,0.5260797163082894,0
127113,0.5259583268280019,0
122599,0.5259208001723203,0
121929,0.525902252464428,0
121380,0.5258544285876167,0
120133,0.5254935837270616,0
117021,0.5253845347086346,0
114987,0.5253759369409545,0
123212,0.5252766800054174,0
124437,0.5252427143031348,0
117185,0.5252116972108417,0
126033,0.5249143995837102,0
118520,0.5246845966704246,0
118160,0.524546942485528,0
126820,0.5243689489417533,0
119898,0.5243383456568946,0
119935,0.5241607045614002,0
123078,0.5241560059650776,0
118466,0.5241455504771586,0
117078,0.5239991953711137,0
118585,0.52393569474187,0
115753,0.5237279414348307,0
124883,0.5236983495769179,0
126157,0.5236870463912865,0
125399,0.5230966408568126,0
125160,0.5230653268392691,0
121232,0.5230555207485571,0
122531,0.5230493372828701,0
117602,0.5229809479965889,0
121920,0.5229092898826867,0
124584,0.5228073603359648,0
118798,0.5228065553614262,0
124227,0.5227688293447735,0
124163,0.5225745006153604,0
127274,0.5225284509875628,0
126264,0.5222924521334719,0
118218,0.5218989497613,0
125289,0.5217534339198671,0
125184,0.5216312674094543,0
115021,0.5215776548744956,0
121056,0.5213952019640004,0
121876,0.5212723102092575,0
123584,0.5212300333001965,0
117208,0.521178002433099,0
116262,0.5210686565447897,0
116995,0.5209569342296728,0
116891,0.5208026524505269,0
125770,0.520657711894291,0
114875,0.5205239273070082,0
122990,0.5204467027724391,0
116748,0.5203823225219656,0
121168,0.5202113465480184,0
119545,0.5201780340211265,0
118634,0.5201511239811619,0
123785,0.5200820456459692,0
118381,0.5200474424597836,0
125334,0.5197934352931438,0
123466,0.5197500293589653,0
120358,0.5197224602356106,0
122587,0.5196271538061394,0
124184,0.519585930422577,0
120980,0.5195336991506617,0
115461,0.5194634322177475,0
121475,0.519448654984795,0
123368,0.519396938511088,0
126332,0.5193626033313459,0
120201,0.5191826296178702,0
125817,0.5188919326024812,0
117843,0.518875475980214,0
126640,0.5185945864583893,0
126356,0.5185825810643155,0
117213,0.5185338258611567,0
119731,0.5182050133871982,0
116390,0.517940246563853,0
114961,0.517888143933282,0
126392,0.5177642933018669,0
122129,0.5175642418232113,0
123668,0.5175252886236624,0
123624,0.5173969918768524,0
120548,0.5171653616854919,0
122627,0.5171431785319625,0
119813,0.5171383194175397,0
117250,0.5171079153425526,0
120116,0.5170606265599677,0
121049,0.5166033509753618,0
116739,0.5164127278931634,0
115658,0.5163552456622932,0
122069,0.5160326355201846,0
118687,0.5159349856965436,0
119290,0.5157068205151318,0
118635,0.515535335930999,0
120936,0.5155056190247098,0
126419,0.5154929756519375,0
119620,0.5154759317502374,0
124499,0.5154063699699998,0
122756,0.5152967355010858,0
121494,0.5152065977370253,0
126310,0.5150806678147168,0
119828,0.5149994631808198,0
126562,0.5148325926757096,0
116483,0.5147423172323509,0
116811,0.5147188344492666,0
125200,0.5146756240990834,0
118467,0.5146431989294928,0
119501,0.5145616099662914,0
116937,0.5144573240371387,0
117002,0.5144300903135467,0
115876,0.5143548453051745,0
124893,0.5139643846082486,0
121190,0.5139019647297537,0
127445,0.5138288258312923,0
118228,0.5138212861280738,0
120002,0.5136891459203802,0
120228,0.5136888270810349,0
118361,0.5136692576730273,0
123611,0.5136632567802923,0
118335,0.5136415220845848,0
116519,0.513537256425106,0
121997,0.5134674050858058,0
115621,0.51327036344548,0
118268,0.5131149837191523,0
123794,0.5130958039352623,0
117770,0.5130681315759991,0
123585,0.5129568379619839,0
125834,0.5126595340681859,0
127303,0.5126489205697202,0
120915,0.5125492384247862,0
115867,0.5123154614121037,0
124705,0.5122827478809353,0
115765,0.5122165198972876,0
118238,0.5121775700174135,0
123963,0.5121013826685837,0
120046,0.5120628654802013,0
115816,0.5120459973957484,0
122071,0.5119764355530733,0
122657,0.5119702750889306,0
124151,0.5119561615324443,0
120798,0.511943989829257,0
120921,0.5116541911507511,0
120157,0.511624097274587,0
120574,0.5115168858546475,0
126786,0.5114393763804135,0
121912,0.5111433535306794,0
115839,0.5109334712827622,0
125505,0.5107722385405712,0
123510,0.5107153853845566,0
117372,0.5106662009329554,0
120466,0.5106246614593144,0
124088,0.5106141489347067,0
119195,0.5105763796694969,0
119619,0.5105035522573323,0
126018,0.5103543028352784,0
125460,0.509983598013275,0
123055,0.5099327504998413,0
115576,0.5098308842026582,0
122904,0.5096451429667646,0
120858,0.5095814741071145,0
126260,0.5088228910503229,0
122187,0.5084353053028399,0
118768,0.5083940211406833,0
121934,0.5083634639066844,0
124787,0.5081601305342924,0
122966,0.5080285878867062,0
125708,0.5078661023125538,0
118397,0.5077316930868707,0
124661,0.5074452888342044,0
115833,0.507298901687089,0
126893,0.5072856627399377,0
122350,0.5072524760500547,0
124183,0.506892583345524,0
119387,0.5065660056456253,0
120945,0.5065584112467812,0
121140,0.5063714924154626,0
123135,0.5062929688056206,0
123213,0.5062770461374484,0
124034,0.5060812350353341,0
122579,0.5060394717049744,0
115852,0.5057866711422601,0
116720,0.5055883096374212,0
115547,0.5055577461206728,0
120475,0.5055452301944674,0
116860,0.5052598658908836,0
116958,0.504979661101603,0
116741,0.5049692636816993,0
125449,0.5047714929671592,0
116977,0.5046943840814824,0
124923,0.5045943784767851,0
120810,0.5045459950568323,0
120279,0.5044034908957863,0
121579,0.5043515579980186,0
121407,0.5042322074552615,0
123747,0.5039807864780669,0
116820,0.5038113708618033,0
115692,0.5034966894918234,0
126114,0.5034867056206895,0
120581,0.5032912427074467,0
120224,0.5031696831769449,0
117172,0.5031669612599585,0
118187,0.5031504000693744,0
120310,0.5031161237631716,0
126560,0.5030757103820324,0
125316,0.503058852675936,0
116468,0.5029900973619922,0
117248,0.5029181874827305,0
122257,0.5026876025465329,0
122041,0.5023991850623438,0
127509,0.5023812489723165,0
117587,0.502247249634823,0
119856,0.5018957081399374,0
121255,0.5018233956246548,0
115953,0.5016738567664561,0
118839,0.5016448557677612,0
116039,0.501483612459734,0
123568,0.5014663800018387,0
124739,0.501277784057523,0
122398,0.5012508172287126,0
122315,0.5011554103814847,0
118934,0.5011440096097737,0
123660,0.5011212351033023,0
127279,0.5010103160564002,0
126076,0.5010077678842859,0
127500,0.500786988501767,0
119138,0.5007620559302058,0
115800,0.5006826556839009,0
118433,0.500213715967118,0
116594,0.50019920252031,0
126748,0.4999452008862245,0
122149,0.49990498532458727,0
126794,0.4998975987488796,0
119626,0.49987332270830087,0
122911,0.4998306667965645,0
118750,0.49974028120445296,0
125488,0.49968927430302246,0
124938,0.49961646449827285,0
125208,0.4995353299805064,0
122425,0.4994835004129699,0
119372,0.49942665281160736,0
121766,0.4991532819245438,0
122989,0.49892953765101233,0
117171,0.49888625380252943,0
125989,0.4988779773917088,0
121355,0.4988727352296076,0
124886,0.4988546561020812,0
123590,0.49882811240324393,0
125086,0.4987306111270991,0
123087,0.4986806896259977,0
118481,0.4985526208073224,0
119592,0.498451717480047,0
115956,0.4982570861138504,0
121788,0.4982212116056994,0
120315,0.49805598704423193,0
115367,0.4979423079203753,0
117810,0.4977581463276685,0
120141,0.4977297397296225,0
125338,0.4977243056230036,0
126340,0.4977102970430372,0
124941,0.4976210379146012,0
119525,0.4976029365021929,0
123749,0.49756825013721245,0
124668,0.4975284007610397,0
121732,0.49746485900905485,0
123032,0.49736201281357306,0
123954,0.4973431681225172,0
115178,0.497334125735067,0
118615,0.49733041896993607,0
126888,0.49728561040327035,0
116088,0.49716527627799284,0
115782,0.4971340104640986,0
124815,0.49709876187936514,0
124518,0.49689073387607935,0
121356,0.49664260875635996,0
119439,0.4962382019131238,0
120059,0.496165990197047,0
116994,0.4961309693245686,0
125290,0.496069029489276,0
120678,0.49591972511681975,0
124276,0.49590924408359427,0
120996,0.4958329241182462,0
123556,0.49566262164568947,0
127288,0.49542266227254494,0
122962,0.4954087612075003,0
125455,0.49536718005623387,0
116321,0.4950346857364702,0
127253,0.4950164956568133,0
126098,0.4949176094834388,0
117441,0.4948652390405021,0
126684,0.4948571908285894,0
118051,0.4948520111009113,0
124652,0.49467723358999965,0
117980,0.49459820555215006,0
125499,0.49447455463784873,0
125859,0.4944166594251183,0
125374,0.4943842363876919,0
116798,0.4943041202297361,0
126889,0.49429679771103663,0
125518,0.4942462003944488,0
119430,0.4941047801727458,0
123279,0.4940614296118821,0
122961,0.4937308882408592,0
115750,0.493604257380626,0
118394,0.4935897909113999,0
116948,0.49350273933993133,0
117659,0.49326026671049644,0
121343,0.49299239236879,0
119586,0.49281332880579615,0
118256,0.49280864421145004,0
115829,0.49271186874483613,0
115150,0.49261860120247136,0
127443,0.4924959355848223,0
124070,0.49239205379946255,0
123895,0.49238798485253243,0
123445,0.4923784479315497,0
125496,0.49236096045959515,0
122161,0.4922358374712472,0
125849,0.49215961158656624,0
117203,0.4920505892438378,0
122601,0.49192784018494057,0
114790,0.49185271302878153,0
127489,0.4915969226340545,0
120744,0.4915789952406823,0
120450,0.49115330379342603,0
116337,0.49096873751154235,0
122208,0.4908911127644555,0
117064,0.4907038146960771,0
119250,0.49063599631923827,0
119313,0.4906008254030938,0
127335,0.4902594801306671,0
115477,0.49011548670504584,0
119420,0.49008113648359664,0
115746,0.48992438024839624,0
116999,0.4897807502382477,0
121761,0.4897205117862706,0
115821,0.4896848135778614,0
125243,0.4895552886786006,0
118877,0.4894610193903034,0
118497,0.4894299174599835,0
118087,0.48941824624359515,0
115456,0.4893749650122639,0
125967,0.48933786432784954,0
118642,0.4892881768463391,0
126874,0.48927013073466524,0
124617,0.4892237640745182,0
119396,0.48912388114820454,0
118402,0.4889043397121798,0
116633,0.4889019048577704,0
117308,0.4888204365964297,0
118269,0.4885342885890215,0
121540,0.48851576601394997,0
115315,0.48848439751420614,0
124154,0.4884382783276584,0
115790,0.488220573284212,0
117549,0.48821728756948707,0
116469,0.4881105331748962,0
124905,0.488095754430305,0
125912,0.4876788952486612,0
115125,0.4876633451853369,0
122018,0.48762437359348915,0
122891,0.4876129989862038,0
122209,0.48759329953604574,0
115607,0.4875804893691304,0
119749,0.48755302788416216,0
116805,0.48749081272928474,0
122826,0.48745950343325484,0
122786,0.48743069421339985,0
115636,0.4873658913327625,0
117867,0.4872655011826866,0
116460,0.48722424328933306,0
125554,0.48716681440097714,0
123614,0.4866285699382794,0
122058,0.4864364565244119,0
120379,0.48639732474818326,0
116632,0.48627396233851644,0
123315,0.48627127029798156,0
119590,0.4861084070141903,0
116473,0.485896162575057,0
122442,0.4858625773917029,0
126203,0.4858320471116016,0
124954,0.48581039569912954,0
117923,0.48575665888273106,0
123687,0.4857468377841663,0
116064,0.48572701897125586,0
120097,0.4851912368871434,0
123189,0.48518851715444467,0
116981,0.48514192194100814,0
123146,0.4850292102662891,0
124385,0.48497736199284136,0
121188,0.4848627490288028,0
115689,0.4848361706799738,0
122474,0.4846941580806357,0
115898,0.4846247373259271,0
119776,0.4846043640204777,0
127047,0.48436546175859674,0
118624,0.4842152238387073,0
120541,0.4840220007314462,0
114844,0.48391343232875494,0
120456,0.4838838304710956,0
124145,0.48377334630168345,0
117094,0.4837092866101221,0
115034,0.4836462392057968,0
120645,0.48338840735441946,0
125097,0.48338445207080044,0
125828,0.4833511681757652,0
123620,0.4833249688210357,0
122416,0.48331778728297764,0
115103,0.4832723238856414,0
123413,0.48326255697724785,0
119771,0.4832233079555516,0
118599,0.48322325375894365,0
117711,0.4830563030909215,0
117056,0.48300178285463713,0
119754,0.48273788709789683,0
117525,0.48261128260860936,0
120374,0.48244946939875627,0
120786,0.48239948061083127,0
117235,0.4823598431445397,0
118004,0.48232805757459296,0
118553,0.4822279744129627,0
119702,0.48206173302477456,0
122143,0.48204592655804734,0
117132,0.48189539597945574,0
125263,0.48188058415339646,0
123167,0.4817120915496747,0
124688,0.4816931304083644,0
126848,0.4816259759113118,0
125436,0.4815569823552737,0
123823,0.48154642720583496,0
127202,0.48139106143659527,0
127525,0.48112756463263806,0
115390,0.48105887441260664,0
120283,0.48086846331926336,0
127077,0.48084772394565223,0
127482,0.48076375345855926,0
119480,0.4803657205532699,0
125937,0.48033733731739053,0
127323,0.480331802864771,0
116336,0.4803070781545008,0
122859,0.48003933014295874,0
124878,0.47994732627912,0
127282,0.47993244171937816,0
116961,0.47970030982599765,0
114858,0.4796080479755236,0
115916,0.4794918223230409,0
126233,0.47948609792323427,0
115985,0.4794633360088118,0
119865,0.4792546496677733,0
116721,0.47908287906752245,0
118307,0.47886971445812376,0
126184,0.4788594407536173,0
115879,0.47879278245953716,0
116656,0.47878277508275846,0
118226,0.47865319341521106,0
115980,0.47838914337118504,0
127287,0.4783741471995607,0
118423,0.47835885873278255,0
121040,0.4778985291283413,0
117103,0.4777902017872539,0
122080,0.47769610851229866,0
127276,0.47762810833852437,0
121834,0.4775944978487946,0
119339,0.47751796230143234,0
120935,0.47751350415059507,0
120078,0.4775098852328059,0
116619,0.4774086045308539,0
120849,0.47726802468630125,0
125482,0.476712654317568,0
126553,0.47670927898590737,0
124645,0.47656997198173234,0
124846,0.4765349996551724,0
122460,0.47641191861263216,0
115307,0.4763755015963138,0
126347,0.4762883414945032,0
122822,0.47619487591144427,0
118200,0.4760965733632484,0
120756,0.4760784880673435,0
123811,0.4758065224253416,0
115849,0.47553036486405986,0
119122,0.47546506957735135,0
121559,0.47536311044436746,0
122975,0.4752781942892541,0
121532,0.4752746561494098,0
122202,0.4751467150532972,0
118579,0.47513281315912725,0
115388,0.4749411499944386,0
127237,0.4748736035559702,0
119852,0.4747708977602555,0
121358,0.47455209871459403,0
115548,0.47444950540649405,0
126017,0.47444100368135667,0
127423,0.47438906514416673,0
126675,0.47408759195282557,0
115294,0.4740853609605178,0
115671,0.47403151152206113,0
126537,0.4740277132112391,0
117899,0.47396265655887937,0
119596,0.4738759267256402,0
118019,0.47380655369575136,0
118337,0.47341941227894685,0
119630,0.47317113111487946,0
117799,0.47306024120340034,0
120402,0.4729551815006813,0
126220,0.4729375515471084,0
121349,0.4727797065595847,0
122152,0.4726044457544191,0
116527,0.4725697685773359,0
125838,0.47250822650806745,0
115566,0.4724858814769633,0
117529,0.47240764986714495,0
119904,0.47204540423116803,0
127080,0.4720419859604554,0
118030,0.4720274453066101,0
115516,0.47171075049807104,0
118836,0.47163706513586573,0
126146,0.4716170558692567,0
121066,0.4712164888267366,0
125796,0.4711372484184267,0
118545,0.47111788330617593,0
120995,0.4710397481748345,0
116192,0.4709626225295327,0
115884,0.47089078035334453,0
126904,0.4708601527631218,0
124052,0.4707674371196942,0
123186,0.47074860105521577,0
123051,0.4704927913976315,0
115299,0.470357082577292,0
126545,0.47034198685263195,0
117421,0.4702903244855135,0
121474,0.47025435270023735,0
118534,0.4700821317882681,0
117595,0.47008056207851595,0
120135,0.4700686556823283,0
123097,0.46999411156598075,0
117139,0.4696990821049735,0
123724,0.46942552187841485,0
118531,0.4694242346509822,0
125998,0.46911328906812455,0
122266,0.46884753550289615,0
118981,0.46868924347201224,0
121783,0.46868330944814207,0
124152,0.4685903288587266,0
120482,0.4685876031726064,0
124531,0.46839729004365505,0
121663,0.46836400929752064,0
126297,0.4682982983240502,0
117824,0.4682570218216091,0
123541,0.46801941919235474,0
116425,0.467964176145569,0
115479,0.4679202996840871,0
124994,0.46789085893443916,0
121896,0.467795025183489,0
117921,0.4677708806438825,0
118392,0.4677462693211836,0
120005,0.46774488082989957,0
118366,0.467684700526001,0
121431,0.4676192281775884,0
122401,0.46749164732191223,0
124536,0.46742628688109594,0
120010,0.4673915729910111,0
117755,0.46735624581159324,0
122097,0.4670827359430351,0
122530,0.4669314763821146,0
122264,0.4665645123447427,0
121999,0.46655550894062187,0
127174,0.466459217612985,0
125979,0.46642799342168717,0
118432,0.4661981154433113,0
118267,0.465928066090639,0
116010,0.46592405514023855,0
125826,0.4656943541771144,0
127351,0.4655729307212919,0
115207,0.46547117743337796,0
126359,0.46541630796508054,0
116349,0.46537154288120053,0
118767,0.4652910867880202,0
116869,0.465215194538503,0
124952,0.46516248914789293,0
121872,0.46512350829755134,0
119484,0.465070390706396,0
120156,0.465019674664702,0
122837,0.4650047913050623,0
117488,0.4648872559397496,0
124709,0.4647116301858343,0
117796,0.4646242047998601,0
127132,0.46456517455025875,0
124980,0.46448048958745164,0
115979,0.46443621007811486,0
119560,0.4643297356177935,0
118577,0.46428500003033585,0
118227,0.4642507591081698,0
125595,0.46420289647336194,0
117432,0.4641853051449867,0
125438,0.46411956952666766,0
126671,0.4639293331009641,0
117658,0.4638117952102249,0
119139,0.46360379664753254,0
117220,0.4635358363277301,0
117360,0.4634109336615098,0
114900,0.4633588178434321,0
123418,0.4633460505652528,0
121769,0.46330317197621623,0
127414,0.46325149108649744,0
117625,0.4631879840600894,0
126230,0.46315974601453685,0
126237,0.46315489934656634,0
117077,0.4631243250844182,0
117088,0.46308958971120245,0
121784,0.4629786563618096,0
123674,0.46294179129270924,0
116052,0.4628267933809429,0
115712,0.462757903356571,0
126266,0.46257746509534514,0
118263,0.4625288257805563,0
115499,0.46236123605090595,0
115699,0.46235256559917587,0
126208,0.4622722132172734,0
117355,0.46175783827924255,0
121402,0.46174128059232517,0
118933,0.4617067651995031,0
117151,0.46142470312103967,0
122393,0.46139977444432334,0
117198,0.46106518353650794,0
118050,0.46097940785773206,0
117212,0.46094838737435784,0
116293,0.4608183072865133,0
125292,0.4607564692294392,0
123755,0.46073128324370205,0
117857,0.46062541309051036,0
117463,0.46060431355172476,0
121382,0.4604940740303173,0
118629,0.46035698792845225,0
116969,0.4603268808470314,0
117092,0.46011216811107974,0
121334,0.45996705390696735,0
115653,0.4597222648329779,0
118538,0.45965051664928325,0
127258,0.45963625034967204,0
126089,0.45945393206236956,0
123901,0.45923757841188884,0
120060,0.45901755879731776,0
121492,0.4588388032246638,0
116736,0.45882378950299213,0
123863,0.4587111598916209,0
119985,0.4586922397576212,0
126142,0.45864763690292903,0
122459,0.4585917628715021,0
118815,0.4585401268130134,0
122893,0.4583794653043311,0
118409,0.45820381848950187,0
117950,0.4581932479926787,0
120411,0.4581408269544937,0
123260,0.45803130443365475,0
120867,0.4579968348951784,0
117775,0.4579948557075115,0
125234,0.45793707303035647,0
116290,0.4579156070160567,0
118679,0.4579135327784354,0
117097,0.4579015593460537,0
116671,0.4577733658102969,0
117582,0.4576128558752255,0
119956,0.4575623562541372,0
123002,0.4575174189797567,0
116335,0.4573592584101781,0
118663,0.4573541015384886,0
119526,0.4572779048321595,0
124339,0.45724786329649136,0
122898,0.4569204135419582,0
115531,0.45677579826050857,0
126467,0.45638387540780795,0
116853,0.4563486669377063,0
123354,0.45632481869184066,0
122394,0.4559556772179556,0
119266,0.45587035455902813,0
120344,0.45581202559601675,0
117307,0.45569982383207813,0
121314,0.4556675061407171,0
122662,0.4555620416510566,0
123735,0.45554789907890025,0
119708,0.4554988701039659,0
123535,0.4554518471378445,0
126389,0.4554000957080446,0
117377,0.45536665827112693,0
126691,0.45536246234748595,0
121955,0.4549751613503595,0
117807,0.4549083920231313,0
118041,0.45484042279064973,0
120230,0.45477950522812244,0
124210,0.4546241549452108,0
122543,0.45460116054758803,0
120455,0.4545095149094715,0
118101,0.4543740009792453,0
118806,0.4543621703675986,0
126559,0.4541575298276694,0
123619,0.45404653689448066,0
116006,0.45396393595974405,0
124992,0.45379761331519847,0
126259,0.4537785891170376,0
124510,0.45368875681006104,0
123860,0.4536514765040958,0
119801,0.4536465384189434,0
124456,0.4536124956816157,0
122405,0.45351421972147493,0
116480,0.4532638522315092,0
126171,0.45312195832498425,0
117970,0.4530140759748214,0
118691,0.45294876900978137,0
121079,0.4529135484941918,0
118398,0.45287537218620066,0
124288,0.4528315706781333,0
125815,0.4524966033572122,0
118164,0.45234667651050925,0
122462,0.4522816915435414,0
117716,0.45223191748650027,0
125509,0.4519535844678904,0
118871,0.45184728055000517,0
115880,0.45176828797369706,0
115167,0.45171037184178897,0
125589,0.4516606006415341,0
125022,0.45142913915777694,0
121526,0.4511014656227671,0
117820,0.4509118574704191,0
121316,0.4508405422489638,0
122107,0.4506675791833249,0
122036,0.45048318841309487,0
125885,0.45029057250984866,0
118549,0.45016791569824943,0
121026,0.4501555480720422,0
116377,0.450090581489384,0
127392,0.44992657569458955,0
126185,0.4498424451494902,0
126663,0.4498177574742707,0
127170,0.44951673611789833,0
127255,0.44951296920925077,0
125750,0.4493696121274618,0
117870,0.44933247863675513,0
120034,0.44918453794157526,0
116295,0.44917237541652205,0
115016,0.44911264318969013,0
127478,0.44903773548194736,0
115013,0.44898376721076716,0
115009,0.4489549213982657,0
121654,0.448870394034086,0
121577,0.4488279506586615,0
115873,0.44878081178543083,0
118286,0.44870972959571465,0
122595,0.4482999616494531,0
117318,0.4482394762347806,0
127454,0.4481477188752859,0
120287,0.4480826745947512,0
117808,0.4480692244397887,0
126092,0.4479160500579543,0
118001,0.44790162115468973,0
118344,0.44763768415003446,0
126523,0.44759482517388627,0
119636,0.44758355192284976,0
122412,0.44745067569439567,0
115734,0.4474438279623801,0
118124,0.4474433279330997,0
119279,0.4473489565565743,0
124666,0.44732949782039094,0
115562,0.44728909502706066,0
123897,0.4472877694354101,0
123417,0.4472376427344306,0
120956,0.4472269563763038,0
115678,0.4472249172510408,0
114892,0.4470217929118771,0
122120,0.446874509095124,0
126490,0.4468408084555557,0
116971,0.4467928166622314,0
116669,0.446658858781603,0
121647,0.44665386396084844,0
124857,0.44650738933917244,0
119411,0.44641755894484053,0
125196,0.446377047851124,0
123056,0.4463442532342182,0
127431,0.44631442801789084,0
115219,0.44616963750318095,0
122942,0.44609552778285966,0
121734,0.44606806768552254,0
117513,0.44604667085742805,0
125466,0.44548544147327696,0
114878,0.44523850457087066,0
123757,0.4452248855656458,0
120965,0.4451319465188907,0
116061,0.4450060532538387,0
124821,0.4449997926919474,0
124748,0.44490243882641695,0
116221,0.44486065306341116,0
127183,0.4448491327501669,0
115778,0.44482473799313726,0
127124,0.44475780952495286,0
120817,0.4445420349337808,0
116670,0.44450472389477363,0
121713,0.4444522416563256,0
127340,0.4444076463609853,0
125958,0.44439371138584655,0
114859,0.4443787718318068,0
125503,0.44432567649276855,0
126022,0.4441496186303072,0
119855,0.44400272063478463,0
127518,0.44387373401296193,0
120720,0.44386128568332583,0
116339,0.44379373320645726,0
120329,0.443743959458286,0
120600,0.4436967477146309,0
115797,0.4436647241603211,0
125546,0.44360372465793746,0
119486,0.443484300856238,0
125382,0.44344586712685674,0
119640,0.4434185506744653,0
123985,0.4433921599157249,0
122512,0.4432984902119546,0
116011,0.44329507473627466,0
118436,0.4432283317451112,0
118205,0.4429368317886681,0
116086,0.4428556836382531,0
118559,0.44279859602282123,0
119118,0.44271129769636286,0
124991,0.44253646075107217,0
115827,0.44247497107476774,0
124603,0.44246702831310325,0
120750,0.4424033153848729,0
124925,0.4423110986191043,0
116719,0.44229500192410237,0
126272,0.44221606190730023,0
124919,0.4420108582501275,0
119261,0.44194347413156687,0
127283,0.44185790130329705,0
117222,0.44172741811917754,0
122386,0.44169445241716887,0
115204,0.4413671483950851,0
120262,0.44135138924587897,0
121365,0.44131997352007923,0
123522,0.44129090312451724,0
121114,0.4410815931228338,0
118323,0.4408035248939339,0
117487,0.4408009050757182,0
116912,0.4407990218847541,0
118319,0.4406970911320074,0
120580,0.4404939187326145,0
121816,0.440255214451725,0
116299,0.44014855067300585,0
121691,0.4399935018447151,0
126542,0.4399849595169903,0
124962,0.4399291332522603,0
124940,0.439919377645734,0
116886,0.43991615664067313,0
119792,0.43989550264828137,0
123102,0.43979846750909934,0
123206,0.43967455660194416,0
120353,0.4395041335918351,0
125513,0.43947762773443605,0
127036,0.43942763260328704,0
124885,0.4394091308538983,0
127119,0.4391982061601634,0
127073,0.4391300998881541,0
124561,0.4390927056533476,0
116901,0.4390593099644702,0
126480,0.43904372069629494,0
122613,0.4390000763275793,0
120746,0.43899816936081126,0
124866,0.4388790835189119,0
122175,0.4385025077006075,0
123759,0.43849196090126114,0
121704,0.4384149246035106,0
119853,0.43830613475682156,0
125341,0.43811245529181037,0
124330,0.4380512883630656,0
118144,0.4379606530017668,0
126486,0.43787973279342585,0
122199,0.43781401352504484,0
124534,0.43773386958090804,0
123647,0.4376989374442077,0
119728,0.43765515669086436,0
125308,0.4376345339711414,0
124255,0.43761417994839025,0
119849,0.43758576841870994,0
116579,0.4375159972143021,0
124188,0.43750096429111335,0
116872,0.4374286999202817,0
116938,0.43726676404487985,0
126941,0.4371646699657067,0
115817,0.4370924504587781,0
120485,0.4368458610874632,0
127018,0.43679442636482696,0
123817,0.436672424501026,0
125303,0.436654235515546,0
124783,0.43650557121418154,0
117280,0.43650475150821283,0
126126,0.43645358556688757,0
127034,0.43644921887483007,0
120955,0.43643162201206803,0
123689,0.4362837524783515,0
117254,0.43626128993246394,0
119717,0.4362104367692151,0
117143,0.43605287966609935,0
123355,0.43600599102245796,0
117911,0.4358543695283167,0
117917,0.435830554992517,0
121675,0.43573119498970037,0
127144,0.4355964763887646,0
125805,0.43553033142204284,0
122659,0.4355044506744844,0
115220,0.4354492787606519,0
117801,0.4353908705390417,0
126665,0.43538086765315925,0
126472,0.43537114009215283,0
125463,0.43531931458596723,0
124809,0.4353070087377579,0
122973,0.43517992226687774,0
121112,0.43514940600603225,0
116157,0.43511543638223854,0
124270,0.4350083653037832,0
122787,0.43499302347931634,0
125375,0.434978138452743,0
124947,0.4349499032704248,0
123457,0.4349487629823514,0
115430,0.4348585159620993,0
118701,0.4348321009132309,0
122678,0.43479943378236763,0
115029,0.4347980152157654,0
117018,0.43474615009881507,0
126131,0.4346934755717212,0
127204,0.43464460969960156,0
116472,0.4345857993676657,0
120264,0.43452616416457845,0
123698,0.43439783473411925,0
118831,0.4341813677533043,0
121678,0.43414444530506346,0
124862,0.43400876784129494,0
121025,0.43390990492232573,0
117245,0.43386214003384643,0
124189,0.4335932126775155,0
123038,0.433539827026692,0
126072,0.4334135336507735,0
118260,0.43339041671449735,0
121555,0.4332970603867175,0
115435,0.4332626160515214,0
118006,0.4332468246282812,0
125791,0.4328134420034159,0
118349,0.43276334484871437,0
115720,0.43271460136159,0
116094,0.4327090853105651,0
119887,0.4326999588008861,0
120900,0.43266912841492033,0
121405,0.4325859886933654,0
121396,0.43252289577226566,0
116761,0.43246367409196196,0
123911,0.43230135448847457,0
115961,0.4323010689226558,0
115405,0.43215962065821173,0
115440,0.43211086738504767,0
115017,0.4320559819946595,0
127393,0.43200185188794554,0
118544,0.4319948737261521,0
124789,0.4319719257233814,0
125807,0.4317554383529274,0
116298,0.43166062418308077,0
122059,0.43142979331633846,0
121575,0.43142822803863523,0
127341,0.4310277884440998,0
116651,0.4309647572595621,0
125914,0.4309464427537897,0
118388,0.43085269545202354,0
126156,0.43078295532668165,0
123524,0.430693476517922,0
118282,0.4306619175601884,0
122984,0.4304811631525762,0
119933,0.43040788897128796,0
120124,0.4303832055904503,0
117497,0.4303708864205705,0
126149,0.43010689207855546,0
119225,0.43010163542195795,0
120470,0.43005411170050606,0
119178,0.43004809616917167,0
119459,0.43004676820554816,0
117988,0.4298821781067918,0
119847,0.4298273556428404,0
123645,0.42970175198100186,0
119848,0.42959142607891926,0
120462,0.4295606348398894,0
115972,0.4294935990529694,0
120807,0.42936561212744107,0
122943,0.42922855753570177,0
117666,0.4292068386573938,0
125076,0.42916130123889284,0
126032,0.42912907687219,0
127326,0.4290508304612715,0
127046,0.42890117808376516,0
118068,0.42888450846660603,0
123789,0.42882523596854505,0
116884,0.42876045558584175,0
122767,0.4286740303359088,0
122125,0.4286302767144267,0
116204,0.42862541433139145,0
119464,0.4284246260206366,0
126769,0.4280376888771236,0
123854,0.4279943467776696,0
115128,0.42757201921689586,0
126855,0.4275048469802848,0
115286,0.4273977285100519,0
123214,0.42703755729348697,0
119768,0.42689882268609,0
115710,0.4268302926613262,0
118072,0.4268214779906751,0
124247,0.4267796926420508,0
122464,0.42677148736268383,0
125938,0.4267625214126677,0
126819,0.4267363046025758,0
115741,0.4266927363587233,0
116982,0.42647478302314673,0
120318,0.42646624090685775,0
117081,0.4264236499183931,0
117282,0.42620103589274594,0
126387,0.4260801233737647,0
124828,0.4260630532023516,0
126096,0.4260152129605722,0
122295,0.4260113629517879,0
117771,0.4259966450614722,0
120803,0.42593671983820014,0
120768,0.42590625475058147,0
124633,0.42590386064174285,0
115767,0.4258872258332082,0
115808,0.42577050638482467,0
125175,0.4257581925020497,0
117621,0.42571900628691434,0
115803,0.4256919324124122,0
126500,0.4256592945506573,0
126597,0.42565283682482813,0
120490,0.42563644888412056,0
124280,0.42561958069418304,0
118459,0.4255919112968965,0
121892,0.4254957217128638,0
117136,0.4254272575077011,0
122732,0.42539141594875995,0
123518,0.4253865825158126,0
118156,0.4252907349573743,0
117388,0.4251334834731996,0
121022,0.42512972546356387,0
115612,0.4250007977066388,0
124967,0.4249879337941966,0
116427,0.4249499464959229,0
122842,0.4249227147031222,0
119278,0.42491788365277783,0
117275,0.42490200696420716,0
119747,0.42488322506391163,0
116686,0.42478903834260634,0
121584,0.42446346262468404,0
127215,0.42440711886284893,0
122363,0.42415901283830193,0
121370,0.42413422169247894,0
118582,0.42410313097485514,0
121636,0.4239802934778172,0
116698,0.42395630882936275,0
122706,0.42395239482917707,0
115677,0.42389600228117114,0
117330,0.4238722338626041,0
121975,0.4238703234044756,0
123497,0.42386298914506426,0
115928,0.4238398739810255,0
125273,0.4238250538758032,0
117008,0.42381496054175705,0
126604,0.42364454005602487,0
118902,0.4235973222530244,0
116915,0.4235837892154206,0
119931,0.4234252985493434,0
122630,0.42332905168459795,0
122875,0.4232875569397081,0
118591,0.4232230362939054,0
124033,0.42320661549777494,0
125767,0.4232034739590877,0
123071,0.423142601879947,0
116974,0.42309661518902275,0
116046,0.42302337419531955,0
115713,0.42293254115007906,0
114975,0.4229287983732152,0
118438,0.4229195415065379,0
124951,0.4228561230261555,0
122232,0.42266115921610664,0
120120,0.42263309810257127,0
122423,0.4226266324855329,0
118940,0.4226207714349885,0
124990,0.4226014654486345,0
124625,0.4225450166347873,0
124272,0.4224760483873565,0
118114,0.4223895386631303,0
117965,0.42226976777860914,0
125122,0.4222311174947142,0
121062,0.42205946094366725,0
127223,0.421998649338035,0
116196,0.42192923534515214,0
116536,0.4219170001749729,0
127067,0.421839947490443,0
116416,0.4217963903226332,0
124800,0.4217876497244087,0
116955,0.4217169368661426,0
117044,0.4216915807132876,0
118652,0.4216432447494843,0
119403,0.42162882724939194,0
120808,0.4214045216044917,0
118862,0.4213692886369573,0
123326,0.4212233980926953,0
122658,0.4212194018151425,0
119558,0.42118773675729776,0
124317,0.4211561222925435,0
116345,0.42108891498284934,0
124614,0.4210767036567276,0
118099,0.42105205088443765,0
122964,0.4210437084598215,0
118919,0.42098024182062427,0
120766,0.4209533384783039,0
114992,0.42073720572355255,0
115131,0.420726972747222,0
121166,0.42063402932495003,0
117099,0.42059193931077843,0
122754,0.4205864621866271,0
123450,0.42029870534019875,0
121327,0.4202665306846897,0
127471,0.4202279178579265,0
118782,0.4201481628737559,0
123641,0.4201283387578927,0
120052,0.4200895261587568,0
119561,0.4199816698772971,0
119404,0.4199512984255415,0
126007,0.41966627723285316,0
121870,0.4196605338394706,0
123847,0.41953998750083915,0
116893,0.41951677116334374,0
125485,0.4194699149115423,0
117201,0.4194442599031596,0
118975,0.41934057588685886,0
115439,0.4193272945890161,0
122026,0.4192658443470232,0
124236,0.4192290204100548,0
115863,0.4192095113721713,0
117556,0.4191576572338376,0
117523,0.4191512813544958,0
122305,0.41896741827756406,0
115160,0.4189167017068203,0
124399,0.4188441994578333,0
124814,0.41878607010410107,0
117797,0.4187465315819471,0
125180,0.4187100995133396,0
124106,0.4186957420266754,0
119638,0.4186905352169338,0
125528,0.41864369025494436,0
116964,0.41853837978117264,0
121777,0.41838519419771164,0
123305,0.4183776103833564,0
115705,0.41826491330297483,0
121994,0.41818067943915554,0
114846,0.4180628517230551,0
120167,0.41790759867479765,0
119531,0.417863629170052,0
124422,0.41781477692858277,0
115364,0.4176933404863299,0
120091,0.4176726082206249,0
118385,0.4176061870996098,0
116041,0.41750211448768093,0
123437,0.41727710973702065,0
118298,0.4172418708943256,0
125670,0.4172056890304473,0
118867,0.4170388892302392,0
120457,0.4170078929968921,0
124107,0.41698783583488563,0
122825,0.41697873836033145,0
127462,0.4168465308312978,0
118108,0.41678852803943645,0
126799,0.41672911734538304,0
117292,0.41663862463527124,0
125681,0.41662755872946905,0
116062,0.41660385606578854,0
118321,0.4165877339021285,0
115775,0.4163587917604851,0
125984,0.41633808972017516,0
125784,0.41625093589401574,0
118277,0.41623611145786077,0
118305,0.41615760738810464,0
116587,0.4160788943469797,0
123218,0.41592313458115954,0
117135,0.41573083917056347,0
124806,0.415691749943359,0
122439,0.41565188690015836,0
117483,0.4156138935726607,0
123247,0.41548022700615433,0
122015,0.4154447820141309,0
120954,0.4154364215565244,0
114810,0.4153831550771836,0
125747,0.4153576217889487,0
117478,0.4153453274166518,0
120463,0.41520140994661936,0
123420,0.41514558260282003,0
121722,0.4151063138489421,0
115570,0.41509881539803,0
126730,0.4150430238954264,0
127469,0.4148456384006654,0
127302,0.41483778202029264,0
121228,0.41476640933089903,0
125902,0.4146724483526575,0
114838,0.41441472038205446,0
122190,0.4144115031882058,0
124455,0.41441033748845607,0
116646,0.414391817297841,0
119297,0.4142179417133816,0
115533,0.414160802917014,0
126135,0.414124451780703,0
125492,0.41412093670264283,0
123797,0.4141102883129858,0
122593,0.4140176014881123,0
118460,0.41398465834983533,0
116570,0.41394087727356604,0
120519,0.4138126308326478,0
127444,0.41379381302069673,0
115558,0.4136733211791833,0
125634,0.41365434557095987,0
121640,0.4134484194073059,0
123192,0.4133793479351986,0
118058,0.4133617749678647,0
117472,0.41325916846769056,0
118876,0.41322252382986896,0
127456,0.41311096956407484,0
123572,0.4130989977540548,0
119447,0.4130617821789292,0
123384,0.41299578818910077,0
119657,0.4129640056234583,0
122846,0.4128615178863892,0
118603,0.41283121498816727,0
125982,0.4127378608149136,0
124563,0.41254613556672026,0
125540,0.41251264893352413,0
120738,0.41245432543850374,0
121867,0.41240022654723635,0
125044,0.41236237253616465,0
123129,0.4122238108248302,0
120422,0.4122205500598539,0
121550,0.4121359597532217,0
124269,0.4121308903676095,0
123081,0.41189724052102816,0
117780,0.4115466556754582,0
120795,0.4114973217264583,0
116532,0.4114575770483651,0
118521,0.41137480967868906,0
116140,0.4113747152115154,0
122168,0.4112013746845052,0
117042,0.411198926495932,0
119748,0.41113530084910876,0
123164,0.41105801109111617,0
120115,0.4110202849154523,0
127180,0.41097140770655927,0
120537,0.4109609850625142,0
123501,0.4109357629488242,0
118628,0.41092047186493463,0
117007,0.4108966889421575,0
118569,0.4108923570728747,0
125191,0.41079695151589696,0
127368,0.41049464773010835,0
122955,0.4103938438334902,0
123686,0.4102497911997831,0
121366,0.4102433422812098,0
119698,0.4102401696816371,0
125960,0.41019250368809174,0
125733,0.4101914901640904,0
127260,0.41014829719598905,0
127192,0.41014646751489386,0
123014,0.4100590420687053,0
118202,0.4100482053276949,0
120182,0.4099328206640269,0
119789,0.40985988158190917,0
115686,0.4098105194476011,0
127367,0.40977280044300446,0
123743,0.4097034042552299,0
119781,0.4096409282272932,0
120208,0.4095213223193428,0
123657,0.4095052391201816,0
127452,0.4094643231595317,0
116605,0.4092168515618685,0
124428,0.4091607297187153,0
120058,0.40915537013373954,0
124345,0.4090492498416073,0
126103,0.4089848228341796,0
125413,0.40893654311434036,0
126030,0.40884537512517194,0
126177,0.40882677670831696,0
125188,0.40881425722014625,0
118708,0.40880741222673067,0
118734,0.4087886853898246,0
116372,0.4086724544759304,0
119605,0.4086527010488646,0
123971,0.40856374090539377,0
116729,0.4084994959130733,0
127446,0.4084841989134507,0
119179,0.40846773864511826,0
119129,0.40842615090514256,0
116843,0.40833190413049103,0
117394,0.40832940926916084,0
114973,0.4081403863621017,0
121449,0.4079723343445942,0
123215,0.40796687136369997,0
118111,0.4078457726862372,0
122253,0.40761946975355584,0
120973,0.40761069162792607,0
125174,0.4075680091462098,0
120371,0.40754977247315594,0
116688,0.4074534350058402,0
116065,0.40731572725527593,0
121603,0.4072424078234737,0
127211,0.4072361605553423,0
126287,0.4071713832914907,0
114827,0.4071519631900511,0
116270,0.407044464150941,0
117701,0.406980579976421,0
118107,0.4069433403654257,0
121426,0.40692328005547906,0
123426,0.40688051270077435,0
123403,0.4068701919526273,0
124769,0.40683751201017876,0
125111,0.40681894472683944,0
125276,0.4067715901644611,0
127433,0.40663343943672875,0
121231,0.40659861234938194,0
120442,0.4065839272068777,0
118944,0.4065747576611962,0
119451,0.4063500913340432,0
122745,0.40632341224150237,0
117154,0.4060906881196975,0
114857,0.4060072688459851,0
123925,0.40596841459969824,0
115194,0.4057351473733077,0
122760,0.40573089171043925,0
125752,0.4057116885208367,0
127438,0.40565258061895115,0
124530,0.4056416800939825,0
123017,0.40563753985006795,0
123958,0.40559531075321875,0
126667,0.4055674393416266,0
122815,0.4053441070700551,0
125530,0.40528966959937796,0
115877,0.4051795102651291,0
115211,0.4051304868289652,0
123453,0.4050931423613518,0
116816,0.4050915960195492,0
115158,0.40508125497029585,0
119514,0.405039370788282,0
119704,0.40496394249934503,0
119823,0.40488355273561205,0
120838,0.4047885830400462,0
125205,0.40475680082181664,0
124812,0.4046078691620728,0
122590,0.40458529789089465,0
120874,0.4044603883114868,0
120814,0.40432473176140515,0
123047,0.4043107159900965,0
123722,0.4042807498415849,0
119836,0.40427236987483545,0
125889,0.40416750528162676,0
115857,0.4041209129346103,0
119631,0.40406972953874754,0
123920,0.40401234901613614,0
123709,0.4039591715445879,0
115841,0.40392173945249177,0
117207,0.40387331146130945,0
119221,0.40385844084370953,0
118830,0.4038057769653301,0
122840,0.4037338731572139,0
126905,0.40369925416046165,0
121467,0.4036806534264407,0
124265,0.4036420969300552,0
125510,0.4036414997831594,0
122027,0.40362846567979244,0
115777,0.4035363756082806,0
127114,0.4035079478105882,0
121586,0.4032333680648067,0
127442,0.40322158275310505,0
120689,0.40316436509752945,0
126093,0.40302111423139514,0
123431,0.40289357414140603,0
117335,0.4028386753817511,0
126059,0.4028312114853424,0
124715,0.4026624292102871,0
126186,0.40262783238632793,0
120762,0.40253636589491554,0
119693,0.4025224596212679,0
125348,0.4025141882413776,0
116535,0.4024400387690971,0
126483,0.40235100786989303,0
123562,0.4023371366051465,0
123615,0.4022684419223321,0
117284,0.4022497764389612,0
116329,0.4022466398290489,0
126858,0.4021637400561783,0
117299,0.4020530696514916,0
119145,0.4018863846217537,0
126005,0.4018808705660775,0
117329,0.4018376141453379,0
119938,0.4018340018545105,0
122470,0.4017649498001135,0
117907,0.40170849028302885,0
126423,0.40159657447717784,0
125602,0.40159152162859146,0
116495,0.4015477110246576,0
124889,0.4015200963456869,0
118086,0.4014529948817688,0
118018,0.4014312548735914,0
118217,0.4014079468696678,0
118420,0.40124697091799,0
117165,0.40119355919116645,0
125103,0.4009576458434809,0
119064,0.4009413241123326,0
117075,0.4009188745891102,0
117321,0.40091624720679264,0
115561,0.40073423249178775,0
122023,0.4007315627890182,0
127362,0.4007245204191928,0
126625,0.40061361299799525,0
121339,0.40055688734627165,0
124138,0.40028676417814685,0
122922,0.40027513424866823,0
126021,0.40023204790310674,0
120309,0.40004310739209126,0
121627,0.400026766247023,0
116584,0.400003108371033,0
123439,0.399963252297806,0
117285,0.3998635708305873,0
126179,0.39983421878866504,0
117995,0.3998101289301287,0
119588,0.3997193122215767,0
119760,0.3996473665819816,0
117252,0.3996460891244795,0
115422,0.39959087631497375,0
123513,0.39947339095126133,0
122695,0.3994624760125465,0
123080,0.3992367773972591,0
126579,0.3991824690701434,0
120362,0.3991048641589499,0
115521,0.3987485858375831,0
125604,0.39872209361639893,0
115690,0.3986895320613933,0
121778,0.3986088391143879,0
118645,0.3985711554826785,0
116149,0.39846788362653124,0
120121,0.39846669592016115,0
120713,0.3983113686279023,0
120015,0.39824433375277346,0
115735,0.3981667595342656,0
120496,0.3981609370231902,0
121060,0.39808588271479384,0
115792,0.39805769863940454,0
115130,0.3980419252114642,0
115425,0.39803419254437833,0
117691,0.3979029285040041,0
114968,0.39790099745257174,0
116409,0.397709269449878,0
115625,0.3976380882096158,0
126775,0.3976380632613883,0
125711,0.39754402108918274,0
120646,0.3975265317284363,0
127102,0.3974134339326858,0
126112,0.39739900706442066,0
127219,0.397356325333908,0
116545,0.39735489501140125,0
121874,0.3972525250258156,0
118515,0.397225268618215,0
123414,0.3972146002463026,0
118354,0.39720682514098105,0
125079,0.39716163048082,0
119539,0.3970234532691702,0
119743,0.3969342284297514,0
124776,0.39692385448531115,0
126058,0.39680461045876075,0
125272,0.39674731770286026,0
115984,0.39671791406315937,0
121672,0.39667934353965184,0
116396,0.3966739713146806,0
126531,0.3966430747072021,0
121063,0.3966292186885507,0
116284,0.3966022218744555,0
124153,0.3964371568363845,0
120427,0.396355648749875,0
125320,0.3963102912981093,0
123352,0.3962215821772251,0
124170,0.39617283671427334,0
125654,0.39616398973401984,0
127118,0.3959135330733971,0
116220,0.3958982068206144,0
127264,0.39577594732836496,0
115025,0.39573260587147585,0
117267,0.395481152236021,0
120675,0.3954635787930659,0
117315,0.39535923710194326,0
125818,0.39519261002640654,0
118105,0.395145655117966,0
122533,0.39496044082513676,0
118527,0.39493335715161554,0
123484,0.39490341264846407,0
117433,0.3947573340402806,0
122542,0.39470371158312173,0
127197,0.3946744397950273,0
126381,0.39466966312611773,0
121208,0.39463723899180214,0
121831,0.39455831254126406,0
125321,0.39454821369310145,0
115471,0.39454465054384175,0
124360,0.39450327318221906,0
126954,0.39450109500636193,0
118942,0.39442427791486606,0
126642,0.39437669637736505,0
117728,0.394344486737653,0
127332,0.3941388543064925,0
121596,0.3940403393489217,0
117229,0.39400010985430334,0
124669,0.3939928939918685,0
122167,0.3939688986064314,0
126869,0.393844379679757,0
122494,0.3938343858483445,0
126105,0.39376558417014973,0
123575,0.39370654941592437,0
127383,0.3936634294198517,0
126518,0.3935793455001875,0
120181,0.3935484742772181,0
114899,0.3935382528079117,0
120555,0.39345062234347367,0
125860,0.3933411695683873,0
126083,0.3931832594306704,0
122389,0.39314187808845424,0
124751,0.39309657077266635,0
123022,0.3930252015144214,0
116667,0.3928437017969923,0
119587,0.3926198578067295,0
115796,0.39259452099880726,0
126459,0.39255160643434456,0
122866,0.39254050387111533,0
118808,0.39249043563514235,0
121885,0.3924800047449948,0
115222,0.3924643136823502,0
125673,0.3923361288693292,0
125055,0.3922590927721005,0
123813,0.3921763845774202,0
118113,0.3920628670940155,0
118119,0.3919746716470791,0
126204,0.39195702310637653,0
121132,0.3918679240093942,0
125018,0.39186572219290167,0
124285,0.3917146431281793,0
127203,0.3916697655184497,0
119212,0.39161109450038795,0
121280,0.3915630075042038,0
125140,0.3914402232347412,0
125161,0.3914246228873077,0
127068,0.3913642481938301,0
123595,0.39129526336737014,0
117085,0.3912861096034153,0
123035,0.3910341829606856,0
126026,0.39089549358467846,0
126957,0.39086371405370757,0
118387,0.39069658214668246,0
120893,0.3906148057953016,0
115673,0.3906041584768072,0
126755,0.39060284896624237,0
125210,0.39060215103919305,0
124436,0.3904892825461329,0
116002,0.3904631751530553,0
124139,0.39044847162118684,0
122277,0.39038444760508095,0
126516,0.39007623115144535,0
118752,0.39005542820764527,0
122747,0.38999510220742034,0
117040,0.3898521450667394,0
126966,0.38973696244078243,0
115545,0.3896578661502978,0
117281,0.3896465320489825,0
116385,0.3896234469488587,0
119433,0.3895971021874557,0
123638,0.38956396378957436,0
119871,0.38953405271435104,0
120216,0.3895306759755284,0
126718,0.3894321529135311,0
125935,0.389304086874843,0
123822,0.38916792010970813,0
117456,0.38904978353540537,0
118266,0.388975425172721,0
120834,0.38889802620541347,0
118869,0.38889541714073056,0
119131,0.388877983155326,0
123578,0.3887969836569871,0
118061,0.38878035686203294,0
117343,0.38873231685326187,0
122068,0.3887293360071524,0
122562,0.388684907113402,0
127475,0.38856789611236947,0
115041,0.3885674177949355,0
125973,0.38829051990033153,0
121320,0.3882657550805821,0
119222,0.38809866737442483,0
124093,0.38807183643304427,0
124597,0.3880354547176441,0
126235,0.38802578766243734,0
116283,0.3879772745679713,0
125561,0.38796273094231426,0
122827,0.3879348425280157,0
125206,0.3878057329440023,0
118681,0.3877912514886623,0
120944,0.3877675044269852,0
121625,0.38775280935730017,0
121604,0.3877363470784595,0
127164,0.38769346950663836,0
116799,0.3876777907493365,0
118084,0.38765397409190366,0
123312,0.38762503648099805,0
126067,0.3876120689739532,0
116334,0.3875877108967449,0
125251,0.38731430515905824,0
118170,0.3872460500751622,0
127168,0.38721066885879657,0
115474,0.38709161856311314,0
123613,0.3870103288139391,0
124945,0.387008910376072,0
118122,0.3869356835932603,0
124172,0.3868772390910038,0
117554,0.386831163549932,0
121810,0.3868227240200028,0
119474,0.3867510312812709,0
121350,0.3867190516094824,0
115733,0.38671555958169396,0
122139,0.38671540433635626,0
123363,0.3866993876087194,0
124097,0.38667404826376933,0
121005,0.38660381953173867,0
123454,0.38654436052593566,0
115864,0.3865317641683025,0
124067,0.3864636510365904,0
120833,0.38643239509431876,0
123233,0.38640516560314886,0
122963,0.38634823031406457,0
119552,0.3863083836387855,0
119517,0.3862821515282308,0
115732,0.38627669707384643,0
123045,0.38627322425027527,0
126242,0.3861029795209009,0
126704,0.3860873110603451,0
120709,0.3860392020333357,0
117349,0.38602498708462246,0
126284,0.38594275300152736,0
119949,0.38592240058458754,0
122038,0.3858395203103821,0
121922,0.38568827392341776,0
115079,0.38563646242105404,0
115855,0.3855804690326684,0
119423,0.38551873312846874,0
118493,0.38536301856637173,0
126139,0.3852987214388345,0
126731,0.3851867631504711,0
122568,0.3851750157088422,0
116655,0.38503111637683307,0
126395,0.38502582937358687,0
115337,0.38497248421497116,0
125259,0.38489911070454513,0
123683,0.3848453634679898,0
115669,0.3847747673952666,0
125598,0.3846970441537421,0
123990,0.38468285653086065,0
121235,0.38466135912170085,0
122131,0.3846546971135411,0
118437,0.3846268939436714,0
123866,0.38452377974692026,0
121683,0.3844581949070197,0
115010,0.38445430154739535,0
123855,0.3844525877259671,0
117312,0.3844488311781184,0
125821,0.3844157393084438,0
126349,0.38427951293771356,0
127230,0.38413241656337155,0
124701,0.38407719585808275,0
120901,0.38399459839471384,0
126728,0.38396199310776014,0
117110,0.3839240799910989,0
117532,0.38390547610103515,0
119014,0.38387950497527557,0
121700,0.3838413176967768,0
125179,0.3838195802843422,0
126514,0.38372846703713215,0
122376,0.38368465513426414,0
117080,0.38346255752592495,0
121138,0.3833944654956814,0
115209,0.38336218785465287,0
118193,0.38334333370317597,0
123554,0.3833294110323706,0
122660,0.3832968389291805,0
120608,0.38320910750586645,0
115745,0.38320893746522755,0
120004,0.3831789864231649,0
125792,0.38311431107201416,0
124542,0.38296107286274617,0
121498,0.3828725934175954,0
126963,0.3828225332969393,0
124744,0.3827877175401492,0
121733,0.3827497639024356,0
118853,0.38273816994618653,0
119426,0.38273367137430375,0
118374,0.38271908039442537,0
116547,0.38269014923843325,0
123467,0.38265895882312695,0
127173,0.38263027872855926,0
116225,0.38260971716133735,0
118945,0.3825777771100324,0
119262,0.38253615919998457,0
125134,0.3824635322678736,0
122100,0.3824579726473871,0
115458,0.3824288211982818,0
122130,0.3824157490011582,0
123961,0.38239870072982424,0
119805,0.3823099138916305,0
125033,0.38220471319181804,0
121202,0.3821836188849631,0
125798,0.3821827530516315,0
120322,0.3821754713076379,0
117730,0.3819899460519112,0
126844,0.38171896076575,0
120225,0.3816541560549433,0
118512,0.38148047537817126,0
121747,0.38140930920681276,0
115449,0.3814075043822938,0
122831,0.38137662261672634,0
122298,0.3813409288638297,0
117348,0.38125884303918084,0
114985,0.3812270853285028,0
126856,0.3812217859086468,0
123932,0.3812217309111518,0
121032,0.3812188750652053,0
125110,0.38115836794045255,0
117114,0.38111655930088867,0
121461,0.38110788378289345,0
120476,0.3811017699271005,0
125217,0.38109132967541065,0
126406,0.3810695498315058,0
125520,0.3810405880493889,0
117708,0.38103234981809414,0
124214,0.3809862496653421,0
122390,0.3809790546894968,0
123203,0.38080948142378196,0
120729,0.38077986972548233,0
115602,0.3806905679836343,0
115091,0.38049693983437144,0
122279,0.38042826805440816,0
125808,0.3804276370902206,0
118261,0.3803852784203117,0
118592,0.38032837820334525,0
125924,0.3802930932993276,0
120544,0.3802659989724165,0
117581,0.38026323605764556,0
125049,0.3802189170835971,0
119172,0.38015052450028564,0
118888,0.38008829577040637,0
123998,0.38002302574959224,0
115283,0.3799067242787036,0
119076,0.3798797220617612,0
118894,0.379863335673761,0
124729,0.3798508503001738,0
122540,0.37981574484749253,0
123118,0.37962044925770366,0
116909,0.379593646387785,0
123972,0.37956695007329044,0
125668,0.37955328376856207,0
116494,0.3795517034669218,0
119102,0.3795455187482899,0
122534,0.3794437236155565,0
126881,0.3794380856857559,0
121478,0.37941372248243926,0
127156,0.37934125338865593,0
120305,0.379317807459941,0
124949,0.3793136269464449,0
117637,0.379305723191393,0
116930,0.37921279657803164,0
125768,0.3791943895903842,0
120560,0.37914482645887687,0
118540,0.37912813164064924,0
124963,0.37904764277125724,0
125786,0.3790099225341877,0
123982,0.37896596415316136,0
117695,0.37871358409917005,0
118777,0.3786148019827391,0
124482,0.3785208712689576,0
115183,0.3782711585753194,0
124182,0.37825380563476124,0
127339,0.3781574230961194,0
123302,0.3780225381926999,0
127205,0.37783797217053133,0
124934,0.37781485161184775,0
127473,0.3777799828379564,0
126547,0.37771235725387275,0
121595,0.3776370251615305,0
124842,0.3776235115497017,0
123844,0.37758610616327737,0
126428,0.3775486713658458,0
123462,0.3772364694011063,0
118141,0.3772346930818439,0
118969,0.37717113458057494,0
126631,0.3771232396383572,0
120552,0.37709216618499086,0
117793,0.37701799767424504,0
115426,0.37700128092760127,0
121702,0.37692389119952563,0
124937,0.37691615181780525,0
116770,0.3768709309702342,0
118980,0.37682304478892004,0
117306,0.3767030393890794,0
121108,0.37669288355817265,0
122829,0.37667818535470166,0
126328,0.37646380082738323,0
116128,0.37636415383578525,0
122663,0.3762895074859948,0
119149,0.3762585266578501,0
124166,0.37619101383699965,0
115378,0.3760926779383148,0
125869,0.3760510392493587,0
116158,0.37602331345632317,0
123016,0.37595575955928195,0
120217,0.3759289280427523,0
123928,0.37589955483953735,0
124827,0.3758395754393341,0
117813,0.37574377178712365,0
121158,0.37571889948342657,0
125170,0.3756405158602181,0
123631,0.3756329863031216,0
115020,0.37562274287369046,0
123325,0.3755878117386005,0
116934,0.37557541971327096,0
124848,0.37547832449758073,0
118964,0.3753549576518832,0
126574,0.37533543638638933,0
116950,0.375310897586151,0
122697,0.3751378536817277,0
119998,0.3751139008609059,0
127171,0.37507205765037216,0
122936,0.37503250084279277,0
116001,0.37498749668342124,0
121020,0.3749784792231601,0
126499,0.3749729083917168,0
118892,0.37487683174969244,0
125497,0.37487059161936614,0
115434,0.3748548649587243,0
123281,0.37474431639061434,0
127210,0.37472520275373916,0
118450,0.37468614390041277,0
125412,0.37450629470832697,0
126802,0.3743731382226795,0
117545,0.37433435743303534,0
124305,0.37430806575866116,0
123170,0.3742971018836591,0
116890,0.37429311634592055,0
117012,0.3742627335087742,0
117852,0.3742569674180323,0
117901,0.37417707652724486,0
121311,0.37409726779470837,0
124691,0.37409084819405997,0
119477,0.3740667121108741,0
117841,0.37404419365286906,0
118094,0.374042563553341,0
124545,0.37403990439289564,0
117866,0.37402354788156117,0
124197,0.3739533724782529,0
124121,0.3739053044694598,0
120219,0.3738512993047656,0
122231,0.37379818739598264,0
126563,0.3737009624583339,0
118856,0.37369393639974874,0
117761,0.37364019153199257,0
120890,0.37341218770803186,0
119100,0.3734083356614478,0
116003,0.3733943890299634,0
117274,0.37331568563659534,0
118925,0.3732708336474657,0
117049,0.3732334607860774,0
115188,0.3731530793913265,0
126721,0.3731354256968327,0
119422,0.37296913230969203,0
123130,0.3726463749517221,0
116147,0.37254352979561434,0
120501,0.3725335153259287,0
122702,0.37240134978350353,0
121363,0.3722300537731573,0
116071,0.3721981442784305,0
115787,0.37190602657870603,0
122589,0.3718968611408641,0
119520,0.37183346052779387,0
118308,0.3718332295022893,0
124389,0.3716457115490128,0
127053,0.371621740057608,0
125594,0.37154374253453243,0
124458,0.37145841029148235,0
117389,0.37143065186053176,0
127027,0.37134090170014217,0
126725,0.3713057933241784,0
125285,0.3712845562390375,0
124423,0.3712831365838655,0
126136,0.37113082090870164,0
126345,0.3711257596121405,0
117271,0.371110924327898,0
123398,0.37107569670743795,0
127011,0.37100743914418133,0
119452,0.3709617815354849,0
120740,0.3709102851232919,0
122937,0.3708724586434331,0
123309,0.37081347378650015,0
127049,0.37079372310623254,0
120445,0.37075215741791867,0
125950,0.3707418597741945,0
115341,0.3707381381074986,0
122675,0.3706917069623059,0
119031,0.3706045383336016,0
121361,0.37057173004949556,0
126481,0.3704669438305788,0
118491,0.37032628619610103,0
124338,0.3702883562204275,0
126070,0.37024575567426043,0
115282,0.37014968148843763,0
117811,0.3701473564171653,0
117679,0.3700853669798243,0
123632,0.37008170728844497,0
121331,0.37002865431227455,0
125318,0.36992845712940503,0
115139,0.3699048714533599,0
125274,0.36984715866587936,0
117048,0.3698419731258382,0
114943,0.36957048405295806,0
122926,0.36955432699681373,0
116477,0.36951252774856724,0
117043,0.3695032527645038,0
121878,0.36949877678704784,0
117897,0.3694516034797867,0
118859,0.3694420909084768,0
119919,0.36943260250133003,0
125123,0.3694152220804215,0
119267,0.36940404974282687,0
116946,0.369391618787193,0
118284,0.3693383959210713,0
127325,0.3692510724892548,0
115950,0.3691426966414526,0
127251,0.36900970241594294,0
115433,0.3689610405829367,0
124310,0.36893582276264353,0
125758,0.3688635541890588,0
116640,0.3687354762108629,0
123661,0.3687346020707591,0
123710,0.3687336793564732,0
125392,0.3686085245891157,0
120172,0.3685792496278411,0
115225,0.36849817691731723,0
119004,0.36828353589475965,0
116684,0.3681770897268112,0
126866,0.3681769835475154,0
116246,0.3680551131556917,0
127138,0.36798666443496497,0
118664,0.3678765743229567,0
121425,0.367834686584256,0
122009,0.36770223414089126,0
119989,0.36770012111162736,0
122737,0.3676801653514653,0
122440,0.36766942703751065,0
120788,0.36766325618086054,0
119536,0.3676486157914227,0
122171,0.3676241305005395,0
119907,0.36755000682045985,0
123009,0.36754158991948477,0
116213,0.36754040340390026,0
127222,0.36739784061566144,0
123412,0.36736924589511977,0
126679,0.36717818022314014,0
116888,0.36715822240914975,0
122186,0.3671227301498574,0
120707,0.3670676136702507,0
122198,0.3670141518506648,0
121295,0.3669459953719992,0
123495,0.3668845227971265,0
120473,0.36678817241227835,0
125007,0.36663295436561877,0
114849,0.36662719915037106,0
115407,0.366575375853626,0
126215,0.3665229952338833,0
115813,0.36651399535104456,0
116304,0.3665021006017827,0
123862,0.3664131057201057,0
122179,0.3664090039028669,0
115766,0.36639583437575357,0
116836,0.36630644461848866,0
119092,0.36615254941108377,0
125871,0.3661224226280749,0
119197,0.3661043791716168,0
119758,0.36607310375434776,0
120137,0.3658913939664078,0
119529,0.3657810508341455,0
117859,0.3657586921188202,0
122635,0.36564962941253115,0
119370,0.36555631219433954,0
119655,0.3655050421199966,0
118811,0.3654658527219754,0
117876,0.36543699112750067,0
120826,0.36542489458681143,0
122901,0.36532951331830943,0
125688,0.3653272950097063,0
119434,0.3652434910073004,0
124080,0.36514316160827653,0
116332,0.36514065138167756,0
118451,0.36505423279974253,0
123048,0.3650521244244638,0
117001,0.36500944539001784,0
127061,0.3650048675873102,0
124195,0.3649872320005154,0
122268,0.36490343805553155,0
117702,0.3648827666069535,0
125453,0.3646022332697198,0
125855,0.364596069836747,0
117397,0.36454947988954234,0
119391,0.36449754265655254,0
116616,0.364491289511418,0
123808,0.36448519692524733,0
120564,0.3644847896587418,0
122757,0.36438346640488845,0
118456,0.3643410388767498,0
116217,0.36431501911686665,0
115173,0.36420542600118666,0
115441,0.36416926693006435,0
126839,0.3640424878607444,0
118833,0.36399490316578725,0
120745,0.36390279462247965,0
115365,0.3637071003642329,0
116265,0.3635548559075493,0
125128,0.36351334820097025,0
121758,0.3635001196861638,0
116731,0.3634828639178552,0
120037,0.3634598357743117,0
118461,0.3634004081613389,0
118620,0.3633143170626998,0
115278,0.3632212686951278,0
115253,0.36315287140436003,0
116865,0.3630373558534177,0
115325,0.3630139163825103,0
122603,0.3629705707644333,0
117163,0.36290749063829836,0
117909,0.3628117434722876,0
121976,0.36272924644817817,0
124109,0.36271678293967075,0
125590,0.36266635691895877,0
120988,0.3625981244475748,0
116420,0.36258621394192553,0
127347,0.3625031692203099,0
118257,0.3624658053248427,0
122742,0.36229677081909195,0
126550,0.3621905100041206,0
115802,0.3621762285997414,0
127207,0.3620804315481257,0
124341,0.36207436750282096,0
115386,0.3620510207254713,0
117686,0.36194955895573644,0
116141,0.36193000572813205,0
114797,0.3618774759335615,0
118848,0.36181417159724594,0
123270,0.3618023737938197,0
119713,0.36179340949350364,0
119827,0.36173234331622517,0
124850,0.36171060634658214,0
125369,0.3616985343195181,0
124704,0.3615071327298424,0
116268,0.36149610954038663,0
124686,0.36137456347394153,0
118106,0.36134295364211816,0
120252,0.3613163393600695,0
127103,0.361252367449036,0
123953,0.3612100686293528,0
122916,0.36107774812364535,0
116776,0.3610497885849087,0
118242,0.36102410035026433,0
124813,0.36099752359637827,0
116677,0.3607965947605746,0
119533,0.360780968107227,0
119340,0.3607699298818542,0
115906,0.3607569588606456,0
122195,0.3607367029680011,0
125258,0.36066170044812795,0
124492,0.3606450813199334,0
117748,0.3606145402307903,0
119537,0.36052397677288134,0
124303,0.36045045782434637,0
122422,0.3604070217141556,0
124695,0.36038776363274394,0
123538,0.36038009645147123,0
120946,0.36036932546232536,0
121906,0.3602129687294992,0
125549,0.35998399874077913,0
121145,0.359954478427281,0
119912,0.35994846022725846,0
118036,0.35988006016101853,0
118165,0.35981607092288254,0
117938,0.3597693808754223,0
115199,0.3597292366653222,0
116870,0.359614681698632,0
115463,0.35954173257872485,0
124655,0.3594699289246218,0
116918,0.3593314083136726,0
123291,0.35923914035245214,0
121395,0.35895920660093433,0
124555,0.3589311943345095,0
118147,0.3588067183763514,0
120236,0.35873691240591815,0
125663,0.35870191064780715,0
115059,0.3586273141832339,0
116789,0.35857833282190965,0
123810,0.35846633740805556,0
120957,0.3584461753835865,0
123273,0.35836354526790876,0
119303,0.35825413543565426,0
116920,0.358238829655963,0
124713,0.3581806475318384,0
114952,0.35809606088123513,0
117255,0.35802253156516056,0
125627,0.3580162199080222,0
123745,0.35800858390964335,0
125667,0.3579778956281151,0
114978,0.3579052093675316,0
119124,0.35787274198918145,0
125636,0.35770826416882867,0
119360,0.35752333219727545,0
125075,0.3575100822319344,0
127135,0.35746531793676295,0
122547,0.35745402432320617,0
122607,0.3574318867279164,0
117604,0.35730869899299006,0
124551,0.3572815355597882,0
120319,0.35724405419879446,0
124175,0.35695127520225656,0
126830,0.3567867952823061,0
125306,0.35677588759729767,0
121389,0.35677204630814613,0
116742,0.3564566839550913,0
119940,0.3564106774504403,0
118622,0.35626746860926994,0
114820,0.35625591745529733,0
120831,0.3562266293037925,0
117552,0.3561957900164851,0
120178,0.3561430413228584,0
121963,0.3560900214144652,0
116146,0.3560225648323598,0
122897,0.3559183050322394,0
123968,0.35589805915846406,0
122430,0.3558419089686289,0
120739,0.35581501605681143,0
122710,0.3558028080516896,0
116801,0.3557094898124488,0
118800,0.35566905356617906,0
121248,0.35552359246501253,0
115514,0.35538218242068587,0
117827,0.3552590201363336,0
123373,0.35522110097859444,0
125322,0.35521024946028923,0
116921,0.35518464132606603,0
121126,0.3551431072215965,0
124427,0.3551305043360029,0
122329,0.35498203536750533,0
115457,0.35483079644012383,0
126859,0.3547377497756241,0
119556,0.35469557213033076,0
124368,0.3546696511746021,0
126639,0.354586976694229,0
117063,0.35458318681244433,0
116774,0.35454266596186523,0
124078,0.354541817020472,0
122849,0.35438014648638605,0
116358,0.3543787484161058,0
118285,0.3542888443510608,0
118923,0.35418585661196683,0
116691,0.3540600317049784,0
123236,0.3540488709438575,0
116008,0.3540414509671902,0
115917,0.3540178155399767,0
121310,0.353807025042569,0
114881,0.35377612466405695,0
120632,0.35370109557914997,0
116380,0.35321294065285996,0
120734,0.35313679875226683,0
119495,0.3530907940868835,0
125769,0.3529453180742365,0
115842,0.35292881284880834,0
120047,0.352814600676184,0
117979,0.35255522086317004,0
119857,0.35249282433238266,0
116773,0.352422788512176,0
126121,0.35241043567880914,0
119101,0.35240246220278887,0
118270,0.35238413207075897,0
123758,0.3523125438615379,0
115688,0.352122307600983,0
115997,0.35185005662814384,0
120368,0.35184306877611327,0
117100,0.351777440521442,0
121899,0.3517627018646269,0
126283,0.3517467403433443,0
123517,0.3516602995376436,0
127176,0.35165949999701984,0
121916,0.35165883153730715,0
116682,0.3515385996556334,0
125573,0.3515082788258956,0
123424,0.35146973148671606,0
115761,0.3514376678147884,0
124808,0.35142346754102227,0
123274,0.35139244023221444,0
120321,0.35138408938629834,0
122755,0.35132599963732986,0
124143,0.3512719848130957,0
123549,0.35126624545040697,0
121563,0.351253956194924,0
122134,0.351235786337112,0
118219,0.3511789594372896,0
124472,0.3511109396780452,0
116152,0.35100714444910447,0
116407,0.3509401330447836,0
121278,0.3508907928516258,0
116808,0.35088297418013775,0
122331,0.3508355780431473,0
115680,0.3508081830555586,0
123873,0.35078104012466393,0
124935,0.3506753123000773,0
123072,0.35066414071385793,0
122653,0.3504618421531858,0
121911,0.35045152315571115,0
114863,0.3503446001511423,0
115480,0.3503351997243497,0
115014,0.35026539689836045,0
119350,0.35026193663194904,0
118903,0.3502218300031833,0
117996,0.3502015776596788,0
122689,0.3501676706161149,0
119443,0.3500669568313398,0
126377,0.35001534432297976,0
119767,0.3499564895618372,0
127395,0.34991311365848515,0
119160,0.34985072758459634,0
117277,0.34981522187425657,0
124819,0.3498036980002888,0
126343,0.34970866188815103,0
116029,0.3496985980516671,0
115616,0.34963743872252545,0
115830,0.34963653106161957,0
121905,0.3495780244145267,0
125088,0.3495687680593763,0
120855,0.34954684371239175,0
115702,0.3495364008402923,0
126946,0.3495202050431448,0
123153,0.349508502743842,0
120092,0.3495022047964855,0
116871,0.3494213424013599,0
115189,0.34936471692776794,0
118721,0.3493014407790384,0
116588,0.3492349243789437,0
121215,0.34916901654773197,0
115050,0.3491527821737948,0
116303,0.349127354293405,0
126273,0.3490649504122994,0
119932,0.34903378896384774,0
125944,0.34901919251016184,0
119039,0.3490122291452954,0
125003,0.34900015781461047,0
116348,0.34899505226143346,0
125881,0.34897710111504027,0
125494,0.34894624930338325,0
126959,0.34892488680839917,0
119483,0.3488632963991828,0
126707,0.34882204469713246,0
114861,0.3487567747098309,0
115255,0.3486774745579245,0
123531,0.34849689149304386,0
116306,0.3484156128743488,0
121086,0.34840063661378085,0
127064,0.34836796483847593,0
116895,0.3483323617551735,0
118924,0.34821890303928155,0
120870,0.34815389424159704,0
116135,0.3481285955836882,0
123262,0.3479290760397396,0
116701,0.3478679361932866,0
125502,0.3478639428448372,0
119918,0.347846705749228,0
125760,0.34783247392221217,0
115149,0.34776713749508287,0
122798,0.3477493163218602,0
123411,0.3477118766043209,0
118803,0.3476340368904328,0
120258,0.34762326421174766,0
123824,0.34759684299932664,0
124793,0.3474879759942123,0
119020,0.34746386843608884,0
120173,0.3474504821855389,0
123776,0.3474351444182819,0
127150,0.3473337668113766,0
121534,0.34731338494262914,0
126376,0.3472557892621128,0
122797,0.34702732704169353,0
116387,0.3470131419122077,0
116769,0.34693428738461773,0
121510,0.34686614160663265,0
125529,0.34686360545477574,0
115998,0.3467745010132842,0
120585,0.3467593294606948,0
120943,0.34674916529082667,0
118857,0.34662886403009496,0
125071,0.3465489607244729,0
127305,0.3464949393449795,0
117155,0.3464458421113918,0
123491,0.3463927080901944,0
120908,0.3463226082948454,0
126658,0.34631748089045344,0
117419,0.3462788264809232,0
117607,0.34627828927813487,0
120096,0.346257661228654,0
117107,0.34621130176258486,0
122830,0.34618560688704036,0
114805,0.3461658584259439,0
126554,0.34616543705656566,0
127147,0.346164810503631,0
120747,0.3461611110533621,0
124977,0.34604907901259246,0
126116,0.34594007951963407,0
120657,0.34582342294376517,0
127039,0.34562458628003123,0
117934,0.34560739506823035,0
115723,0.3455923551834561,0
123586,0.3454740318651457,0
123625,0.34547069049088563,0
121374,0.3452322073511893,0
127327,0.3452010959678137,0
115262,0.3451991665956581,0
116431,0.3451265289094809,0
119923,0.34506943455209343,0
119010,0.3450555810847789,0
118454,0.34504221074599123,0
121819,0.3448307991961208,0
123183,0.344712618040832,0
123068,0.3446660196466039,0
119891,0.34465665841088994,0
117521,0.34454749552986674,0
122158,0.3445348722467005,0
124881,0.34444120479074586,0
126055,0.3444268987199291,0
122050,0.34439623603688335,0
115301,0.34435589533805594,0
116384,0.3442646729166909,0
116549,0.3441728198796241,0
126154,0.3441311877666986,0
115084,0.3441171335972331,0
121479,0.34410051664262226,0
118247,0.34407780116402437,0
125926,0.34406301772409376,0
121931,0.344058361395612,0
116406,0.3440218565852591,0
123327,0.3440203587223355,0
123769,0.34401302462245104,0
121890,0.3439671211676753,0
126495,0.34394647240436055,0
118834,0.34382957617561777,0
115070,0.3437949578724928,0
125029,0.3437377761883419,0
116558,0.34369420636467013,0
118483,0.34346232092768697,0
115495,0.34344773078501256,0
122954,0.3434283593906392,0
121530,0.34340358279363037,0
121615,0.34336945166763577,0
125447,0.34332761137535445,0
120982,0.3433012843679993,0
127350,0.3432242986817963,0
119496,0.34310030234945904,0
124425,0.34304293177472617,0
115660,0.34299603024649056,0
116697,0.3429203743645436,0
117563,0.3428767133153097,0
122736,0.3428402795800215,0
115952,0.34282316185743145,0
125717,0.34277831609169873,0
118906,0.34265950070816187,0
123241,0.34250681159504665,0
115076,0.3425056790246706,0
115942,0.3424786971748278,0
126322,0.34233810081121396,0
124016,0.3423077450579919,0
118453,0.342177686791016,0
125761,0.3418817875175512,0
122368,0.34181816205039683,0
123123,0.3418028768525632,0
126042,0.34174457956500554,0
117263,0.3417197584574589,0
115159,0.34167194431175013,0
121507,0.3416445325254985,0
120502,0.34156555546734546,0
121058,0.34153887810952144,0
125751,0.34153791709230186,0
115517,0.34149472840456063,0
123486,0.3413347637716321,0
119784,0.34123289065603174,0
127148,0.3412305228873474,0
118604,0.34113437024773047,0
117623,0.34109925520310375,0
120351,0.3410863917449864,0
126346,0.3410490880885128,0
122188,0.3409285195316815,0
120844,0.3409084946804559,0
115238,0.3407533205328393,0
124119,0.340599644796576,0
125226,0.34051488901827975,0
123815,0.34045073282760807,0
125799,0.340441118253862,0
125319,0.34035260811314366,0
125575,0.3402879324684846,0
127292,0.34026749706698933,0
120316,0.34022136820025783,0
115136,0.34016244776737353,0
118650,0.34014401444003145,0
126595,0.3401438908671335,0
117079,0.34013666837898254,0
114958,0.34000563895797464,0
123601,0.33997071899635006,0
125696,0.3399658339660586,0
126258,0.339939062245544,0
123285,0.33993827745316957,0
117257,0.33990128860857266,0
121610,0.3398473177939738,0
116700,0.33984042479982035,0
126906,0.33977727495562837,0
126507,0.3397284773599721,0
127450,0.33969608429041387,0
125995,0.3396009896357185,0
126884,0.33954080223255223,0
126148,0.33950462941343834,0
115742,0.3394990789921756,0
125264,0.3394611514186296,0
121171,0.33936815976454937,0
123015,0.33930392662216624,0
115565,0.33926961055674426,0
115248,0.3391370537996585,0
120150,0.33912971677610654,0
115265,0.3389708648880337,0
117759,0.3389580435967439,0
121245,0.33895020232723605,0
126651,0.33894592699805376,0
127111,0.3388700548825467,0
123201,0.338788549039832,0
115648,0.33878645167539534,0
125968,0.3387572772078861,0
125564,0.338721021271988,0
117712,0.3387189379828397,0
120969,0.33866086872776824,0
121095,0.3386400847249339,0
126742,0.33861403394172235,0
114963,0.3386115814287527,0
124546,0.3386099716825284,0
118774,0.338590602701456,0
124610,0.33857303401666616,0
125408,0.33845742742050283,0
115415,0.3384426797948984,0
120026,0.3384315663555748,0
123224,0.33837899602124777,0
116970,0.33825243782298736,0
115643,0.3382422095513758,0
117692,0.33821289659372367,0
120364,0.33810657788236403,0
115795,0.33807010069453275,0
122545,0.3380419953529174,0
118309,0.33802972271157994,0
125896,0.337866515912691,0
116325,0.33785018031777475,0
126655,0.3378188281335838,0
120626,0.3377883042084001,0
119315,0.33773706797332226,0
120130,0.33769911013872406,0
118640,0.33766910345431234,0
119384,0.33762947526946424,0
123843,0.3376230492201588,0
118427,0.33760329280647583,0
126902,0.3376027434402358,0
122941,0.3374855856875873,0
125637,0.3374430776007995,0
118855,0.33736718320913783,0
126998,0.3372881816728808,0
124363,0.337093744284898,0
120215,0.3370856358152997,0
124665,0.3369894488863955,0
124836,0.33689339742112845,0
126815,0.3368929529873879,0
122980,0.336760776040899,0
116326,0.33672384348859324,0
125233,0.3366641828460839,0
122007,0.3366458456042145,0
123456,0.3365250857469651,0
125480,0.3364599466716126,0
121809,0.33637171747824146,0
122383,0.3362998837632065,0
118754,0.33621349059053357,0
115454,0.33613343612604546,0
114879,0.3360911308911434,0
119623,0.33600260503449747,0
118017,0.3360009210011888,0
114851,0.33593979030148124,0
124738,0.33593081580763984,0
117409,0.33590083926408437,0
117150,0.335875852403573,0
116261,0.3358565477443597,0
121961,0.33582555590193647,0
116623,0.3358224654718412,0
122324,0.3357639623657184,0
122923,0.33570831675614604,0
118960,0.3356838559000369,0
125682,0.33568188165812407,0
117977,0.335622651535277,0
124155,0.33560477824592777,0
118711,0.3355834742605308,0
115250,0.335492799792615,0
126206,0.335492468310551,0
123896,0.33548385194719565,0
125683,0.33543791920117494,0
123930,0.3354114573971579,0
120916,0.3353983013614545,0
121144,0.3353963408719915,0
117105,0.3351636576426629,0
121841,0.33515894330822904,0
126937,0.3351172410232901,0
118842,0.3351057540911939,0
116365,0.3350846439559252,0
115291,0.3350384763472184,0
120538,0.33502387701187275,0
124417,0.3349432150227965,0
126965,0.3349075837698672,0
120517,0.3349033313377474,0
117309,0.3348452219839731,0
125248,0.33477710640658376,0
122226,0.334748760836873,0
126390,0.3347241994247807,0
117516,0.3346224779279927,0
118912,0.33453177782420257,0
119183,0.33438999774496964,0
119317,0.3343865171587223,0
122571,0.3343635997333462,0
118983,0.33428764290001783,0
120748,0.33425782983939334,0
124888,0.3342552573036003,0
117570,0.33425330551681864,0
118406,0.3342369974138449,0
121161,0.33417827162184577,0
123506,0.3341442782932277,0
121347,0.33411210700815364,0
121551,0.33403015275606485,0
124177,0.33386417839568455,0
126593,0.333807304271008,0
120103,0.3336400453524994,0
120887,0.33358421557299667,0
118547,0.33357140986736183,0
125783,0.33342114317455557,0
123332,0.3334141584275296,0
123370,0.3333992391642016,0
117160,0.3333616174963147,0
118633,0.3332717049240543,0
125533,0.3331502279949561,0
120446,0.3331311964637505,0
118472,0.3330777408536335,0
115601,0.3330274459305245,0
120200,0.33302082971529806,0
123489,0.33288961690721114,0
121616,0.33288187091757193,0
116501,0.33279252582407676,0
120937,0.33275884326748734,0
126652,0.33266491700301376,0
116382,0.3325426958850001,0
119472,0.33244999194611896,0
117886,0.3324445148815907,0
115574,0.33244421167440813,0
124028,0.33230248069422014,0
123908,0.33219142655393663,0
125925,0.3321667807769244,0
120865,0.3321544170359789,0
120687,0.33213686710933604,0
124513,0.33206312553883477,0
123890,0.3320047619934938,0
124029,0.33200274714575917,0
123796,0.3319590373250999,0
127329,0.3319522896502435,0
116312,0.3319313341963322,0
120907,0.3318092744648686,0
118580,0.3317764766832618,0
123330,0.3316920224706376,0
121044,0.33162534938392035,0
124483,0.3315295169385554,0
119970,0.33151071011871885,0
119446,0.3313321486100211,0
120049,0.3312956132021634,0
115965,0.3312491491862891,0
125759,0.3312134914242235,0
119487,0.3311877892924053,0
115172,0.33116099496130047,0
116571,0.33104723236888467,0
126261,0.33103599405207357,0
122631,0.3310069420056783,0
127269,0.3309928087214081,0
117622,0.33093114831463216,0
122938,0.3309169430164821,0
115090,0.33087110833542993,0
125475,0.3308707306757006,0
119123,0.3308345296794076,0
121720,0.33082364798740815,0
117731,0.3307373181318417,0
115662,0.3307157045522203,0
121116,0.3306924154638359,0
118376,0.3306268213065902,0
116231,0.33060101896857047,0
126739,0.3304918466756424,0
120104,0.3304233269775731,0
121444,0.33035331607826346,0
120331,0.3303444242950565,0
119042,0.3303244923290302,0
119566,0.3303000698617279,0
126279,0.3302696740102676,0
124357,0.3302609894046348,0
121594,0.33025996334446667,0
122276,0.33015145432274823,0
125824,0.3301053293566526,0
117620,0.33005653790351164,0
122509,0.33000043439936666,0
123959,0.3298836904032604,0
127198,0.32982535438054095,0
122527,0.32975665370623436,0
115921,0.3296991514022345,0
118621,0.32964191528381226,0
121141,0.3296284083710931,0
125900,0.329626042777798,0
122959,0.32955184937691884,0
116053,0.3294930673678357,0
126566,0.32948812342978967,0
115518,0.3293532653307096,0
124061,0.3291759191218926,0
116340,0.3291504170221466,0
117641,0.32911188499708954,0
117233,0.32905874252330114,0
127376,0.3290579600394339,0
122404,0.32886874428238594,0
114920,0.3287591844238575,0
120543,0.3287408222158011,0
115416,0.32873429986269176,0
119632,0.32868275759423776,0
115983,0.32863804464288593,0
118220,0.32841620531280824,0
126348,0.32837478516158425,0
117091,0.3283033605657794,0
120570,0.32826276764231554,0
117231,0.32824369243164764,0
122950,0.32821997509763595,0
117863,0.3282087105443561,0
125038,0.3281625405093779,0
125151,0.3279857654634066,0
125919,0.3279800833840246,0
123082,0.32794509902760616,0
121160,0.3278798768007012,0
126849,0.32783270956478233,0
120233,0.32780210848619035,0
118362,0.32778650380266494,0
120039,0.3277831463635032,0
118490,0.32771241424177017,0
119096,0.3276851167919907,0
121755,0.32766545266306535,0
125105,0.327628148059044,0
118435,0.3275360582357606,0
117020,0.3274192627474578,0
127229,0.3273897458797284,0
126248,0.3272855440459353,0
124601,0.3272706682886742,0
124484,0.3272448757150775,0
115806,0.3272116890477119,0
124851,0.32714105455165055,0
121387,0.3270264865197821,0
123121,0.3268589648154109,0
119618,0.3268464762413226,0
117789,0.3267939217553353,0
119735,0.32664263118762465,0
119052,0.32663825400032664,0
126720,0.3265758970582662,0
123375,0.32649584918352736,0
120164,0.3264761437551047,0
117864,0.3264744181667853,0
117803,0.326414918887663,0
121403,0.3263822290249457,0
122345,0.32626921974829404,0
118440,0.32619264642663137,0
114956,0.32614460278275775,0
119808,0.32610408849053996,0
116643,0.32608289575337274,0
124997,0.3260458081175137,0
124141,0.325976699404061,0
122446,0.3259449367542529,0
118552,0.3259355879525674,0
117994,0.32586478451855416,0
115540,0.325816748629525,0
121119,0.32580350300016175,0
125236,0.32575272643464037,0
114801,0.3257113120678982,0
118987,0.3257081320210408,0
124909,0.3256960814842971,0
125487,0.3256960806566697,0
122060,0.3256033571714304,0
126726,0.32559397689414904,0
122939,0.32555240558171383,0
116179,0.3255283313852945,0
122643,0.3255191678454642,0
116650,0.32548900057551544,0
125197,0.32544728359175523,0
124501,0.3253805928599873,0
117937,0.3252701219255918,0
115859,0.32525688532462826,0
118866,0.32513252486871713,0
125109,0.3251254495418016,0
121393,0.32510468796830083,0
121491,0.3250932914642053,0
122163,0.3250315029218768,0
125148,0.3249749632224002,0
118383,0.32495790292159726,0
121234,0.32483173318379244,0
114789,0.3247945437820053,0
125903,0.32475025421777104,0
125685,0.3247341352214986,0
123672,0.32471740341941946,0
122089,0.32465096874047183,0
121207,0.32460135845474286,0
114924,0.3245877459982457,0
116031,0.32456868465203403,0
121508,0.3245594504835705,0
123385,0.3244137223104739,0
127056,0.3243856620958483,0
117768,0.324341320667897,0
126281,0.3242805524849833,0
119888,0.32423632300639693,0
121609,0.3242345708410009,0
126240,0.3241094712888572,0
123801,0.32399124114708167,0
121455,0.3239895701326682,0
115060,0.32394588385359696,0
125401,0.3239363528616702,0
123184,0.32389119879771067,0
119791,0.3238866181608149,0
124405,0.3238578625996948,0
119941,0.3238263976642558,0
115272,0.32377199419745784,0
116313,0.3237544418893366,0
116310,0.32371585860542307,0
122750,0.32370508113227336,0
116910,0.32353184455670975,0
123432,0.3234633628063831,0
118044,0.32343811674158135,0
115785,0.3233731430245765,0
124772,0.3233170030715884,0
120521,0.3232778718488749,0
119573,0.32322565038206347,0
123362,0.32310900333497566,0
118393,0.3230578530001384,0
124580,0.32303503649666826,0
119633,0.32296430070844456,0
115826,0.32288759646181914,0
117606,0.3228593121119118,0
116139,0.3228437590404232,0
125277,0.322814585697433,0
118246,0.32278285647948984,0
115108,0.3227762847137193,0
126723,0.32265256006641724,0
122596,0.3226260177278314,0
125239,0.32260592843217967,0
116177,0.3224554578682113,0
117059,0.322447753098355,0
121230,0.3224314146674177,0
126409,0.3224029026594461,0
125577,0.322400529894947,0
117159,0.3222941791543525,0
116245,0.3222823933432249,0
116186,0.32215995758587074,0
122116,0.3221136737619623,0
120270,0.32210028990667094,0
121293,0.3220778133102634,0
123766,0.3220748069381653,0
117368,0.3220484927333435,0
120641,0.3219646118465922,0
118311,0.32194128491119006,0
118207,0.32193211921525616,0
121484,0.32173499492812907,0
125521,0.32169035215564756,0
115488,0.32165775247177714,0
124299,0.32163186060239407,0
116344,0.3215638087756102,0
123481,0.3215513824276998,0
117963,0.32153888009463105,0
120967,0.3215230633501451,0
122273,0.3214989261442167,0
120085,0.32143090943299407,0
120787,0.3214060648344761,0
118879,0.32135029727323844,0
115626,0.32133388344104885,0
120528,0.32122104296173765,0
120669,0.32120209272380534,0
127078,0.32115633611539685,0
127277,0.32108567157672857,0
127045,0.32106778101366457,0
118550,0.3209779494303624,0
115706,0.3209324982518289,0
116825,0.3209235256289066,0
121626,0.3208785034942135,0
126686,0.3207487002407763,0
127441,0.32065416173519784,0
127098,0.3205816292493068,0
125953,0.3204409895505496,0
118426,0.32041998327241955,0
121653,0.32037330601136904,0
121680,0.32036462282386674,0
125169,0.3203453545172016,0
120917,0.3203256425439111,0
122004,0.32031658886331654,0
124566,0.3202988873138925,0
120960,0.3202848174408408,0
126692,0.3202842893097791,0
116813,0.32027408439317545,0
125704,0.320258508517256,0
122805,0.32018805576123793,0
124570,0.3201482816444778,0
122557,0.32013619115457,0
121203,0.32011559487120184,0
124497,0.3200760031229874,0
115526,0.31999436759971145,0
115063,0.3199714939638979,0
123490,0.31995275875575285,0
117853,0.31982182513988544,0
122489,0.3197762971930833,0
125712,0.3196838773415864,0
117751,0.319545760577172,0
122910,0.31953264202118364,0
120847,0.3195166486115256,0
116421,0.31947822088481004,0
124674,0.3194342761087783,0
120749,0.3193913149464963,0
124159,0.31928925998384045,0
127304,0.3192317476288719,0
120962,0.31906459517010877,0
121568,0.31901275981463,0
120245,0.31900506932961714,0
120659,0.31895913533398584,0
124165,0.31893345866677053,0
117391,0.31888984164873996,0
117989,0.31884147608571733,0
126388,0.318806389027454,0
127165,0.31879457265994593,0
115256,0.3187782861594089,0
115729,0.3187759072243856,0
124282,0.31873599182280965,0
117713,0.3186066673787053,0
121585,0.3185353962109883,0
127307,0.3185339773260214,0
115606,0.31853146699435153,0
121191,0.3183820671386414,0
119714,0.3183330850799265,0
123936,0.31831998791763766,0
122057,0.31821304700601244,0
122013,0.31796210029189137,0
125977,0.3177348691314755,0
125863,0.31769902458432037,0
114839,0.31767292006823766,0
125068,0.3176587395544197,0
126836,0.317643098870106,0
119613,0.3176314843526816,0
114852,0.31761600521839106,0
126036,0.31752878502965126,0
125470,0.3175153175998302,0
125949,0.317494997491846,0
117806,0.3174480256017048,0
119921,0.31741857708950166,0
116237,0.3173579106724679,0
115086,0.31730557754108724,0
116648,0.31715887374216417,0
124920,0.31712029389555396,0
122150,0.31708165462383653,0
116446,0.3170420877955767,0
126533,0.31700530270974836,0
125934,0.3170051145306814,0
116182,0.31697741701235316,0
116405,0.3169330638932306,0
120127,0.3169236310977041,0
123303,0.3168687469790512,0
126777,0.3168630837405008,0
120876,0.3168216163175587,0
121249,0.3167857393817969,0
126488,0.3167122895618232,0
115614,0.31666105231422276,0
123223,0.3166339642148147,0
119335,0.3165969244481367,0
126714,0.316535929012493,0
118494,0.3165207504717467,0
115444,0.3164178542734884,0
126762,0.31640504560731436,0
123275,0.3163828904330683,0
120291,0.3163797510131056,0
124486,0.3163194285540848,0
125551,0.31627889827001393,0
124605,0.31620291181569826,0
124975,0.31619921219565705,0
116932,0.31602904216829886,0
117016,0.31594630652998335,0
118780,0.3159044674659456,0
126717,0.3158698808267405,0
125284,0.31584172572782315,0
127146,0.31584013665913885,0
125006,0.31578555441788214,0
116554,0.31575817707055504,0
114883,0.31569866274138797,0
118988,0.31568175480151234,0
125556,0.3156646052269477,0
117106,0.3156434604401864,0
126524,0.31561747668919926,0
125139,0.31548347337675436,0
120524,0.3154609741504969,0
123723,0.31543811868408894,0
122771,0.31538969578066434,0
118290,0.3152078859441628,0
121857,0.31519067377836146,0
120714,0.3151524646512382,0
123053,0.3150600292899257,0
118597,0.31505365100654714,0
127221,0.3150127762699714,0
124325,0.31500480625962396,0
126945,0.3149967895157376,0
114854,0.3149792651399855,0
118651,0.31484419493093774,0
123374,0.3148428333870732,0
117489,0.3148056348315562,0
126386,0.3147165628463899,0
120111,0.3146677254188189,0
116359,0.31463960510963024,0
118167,0.3145824856592624,0
124522,0.31454011299302187,0
119388,0.31447513492462736,0
123840,0.31447340361920334,0
127155,0.3143540015394825,0
115639,0.31432684053544274,0
122194,0.31431792359064464,0
124624,0.3142205545123392,0
118696,0.31411226309445706,0
120263,0.3140740822987799,0
116896,0.3140238581373002,0
119291,0.3140109977329182,0
120189,0.3139746356884051,0
126845,0.3139721566777794,0
117371,0.3139546056985273,0
123190,0.31392602851151075,0
126314,0.31392418282293866,0
124811,0.31389334642712047,0
125671,0.3138812953689147,0
123283,0.31382676448554964,0
126425,0.31373558093882065,0
122014,0.3136989478037346,0
125822,0.31369303908146073,0
123300,0.3136820110307618,0
123147,0.31362474953280317,0
123487,0.3135394390689434,0
123889,0.31351028607518705,0
121469,0.3133001008200905,0
116274,0.3132997047596325,0
126644,0.31326910738666697,0
123092,0.31325545669247856,0
121727,0.3132398118481485,0
116790,0.3132296635326398,0
124390,0.31322060993636747,0
118103,0.3132033870548922,0
120758,0.3132025819939889,0
126719,0.31311974969678336,0
117038,0.3130829305532023,0
123774,0.31304644317821617,0
116073,0.31301371464029926,0
121184,0.3130006574231729,0
122834,0.31297765412077677,0
117510,0.31290708632780895,0
117929,0.31290296875580315,0
121298,0.3128850253476051,0
116715,0.31279688298337416,0
116693,0.3127817905741612,0
127239,0.3127182130603321,0
124756,0.31256335057192536,0
125665,0.31255504667424033,0
116108,0.3125336512290141,0
123470,0.31250890018250105,0
121053,0.3125007481444143,0
121631,0.31248449734171857,0
126482,0.31246236312770687,0
122214,0.31244500981227175,0
127161,0.31236932502504644,0
123845,0.31236203945120994,0
118921,0.312327044525452,0
118648,0.3122525202207406,0
122858,0.3122385985058434,0
125130,0.3122036830254072,0
125425,0.3122036467816657,0
117509,0.31216588111085575,0
121237,0.31199179777846026,0
119658,0.31198861026485053,0
123256,0.3119791707330972,0
115511,0.3119619837104468,0
120441,0.311924785057278,0
125643,0.3119213551211337,0
122476,0.3118800622760403,0
114836,0.3118643055741849,0
114845,0.31182197067873046,0
114867,0.31167127656864674,0
127528,0.31163683805605014,0
122612,0.3115691090405484,0
120652,0.31155017845587996,0
122160,0.3115163269714803,0
121518,0.31151113757894483,0
125490,0.3114457827363328,0
120056,0.31138821622860235,0
116581,0.31133082108981036,0
126605,0.31132486413001365,0
123857,0.31132202041169266,0
121170,0.3113089725525605,0
119325,0.3112694890174995,0
116035,0.31123875186174044,0
122818,0.311234981302268,0
118625,0.31123267608474114,0
124216,0.3110370774489543,0
114832,0.3110368483850198,0
121525,0.3110318987925368,0
125652,0.31093136166462587,0
127091,0.3108888920878593,0
118093,0.3108666597551859,0
116435,0.31086041258058983,0
116898,0.31085373290506557,0
119153,0.3107592107888186,0
115691,0.31072528539074196,0
116027,0.3106710849119851,0
119637,0.3106490423343544,0
126541,0.31061059410213393,0
127083,0.3103376991286159,0
116989,0.31031298110283484,0
121657,0.3103026262672143,0
116708,0.3102891263013038,0
116278,0.31024280548892436,0
120223,0.3102315209408893,0
123122,0.3100427040242019,0
120902,0.31003184011006646,0
119491,0.3100049751139323,0
116678,0.3099319485035629,0
117887,0.3098637203515949,0
116362,0.3098569979046689,0
120607,0.3098187388791329,0
121333,0.30974891630023293,0
115000,0.3096055573628844,0
123447,0.3095825739156493,0
116572,0.3093492786158239,0
119243,0.30928085202246214,0
120040,0.3090897688953385,0
124860,0.30908445750156105,0
118422,0.30903769191191555,0
115611,0.30900784572407997,0
120160,0.30898573222800124,0
124500,0.30891751260225386,0
126990,0.3088904215933847,0
124161,0.30881353746447704,0
126394,0.3088017659498028,0
114994,0.3087794267696627,0
120079,0.3087609410569918,0
115333,0.3087582864420473,0
127071,0.3086521573124335,0
124981,0.30864944442741177,0
121074,0.3086198583280966,0
122615,0.3085146351841281,0
120764,0.308492949371213,0
120841,0.30849138505785545,0
125053,0.3084340269209857,0
117326,0.30819615444633913,0
123652,0.30817309599626697,0
115314,0.3081404151421119,0
126556,0.3081105410183465,0
119158,0.3080217956544378,0
118904,0.30797078986274984,0
121259,0.30796664700103665,0
115498,0.3079493789433373,0
118961,0.3079091810300091,0
123321,0.3078652223427296,0
121782,0.30785066364619323,0
121085,0.3077894077222771,0
117590,0.3077692409786096,0
117039,0.3077159600323973,0
126880,0.3075847027258783,0
116763,0.3075452066126623,0
118022,0.30752967607921167,0
124858,0.30752831410855275,0
124964,0.30746795204418725,0
123145,0.3074678190115496,0
115929,0.30746756679422316,0
119497,0.3074504204029351,0
124590,0.30740379463270356,0
121698,0.30734137530462563,0
123179,0.3073165650412544,0
115413,0.3072504838590735,0
126398,0.3072411365131753,0
114951,0.3072256720701916,0
119614,0.30722387720834765,0
124654,0.3071926340485384,0
126891,0.307130766281627,0
123967,0.3071079622115674,0
121900,0.30693886584401325,0
119070,0.3069382351012037,0
127466,0.3068685128482999,0
121052,0.3068234915639477,0
125221,0.3068229654360395,0
118351,0.3068152149764039,0
116244,0.3066830903046541,0
117024,0.3066394740025023,0
118683,0.3066378774875487,0
126522,0.306629935618875,0
117506,0.30649284470662813,0
121688,0.3064146843997153,0
115026,0.30638377826927493,0
118822,0.3062978796438171,0
115807,0.3062108013505367,0
118312,0.3062078227767513,0
117502,0.3062073410386942,0
120145,0.30618302607672426,0
124662,0.3061788775552361,0
127130,0.3061731725112368,0
118223,0.3061099855475375,0
125691,0.3060958692203685,0
117130,0.30600755046943234,0
124720,0.3059594359400575,0
116351,0.3059060853496801,0
116582,0.30585187808218967,0
120043,0.3058277695992097,0
119363,0.30579512837537365,0
121572,0.3057926687985504,0
118039,0.3057531213819968,0
123293,0.30575083198360276,0
124079,0.30573996624333827,0
118330,0.30567550912425134,0
126444,0.30562327568136577,0
116927,0.3055487064663258,0
124498,0.30551128511966097,0
120414,0.30547792375291427,0
127030,0.30545467555030625,0
127430,0.30538623925617253,0
115320,0.3053241392001175,0
116959,0.3053195232067055,0
115099,0.3052365759717319,0
114955,0.30522781219341577,0
127273,0.3051829309545161,0
123378,0.3051523324893702,0
125396,0.305097759693212,0
117202,0.30509702787344306,0
119861,0.3050859462813576,0
125173,0.30505943146606856,0
114831,0.30502590349277237,0
117384,0.3050178638944394,0
116988,0.3050045485181029,0
127298,0.30497786842624075,0
126484,0.3049760992508339,0
120363,0.30489852146107743,0
118913,0.3048900033497666,0
114934,0.3048526066442468,0
116467,0.3048412660840644,0
121928,0.30482993919046675,0
120842,0.3047830785162974,0
123579,0.3047476956787446,0
118100,0.3047116305864296,0
126048,0.3047100644596876,0
123397,0.3046491649672783,0
115918,0.30462278484122673,0
120625,0.30461546573274023,0
115035,0.30460094072176136,0
119715,0.30459905469552767,0
124485,0.30459621314971225,0
121192,0.3045834074971171,0
119598,0.3045720110481569,0
125836,0.30454918695123906,0
117413,0.3044974785786347,0
124956,0.30440224446761577,0
119408,0.3043933500574418,0
119639,0.30434730010095346,0
123981,0.304333787635424,0
121787,0.3043050857832228,0
126544,0.30428487800965226,0
120271,0.30419677393561717,0
122538,0.30414741055169203,0
124451,0.30404269697792136,0
126988,0.3039139604202853,0
115831,0.30382606886295865,0
116848,0.30382363908678045,0
126831,0.3036868558545273,0
125840,0.30361857405479276,0
118702,0.3036132420820705,0
121229,0.3036100806987599,0
115560,0.3036062341119277,0
124702,0.30354981228061984,0
118883,0.30349579809908167,0
124402,0.3034507680341392,0
126568,0.30343795699154885,0
126901,0.30343739232775685,0
117418,0.3033823388037356,0
117253,0.303308510345836,0
117407,0.30323180968335417,0
127231,0.3031373840747905,0
124978,0.30309591183840345,0
116673,0.3030944988322499,0
125189,0.3030674275436905,0
117458,0.3029853469298373,0
124710,0.3029745974536277,0
123609,0.3029607959375597,0
120481,0.30292746958333067,0
115757,0.3029267564097894,0
115047,0.30288815512963596,0
119576,0.30274866934615485,0
115769,0.3027335952871436,0
124022,0.30269832727355883,0
116391,0.3026092611451837,0
127404,0.302578385745645,0
124129,0.3024834021178554,0
122713,0.30243360046517825,0
115594,0.3024101558094465,0
118118,0.30239802737303795,0
117614,0.3023495416913273,0
127097,0.30234428285439924,0
120601,0.30227826008378317,0
125915,0.30222796582925565,0
125782,0.30219700909051334,0
124112,0.3021914583467483,0
118854,0.302171883002731,0
115122,0.3021670927123848,0
127470,0.3021330447491344,0
116055,0.30212782237050684,0
116461,0.3020943905576876,0
126575,0.30205351433196126,0
122144,0.3020458193939969,0
122005,0.3020352446501345,0
124091,0.30202037235528617,0
126513,0.3020079902343768,0
126315,0.3019901161878339,0
123455,0.3019218961156205,0
126812,0.30186962714792437,0
120429,0.3018305854576408,0
121499,0.30180846099362507,0
123346,0.30176483885901156,0
119366,0.3017309690135794,0
124353,0.30173083558033936,0
116264,0.30161400015691503,0
119567,0.30160070635879266,0
117817,0.3015676737931285,0
116444,0.3015156540286395,0
115359,0.30146361295587354,0
116091,0.3014399617808194,0
123779,0.30143789347953226,0
117457,0.30137813346747744,0
117954,0.30133420424207025,0
117241,0.3013230185283441,0
114847,0.30129467146617495,0
125500,0.30126390839186346,0
123914,0.3012290090609781,0
124461,0.3012187431957846,0
120635,0.3011891070657262,0
125280,0.30112068253889807,0
117221,0.30108441203262337,0
116122,0.3010819703915161,0
119282,0.3009706250505887,0
118134,0.3009408970961746,0
116537,0.3009198148206168,0
122623,0.300904853572674,0
116111,0.30081447969591046,0
124366,0.30078431305125763,0
122210,0.30073843222416974,0
116216,0.3006966640862462,0
117405,0.30068641485033304,0
117430,0.3006796826670367,0
118060,0.3006278655576636,0
122544,0.30062049961573994,0
127158,0.300608380743119,0
124740,0.3005155237785154,0
123240,0.30039431198476474,0
121993,0.30037124690217487,0
126931,0.3002559895407985,0
114942,0.3002307509046489,0
124008,0.30006035735837694,0
122183,0.3000345898931598,0
114871,0.29996412249652976,0
115747,0.2999630778922606,0
123560,0.2999434322710487,0
124699,0.2999299561247847,0
124204,0.29992035792962124,0
125614,0.29978568775186615,0
126002,0.299767871605745,0
123396,0.2997387545614554,0
126342,0.2996917412131514,0
118183,0.2995387973970767,0
122212,0.29947041731700264,0
118244,0.29946857846541713,0
124795,0.299281043753404,0
124092,0.29916116530783493,0
116322,0.2991377337617783,0
120848,0.29913263816065305,0
123512,0.299110409692675,0
125710,0.2990907703797375,0
116371,0.29907949845006054,0
120195,0.29904744718688614,0
119385,0.29897251529077584,0
122724,0.2988862387147813,0
118055,0.2988366530715112,0
123701,0.2988161995922622,0
117741,0.29878659180151124,0
124243,0.2987822252181741,0
120334,0.2987479371688953,0
124084,0.29869011394783906,0
123551,0.2986823756926832,0
117885,0.29867551907277123,0
125619,0.29866834161092265,0
122458,0.29863729578690346,0
115525,0.2985810395321201,0
122740,0.29853702250993625,0
120222,0.29847461919551893,0
125908,0.29844163266505486,0
117193,0.2984239070320675,0
116036,0.2983859547952261,0
123922,0.2983523676090511,0
117475,0.2982943263344206,0
116573,0.29824108556238893,0
114862,0.2982216325432256,0
117225,0.2981551355460387,0
115875,0.2981040501959536,0
122164,0.2980863804396979,0
126810,0.29808031820558833,0
119072,0.2980756135321093,0
122577,0.2980143339094595,0
119324,0.2979595451864759,0
118746,0.29789801952108874,0
124259,0.29783650574739434,0
124365,0.2978282957819304,0
114885,0.29778059027424564,0
125342,0.29768910487075173,0
124199,0.29762171961008616,0
122497,0.2975107165039495,0
124896,0.2974843361995804,0
115883,0.2974666828484202,0
126224,0.2974527492227586,0
114803,0.29738729008827886,0
122682,0.2973290230590585,0
124178,0.2973013062295584,0
120306,0.29728422727735543,0
118674,0.2972240511763456,0
126661,0.29722371375144674,0
120320,0.29721724592644455,0
126551,0.29717543847020705,0
127391,0.297167033696484,0
117624,0.2971639837615215,0
123711,0.29714577420322874,0
121338,0.29714186436689677,0
123027,0.29705192510214845,0
120630,0.2969700854017484,0
121252,0.2968727966451094,0
123717,0.2968500545335262,0
116327,0.2968089100578947,0
122835,0.29672329622245414,0
116611,0.2966113069712043,0
116291,0.2965092760597554,0
114798,0.2964760903739119,0
122602,0.2964643245259491,0
127365,0.29646033546903233,0
118641,0.2963980978679848,0
120885,0.29637011408339436,0
122567,0.2963545872997119,0
124090,0.29633449969465175,0
120471,0.296297813085807,0
117677,0.29629507624579826,0
118525,0.29617590946897066,0
115642,0.2961446470692541,0
117117,0.2961387038236102,0
124681,0.2961263809905556,0
124463,0.2960131214397071,0
118431,0.29593331005074314,0
121880,0.2959156515416142,0
123209,0.29588692628894037,0
124024,0.2958371190663282,0
124825,0.29581233339202845,0
127120,0.29581075676309304,0
120042,0.29578267548461107,0
121566,0.29576054016135,0
126910,0.295727996486478,0
116863,0.29565328453140427,0
118197,0.2955918355178811,0
124186,0.29558631240333455,0
120175,0.2955612796410604,0
116127,0.2955545576467165,0
126944,0.2955025910421816,0
123416,0.29550210184892894,0
127051,0.2954044845456947,0
122930,0.2953883004063541,0
117888,0.2953755161034195,0
118930,0.29536171971344405,0
121951,0.29528182288986415,0
118297,0.29527209690653405,0
126491,0.2952409399361472,0
120922,0.2952328445881809,0
120804,0.29520443204419755,0
119307,0.2952035364448182,0
121971,0.2951660342226433,0
118340,0.2951470432517644,0
124879,0.2951359500571077,0
121806,0.295126650023807,0
117959,0.2950713338964069,0
123050,0.29497837887939826,0
121394,0.2949764423476991,0
123950,0.2949552326757352,0
124480,0.29485982197452143,0
121110,0.29484628001915725,0
125268,0.29480690848732005,0
118078,0.2947891983046176,0
121321,0.2947862436915036,0
125534,0.29474650916640577,0
117939,0.29473962928180797,0
123550,0.29469568067874374,0
125709,0.2946900620770202,0
122236,0.2945826491194573,0
120359,0.2945568674257667,0
116634,0.29454837686986135,0
126438,0.2945247927641366,0
120507,0.29451884457442495,0
126210,0.29451137026815666,0
118812,0.29451037446495104,0
122523,0.2944407705704862,0
126056,0.29440285878320843,0
126947,0.2942902887480936,0
120348,0.2942866909535409,0
118314,0.29420109516196846,0
121849,0.29417522113342537,0
118074,0.2940639559611772,0
115068,0.2939438952028535,0
121306,0.29383212226107075,0
117905,0.29382089601274797,0
123324,0.29377131469084367,0
118797,0.29374508286795825,0
116662,0.2937197922428977,0
118627,0.2936392292982691,0
116319,0.29362005992011286,0
126361,0.2936165202152426,0
117671,0.29353792503380227,0
121246,0.29346241820823477,0
123798,0.29343224642057836,0
122432,0.2933542703308807,0
120070,0.2931485670738948,0
118805,0.2931086993466769,0
122701,0.29308655294785757,0
121618,0.29308652946301933,0
117842,0.2930748018351315,0
123921,0.29303670924447267,0
118523,0.2930229720277475,0
124592,0.2930026186469067,0
127075,0.29293604072442986,0
123832,0.2929225469797524,0
118318,0.2928698222644089,0
124275,0.29285157901649345,0
119435,0.2928265679256943,0
122718,0.29281343742955696,0
118723,0.2928105806278731,0
117650,0.29280391675796535,0
123242,0.2927607864217899,0
115717,0.2927603093410361,0
123509,0.29272910954714365,0
123380,0.2926904642255003,0
118384,0.29266215489017466,0
117363,0.29262941653223146,0
121988,0.2926190898426985,0
116732,0.2926033836130687,0
119709,0.29255942125632917,0
118352,0.29255596992449473,0
124101,0.29244494301108415,0
123171,0.2924268183390451,0
121919,0.29240602614325917,0
121497,0.2923258824830154,0
117985,0.29229556959083935,0
117060,0.2922700152465397,0
117186,0.2922507200494292,0
122985,0.29224564144414084,0
119136,0.29223563843751293,0
121660,0.2922306021689237,0
118713,0.2921996856395885,0
124682,0.29218028303226734,0
117566,0.292065180100339,0
118150,0.29201668144510773,0
122280,0.2919265293590331,0
122845,0.29192492072313475,0
126223,0.29188079203359285,0
124220,0.2917571532546849,0
119662,0.2916987390530682,0
124475,0.29168271442741783,0
116694,0.2916809695354781,0
126920,0.2916586501272023,0
116792,0.29163860295884714,0
121266,0.2916295529186211,0
125512,0.29158550203815864,0
125082,0.29157864964635705,0
117829,0.2915768734623514,0
121983,0.29150746468565414,0
120024,0.29150053106289736,0
123596,0.29138577026518164,0
118847,0.2913564864399671,0
123194,0.29130872765473903,0
119457,0.29117332205345775,0
114922,0.29114951272133494,0
126517,0.29114355051773844,0
115487,0.2911351867455317,0
119332,0.29113403509943636,0
123819,0.2911057281389795,0
126659,0.2911031872203202,0
119741,0.2910852359230769,0
120539,0.2910696297859089,0
125373,0.2910092799743619,0
119151,0.2909763727735504,0
120237,0.2908247625647935,0
118414,0.2908224894730822,0
124660,0.29079890546748477,0
126754,0.2907761823468689,0
119375,0.2907456760316639,0
121195,0.2907113277090798,0
117628,0.2906881233494304,0
122541,0.2906496775280992,0
121946,0.29055498405024294,0
125061,0.2904634156551727,0
120568,0.2904418964636116,0
124700,0.29038955550750584,0
115369,0.2903728858998547,0
119990,0.2903723201581321,0
122447,0.29036733212138577,0
120432,0.2903533263530994,0
122200,0.2903346564686723,0
125340,0.29031808605110104,0
118568,0.2903083087455443,0
123818,0.29028604024705124,0
121679,0.29026865160808724,0
120381,0.29021355887724487,0
124755,0.2901916015031998,0
126165,0.290190294818079,0
118031,0.2901847251318097,0
119095,0.2901098787914068,0
118657,0.2900980775491378,0
125847,0.2900471626180455,0
119126,0.2899524267932849,0
117548,0.28992235177628584,0
119034,0.2899142686159448,0
116652,0.2898483640433128,0
125418,0.2898452520970936,0
118221,0.2898096119595786,0
117903,0.2897976980933398,0
116019,0.2897245672058882,0
123886,0.28971202912822097,0
119867,0.28967164600403383,0
118882,0.2896257826356198,0
115453,0.28961647117341716,0
125250,0.2895013462458395,0
115681,0.28939829598466543,0
122968,0.28936427308987744,0
115933,0.2893431741100595,0
115138,0.2893389421787346,0
125062,0.28931529089399177,0
118779,0.2893024426560275,0
124219,0.28928186863536826,0
114834,0.2892426071804462,0
119117,0.28919614363435214,0
117011,0.2891260014625971,0
125789,0.28905348318143714,0
123104,0.28898553078028805,0
119467,0.28886824448287063,0
119319,0.2888617619762764,0
121832,0.28879340168457934,0
116097,0.2887675104930645,0
118251,0.28875727280696145,0
124041,0.2887422586482467,0
125906,0.2887306505061916,0
118937,0.28871483539729803,0
118518,0.28870849512685953,0
122558,0.28868397810291574,0
115503,0.28866932136212414,0
115182,0.28865116326033463,0
117496,0.28861013065195323,0
122799,0.28858270310433487,0
121666,0.2885553063380982,0
122479,0.2885044154386739,0
125801,0.28849961554208153,0
120878,0.2884938951897088,0
126255,0.28836865174669374,0
124297,0.28834620992516247,0
119329,0.2883286038109841,0
124002,0.2883204394756296,0
119473,0.28830339217537343,0
119238,0.28829271115008376,0
116779,0.28828452503672347,0
122646,0.2882698152779618,0
125166,0.28825099459587006,0
121390,0.28824368011230034,0
115976,0.28822770052521585,0
125591,0.28817177196419164,0
125686,0.2880384249041948,0
123980,0.2879912518207994,0
127169,0.2879838084580083,0
127117,0.2879665102329173,0
124764,0.28796284808496503,0
122935,0.28795270615987645,0
122981,0.2879281452265909,0
123767,0.2879023100484903,0
123803,0.2877699824739692,0
121397,0.2877580961926724,0
120889,0.28769002044266495,0
121260,0.28765090929914894,0
120578,0.2876362222224015,0
117511,0.28754984966967084,0
126306,0.28753919561282093,0
120012,0.28747228974724576,0
124556,0.2874280846202821,0
119892,0.2874226633966575,0
127448,0.28738412618283576,0
126424,0.287378346541544,0
115028,0.2873743209712003,0
126864,0.2873590820770843,0
122878,0.28722717570347417,0
120780,0.28713078710984125,0
127267,0.2871306063639021,0
122245,0.28702772659178327,0
120857,0.28700714507136094,0
116098,0.28694169511826106,0
122654,0.28691540626370754,0
115239,0.28688203857184075,0
120569,0.28680077611805876,0
123563,0.2867679111278134,0
120101,0.28676779358722326,0
122520,0.2867631669326116,0
125056,0.2867409401426288,0
125011,0.2866603125531098,0
126360,0.2866068955908353,0
118729,0.28657562811967163,0
126178,0.28650471487291757,0
119612,0.2863164638088949,0
116596,0.28629885829832896,0
118157,0.28624838287197424,0
124733,0.2862462104653999,0
115510,0.2862256874963403,0
121092,0.28621166582046376,0
124913,0.2861977912898252,0
121918,0.28609296580263893,0
116028,0.2860629392279455,0
124314,0.285914759521515,0
124238,0.28584898061815217,0
122141,0.285843479148984,0
121500,0.2858383545774003,0
118015,0.2857904223042246,0
123658,0.2857822305981759,0
119359,0.28577066312602684,0
120899,0.2857575213378067,0
125324,0.28573916505671965,0
124594,0.2856830201762928,0
118757,0.2856304597373052,0
118643,0.28560944254979886,0
115233,0.2855935507905858,0
123337,0.28557167075145046,0
120324,0.28555057662188216,0
117781,0.28546760575073543,0
118614,0.2854095961921134,0
121434,0.28538234948953156,0
117586,0.28528910483496295,0
126589,0.2852193903650052,0
122224,0.28521760235122356,0
117481,0.2851423506918303,0
121520,0.2850878009485241,0
118443,0.28507515134441325,0
119886,0.28497816778343127,0
119955,0.28496871921421335,0
116551,0.2849667648829307,0
116562,0.2849274012168427,0
114792,0.2849192719918876,0
122918,0.28482185354051265,0
116417,0.2848119896518456,0
119524,0.2847976102340332,0
121930,0.28474649046012324,0
116555,0.28473410516294123,0
120288,0.2847264434863061,0
118457,0.2846800147847013,0
124419,0.2846691415485299,0
120297,0.28464518408096406,0
115507,0.28463229483214775,0
119643,0.2846026982043329,0
126588,0.28458121550751403,0
126457,0.28450969782020336,0
122362,0.28438907312957307,0
122528,0.28431217529321756,0
121641,0.28425873024133275,0
121893,0.2842498742963373,0
116539,0.2842089907393381,0
122419,0.2841835663951313,0
116153,0.28418014261635294,0
121557,0.2841126179648883,0
120692,0.284061679166928,0
115124,0.2840234079063754,0
117170,0.2840054094071937,0
126967,0.28397127725938326,0
115945,0.2839608977518126,0
118976,0.2838950615599524,0
117028,0.28386915657194145,0
123825,0.28382804021806307,0
120242,0.2838166922920153,0
119797,0.28376140441183895,0
124304,0.2837100221185269,0
115324,0.28364241789963324,0
119026,0.283637145031042,0
125190,0.2836192277675521,0
118915,0.2835519802117002,0
120505,0.2834747248011472,0
120251,0.283445710276241,0
121821,0.28339831700180385,0
115459,0.2833333334795819,0
123371,0.28323160602980907,0
125996,0.28311084835856387,0
119816,0.2830803742477964,0
124283,0.28302354066766355,0
123472,0.28300965630711716,0
126111,0.28300219778161856,0
124196,0.28290657455223345,0
120489,0.2828908685842589,0
124337,0.2828176565673758,0
116381,0.28277214396180306,0
119607,0.28268154622331826,0
120866,0.282674891465035,0
118703,0.2826715275551798,0
120726,0.28266972136576124,0
124648,0.2826131638484198,0
117273,0.2825775211842317,0
119829,0.28256324401240657,0
118600,0.2825022549803344,0
116664,0.2824771434341384,0
119589,0.2824328773431352,0
119462,0.28240794762351606,0
125030,0.2824015208268531,0
126806,0.2823837805118271,0
122148,0.28235028290560754,0
123258,0.2823431226376642,0
115905,0.28231219673353986,0
117000,0.282301750055749,0
122800,0.28222743951157164,0
120966,0.2822090792895887,0
125737,0.28217733890979807,0
120919,0.28215066477196826,0
116638,0.28210824748948465,0
115417,0.282093508306136,0
123341,0.2820580611126792,0
127143,0.2819817971020739,0
115015,0.28197396328556396,0
115064,0.2819583885936241,0
126606,0.28188950673012725,0
125651,0.28184635246629347,0
116110,0.2818110960346011,0
116575,0.2817926783318272,0
117411,0.2817725437471661,0
116448,0.2817601639176686,0
115414,0.2817561144367452,0
116649,0.2816906716366184,0
123265,0.28167844376963724,0
124849,0.281668264454521,0
117697,0.2816591373296135,0
119162,0.2816568870349715,0
116258,0.281610456544688,0
127141,0.28153428122201396,0
124391,0.28149158823256526,0
114997,0.2814783358156512,0
122887,0.2814742828550942,0
121391,0.2814670087869922,0
125720,0.28142387942443653,0
119057,0.28139931880172436,0
125074,0.2813888895850462,0
115443,0.28138617441330965,0
115012,0.28136296737256306,0
123790,0.28134964264721835,0
127409,0.2813472547715296,0
115145,0.281341559360356,0
117557,0.2813413731553317,0
121853,0.28128695572643875,0
115410,0.2812324846086662,0
117380,0.28121099097141045,0
126044,0.28112210776788177,0
121897,0.2811202409335998,0
122133,0.2810992292139667,0
116926,0.28107144936227557,0
122040,0.2810608054331917,0
125414,0.2810482482046023,0
121495,0.2809444335006175,0
121814,0.28093357420646026,0
119992,0.28089975125909816,0
125042,0.28088815417558266,0
122761,0.2808872792087844,0
127151,0.28082419653873775,0
120953,0.2806913155344954,0
124902,0.2805750038361359,0
119418,0.2805599516822396,0
125121,0.28054226921946646,0
120731,0.28053524112622613,0
117726,0.2804665187081381,0
120304,0.28041957224406466,0
123276,0.2803566289340625,0
116854,0.28023688737197733,0
121427,0.2801793104245594,0
122517,0.28006500037241466,0
124683,0.2800330003810599,0
125932,0.28000792702106225,0
120686,0.27989474121156915,0
125361,0.27988872750529253,0
122763,0.2798871523901439,0
115083,0.27985210728069687,0
120187,0.2798519045842919,0
115235,0.2798461451061688,0
114960,0.2798250414901373,0
121238,0.2798096884670552,0
114818,0.2798087043993331,0
117242,0.279807268727614,0
117833,0.27976508227907,0
116205,0.27974285295102985,0
116350,0.2797368486959744,0
125980,0.2796482666177688,0
122688,0.27964570678173006,0
125468,0.27950284010407,0
123132,0.27949877816940816,0
119244,0.2794358591605189,0
123703,0.2793101782380331,0
125227,0.27919711114863,0
114909,0.27906089361170633,0
119584,0.27905333101465574,0
115718,0.27904297941640394,0
124240,0.279028568004163,0
123621,0.2788060701450239,0
121157,0.2787979733584478,0
122140,0.2787128280153579,0
117317,0.2787105692931509,0
125313,0.2785748542270422,0
119251,0.27851610422352374,0
123692,0.27851143080118423,0
125073,0.27834465914111645,0
118373,0.27829011811906357,0
119051,0.2782233393055185,0
120589,0.2782206101819948,0
124736,0.27820047041351126,0
118075,0.2780894876061407,0
121182,0.2780103227152269,0
122946,0.27793671581321894,0
118316,0.2779277675495846,0
119711,0.2778539427158956,0
125610,0.27773028842166453,0
121793,0.2776701255684992,0
121204,0.27755534063222276,0
125618,0.27755002805043,0
123937,0.27753603804136007,0
116259,0.27751861177456383,0
124532,0.27751272472189703,0
125312,0.27744790821636195,0
119880,0.2774476351262074,0
115153,0.27741660765489223,0
115711,0.27739956710698316,0
115445,0.27733809379488755,0
115379,0.277297858813038,0
115634,0.27726197551288084,0
116360,0.2772303944106818,0
121668,0.27717924874961253,0
118684,0.2771765100945156,0
120094,0.2771578266923524,0
120563,0.2771289884495953,0
119302,0.2771240188738185,0
124426,0.27711957501453494,0
115432,0.2770896496462081,0
124294,0.2770434150255046,0
115192,0.27702100291083837,0
124955,0.27691891722256873,0
121466,0.2768854165691917,0
120361,0.27688009693663707,0
125329,0.27686308269224225,0
126814,0.2768518082371985,0
119022,0.27675577772442356,0
123090,0.27671365151044874,0
125087,0.27670338715625886,0
125331,0.27667656508874333,0
124102,0.27662304570823615,0
126291,0.2766151920509391,0
124316,0.2765604123492288,0
119270,0.2765413447175824,0
121217,0.27652974803547803,0
120158,0.2764990663928935,0
119114,0.27647232608967065,0
125347,0.2764586598677266,0
121763,0.2763940163796086,0
126038,0.27639033511989364,0
126900,0.2763828863226834,0
126247,0.27633929054092876,0
115661,0.27632336457986045,0
123770,0.276302423304768,0
121662,0.2762723044655245,0
126609,0.27624866716893465,0
121488,0.27624754745801416,0
127265,0.27622420244189405,0
123155,0.2761277028096827,0
124351,0.276097132882283,0
124471,0.27609516861675126,0
127216,0.2760666252768867,0
115196,0.2760234330769101,0
115887,0.27597195704514776,0
117027,0.2759631011467805,0
124137,0.275946154486503,0
126086,0.27591647996183494,0
114915,0.27589706313647283,0
121463,0.2758586265036492,0
116426,0.2757504884165412,0
121667,0.27575033123997283,0
118584,0.27571545710896034,0
118849,0.27562093237123886,0
124840,0.2755939628277564,0
126190,0.27556332586507465,0
123287,0.2755555870061215,0
115230,0.2755403254960002,0
119616,0.2755206404771811,0
115500,0.27547933960093407,0
125787,0.27544546323927266,0
120742,0.2754412685119131,0
115019,0.27542912208282816,0
119053,0.27536582156641304,0
117646,0.2753241572191957,0
127488,0.27532032135998996,0
122843,0.27531188744429674,0
121560,0.27529952239947497,0
124579,0.2752736927187758,0
118448,0.27523679659519446,0
115748,0.27522851239210533,0
122391,0.27521367496221494,0
115819,0.2751744465132106,0
116016,0.2751707669315109,0
123912,0.2751187703597285,0
122381,0.2750526052730294,0
123691,0.27503638467643476,0
119347,0.27499857874677597,0
115170,0.2749919493248018,0
119377,0.274987047396629,0
122500,0.2749784981750241,0
123771,0.2748497669343887,0
114932,0.27484523439542147,0
124160,0.2746657809704888,0
120638,0.2746435840562944,0
125891,0.27459424389912507,0
118755,0.2744029549168437,0
119490,0.2743904040859712,0
123926,0.2742885091847792,0
123093,0.2742163528112885,0
126031,0.27419542310728073,0
121125,0.27417051872760817,0
116840,0.27411468769385666,0
121075,0.2740532615502919,0
117194,0.2740242333151165,0
124242,0.2740175436772375,0
123018,0.2740085642845078,0
115231,0.2738957860503929,0
122802,0.27387446832340656,0
116476,0.27376718084924373,0
120198,0.27374435139049785,0
120069,0.2736935389614049,0
118581,0.27366806752396355,0
122591,0.2736365783121348,0
122333,0.2735320292515094,0
124586,0.2735294937206567,0
125617,0.27348600943079127,0
120773,0.2734457002316937,0
122435,0.2734446895133148,0
121142,0.27341407142334806,0
120163,0.2734014124743679,0
120649,0.2731246185176861,0
123989,0.2731028577040021,0
118714,0.27303156756646896,0
121519,0.2729579456023036,0
119963,0.2728983648952619,0
125552,0.2728226406536725,0
119275,0.27278442266960634,0
120390,0.2727235427398972,0
122121,0.2726654991400691,0
116443,0.27262849754404517,0
118499,0.2725548725840305,0
119154,0.2725390343715542,0
118891,0.2725229973830219,0
116943,0.2725214760361888,0
119564,0.2724850365611338,0
118014,0.2724180459424832,0
117941,0.27239445536373047,0
127527,0.2723928647604452,0
117374,0.27239251162990713,0
125702,0.2723393258355249,0
114835,0.2723188010773276,0
115201,0.27223528025943067,0
119109,0.2722248297331074,0
127162,0.27222472762614297,0
120480,0.2721990029945867,0
119429,0.2721872648187991,0
125738,0.2721338052130807,0
120312,0.27207000448747937,0
117703,0.27204831255859957,0
126380,0.27203365805025004,0
115854,0.2719915054175905,0
125090,0.2719321504421828,0
114976,0.271926668946933,0
116730,0.2719265152912102,0
123519,0.2719054403369512,0
126011,0.27189828911414343,0
120057,0.2718972413863022,0
117763,0.27189400841905886,0
117669,0.27187319042631664,0
123006,0.27185053351967364,0
117466,0.2718429410649972,0
115693,0.27178240518544666,0
123308,0.27175083234746966,0
125813,0.2717104751133423,0
124150,0.27166933225948875,0
126538,0.27164681535177393,0
115296,0.2715750570943334,0
116917,0.27153425070573467,0
122888,0.27149283276382297,0
126757,0.27147774315148854,0
116093,0.27147193336942205,0
121373,0.27144891120640774,0
125153,0.27141844014347394,0
124072,0.2714004938645214,0
122711,0.2712756422388709,0
123021,0.2712271815948206,0
126771,0.2711752533099068,0
121483,0.27116339712350573,0
118680,0.2711472750494666,0
121904,0.2710901487989349,0
121684,0.2710444257636306,0
119601,0.2709990929758321,0
122856,0.2709618215821249,0
116526,0.2708940280962936,0
118016,0.2708921897120359,0
123606,0.2708815821083324,0
116829,0.27087937476334145,0
119402,0.2708163002628015,0
120616,0.27079822930245007,0
124115,0.2707893210882719,0
119105,0.2707837797090343,0
125780,0.2707796935814231,0
114935,0.2707588951530774,0
123667,0.2707150736145887,0
121894,0.2707077889984344,0
118168,0.2706402578238378,0
121960,0.2705978001363661,0
121600,0.2705701902950749,0
119872,0.2705170491046023,0
114938,0.2704836812275743,0
121909,0.27048127877398587,0
117943,0.27044534795341396,0
125882,0.270352968042999,0
121802,0.2703006597733612,0
115133,0.2702982834584532,0
123207,0.27026802419849527,0
121212,0.2702277526674238,0
127172,0.27021157054308537,0
120077,0.2701771133803194,0
124217,0.27017689668349565,0
117673,0.2700696608961845,0
121121,0.2700589127141015,0
115659,0.2700411703375719,0
126756,0.2700265436085106,0
119133,0.2700160677775912,0
122001,0.2700137757208701,0
120031,0.26989717962733806,0
127246,0.26988458107374813,0
118116,0.26987474449894505,0
121537,0.26978037767810703,0
123833,0.2696431384463697,0
127137,0.2696124313560086,0
124784,0.2696070780890563,0
127026,0.269606441235274,0
115663,0.2696062250802292,0
127328,0.26956824175824334,0
115251,0.269547921848096,0
114788,0.269488955706927,0
117341,0.2694864185771742,0
120292,0.2694831614783242,0
124005,0.2694722574173269,0
125037,0.2694667292058472,0
114804,0.2694100739503076,0
119759,0.2694026460327363,0
117214,0.26940012504295613,0
125794,0.2693560200447642,0
121746,0.2692999336854216,0
122062,0.26921295607236195,0
127234,0.26907611311939705,0
121633,0.26907461637772356,0
125112,0.26898010681702184,0
124613,0.2689775474079663,0
126765,0.26891026410911895,0
125238,0.26890940207817426,0
126611,0.2688893233830423,0
127455,0.268883680825289,0
124000,0.268842829921294,0
123680,0.26882142004191184,0
126479,0.268798599067472,0
120664,0.26873235592010414,0
119448,0.2686968824763357,0
124185,0.2686966818596152,0
121503,0.26865147023872415,0
125119,0.2685604469925329,0
117709,0.26852179426169503,0
118032,0.2684544231252462,0
122122,0.26845093458236235,0
126883,0.26843278419447797,0
122848,0.26832926576334704,0
116150,0.26832526237628,0
122341,0.2683025784759508,0
123561,0.2682915998873298,0
125907,0.2682625546605166,0
115254,0.268243662223834,0
121786,0.2681848832818373,0
116624,0.2681212735563752,0
117338,0.26808093356455415,0
121624,0.2680795786068408,0
115907,0.26807335166389,0
118206,0.2680525653242869,0
121351,0.26803176660932865,0
122704,0.26799105332009704,0
124758,0.2679318764433009,0
121458,0.26788287775004194,0
115106,0.26784141457197524,0
118077,0.26780961676914067,0
114927,0.26778480260116033,0
123966,0.26777246304140373,0
122031,0.26772530219361923,0
124493,0.2677213304516881,0
117461,0.26771624189095594,0
122181,0.26770869461240115,0
124642,0.26769383714043704,0
117369,0.26767889455881855,0
125626,0.2676762577122118,0
117873,0.26766755986596524,0
118644,0.26760412745195244,0
115127,0.2675043608865217,0
116979,0.2674684230242956,0
116716,0.2673322109463368,0
125515,0.2673110138197309,0
126468,0.26728551554689595,0
114907,0.26719122656633576,0
121179,0.2671505561711666,0
125462,0.26710370808095574,0
115624,0.2670947947118854,0
116906,0.26703642629074914,0
126274,0.2670132899763077,0
127319,0.2669663818465311,0
122288,0.26694297370703635,0
126019,0.266890315725315,0
121605,0.26682727034207077,0
119300,0.26682503855388584,0
123577,0.26675577549616764,0
118407,0.26673407240367053,0
125409,0.2666833823638967,0
119082,0.26664605195958024,0
116566,0.26663940117276425,0
116489,0.26661932626736684,0
125252,0.26661580160630394,0
123259,0.2665888300761965,0
124948,0.2665713645275078,0
127121,0.26654312564423005,0
120248,0.266500039467714,0
127317,0.26645597885248995,0
124069,0.2664147282222733,0
124056,0.2663314386032304,0
122811,0.2663246210579665,0
117126,0.2663098031727096,0
116083,0.2662734356609783,0
124412,0.2662618852472944,0
126781,0.26623469983650466,0
121797,0.2662249727337061,0
122118,0.26620416837883554,0
119726,0.26604485065767164,0
118658,0.26603865206635546,0
126841,0.2660047290267474,0
124045,0.2659631654104729,0
126172,0.26596260845463104,0
119312,0.2659577106002712,0
117041,0.2659190491297164,0
117845,0.2659154476625599,0
116757,0.26590832502624984,0
121446,0.2658608784656187,0
115053,0.2658536631470628,0
116847,0.2657195374298017,0
117247,0.2656772694283618,0
125477,0.2656739782839728,0
125481,0.26566478123449666,0
127266,0.265634696145605,0
116727,0.2655783558558214,0
122083,0.26551845693052545,0
120065,0.2655050569459281,0
117756,0.2654831320037886,0
117152,0.2654484824336288,0
116190,0.2654138404103641,0
117894,0.26537664944803796,0
117940,0.2652794787261554,0
116455,0.265275979307267,0
123957,0.2652110791241035,0
115066,0.26520407731874435,0
121093,0.2651843811863908,0
125223,0.26518045167490417,0
126928,0.26510390374976694,0
126974,0.26506283406192555,0
116815,0.2650343453318937,0
120680,0.2650323713069255,0
120958,0.2650177108851443,0
127366,0.2649514380412013,0
115534,0.26493059474720204,0
116832,0.2649150781630636,0
119416,0.2648978213169473,0
124205,0.26489197541255055,0
121589,0.26487818104697886,0
121362,0.26485016463690764,0
125031,0.264826438931004,0
118403,0.2647847453806838,0
125825,0.26478283008645903,0
121240,0.264765793673216,0
115891,0.26475776320410416,0
126231,0.26465931435704826,0
115117,0.2646382874667715,0
124001,0.26463702315576587,0
126826,0.2646182568204907,0
125756,0.26456556115152097,0
116320,0.26452449891555296,0
123107,0.2645139483554041,0
122111,0.26445763764195235,0
124689,0.26445324163162914,0
121083,0.2644212048127677,0
116120,0.2643295396976188,0
115472,0.26424915882286837,0
123292,0.2642440384085475,0
118198,0.26422621085452236,0
121039,0.2641656139459599,0
122415,0.26416310247299357,0
122927,0.2641313988006809,0
126292,0.26412954011689205,0
116355,0.26408668284481174,0
125946,0.2640751015530588,0
121070,0.26406974943836176,0
118646,0.26403408955278596,0
121748,0.2640219514989138,0
115088,0.2639569196525233,0
124319,0.26391767412178113,0
125380,0.26390880710113135,0
117736,0.2639015553815308,0
125927,0.26387759835431357,0
119641,0.2638552263565075,0
115628,0.2637500598447235,0
119493,0.2637109538118827,0
121854,0.2636997562929467,0
121611,0.2636630641593943,0
121804,0.26365772085723577,0
122751,0.263655254357906,0
125811,0.2636313218723611,0
116781,0.26360004800364806,0
122103,0.2635859608755324,0
121621,0.263486105403726,0
117688,0.26345531240680553,0
126629,0.2634153182517983,0
122773,0.2633728706936777,0
120384,0.2633600450107293,0
119603,0.2633537486734703,0
118203,0.2633320438842363,0
123318,0.2633298334580542,0
125052,0.26327462677652474,0
115157,0.2632735156258784,0
124538,0.2632309736298422,0
118530,0.2630768253727203,0
115304,0.2630008087361344,0
120522,0.26298726786091065,0
122683,0.26298268301644134,0
120591,0.26297464020929845,0
117971,0.26297437207226954,0
117743,0.26297188560835566,0
116849,0.26296853220008115,0
125905,0.2629527516656927,0
123319,0.26290417427097595,0
121725,0.26288390168549325,0
123493,0.26287417763840853,0
125124,0.262825122420504,0
124559,0.2627911933897395,0
117714,0.2627834650212029,0
125630,0.2627728141585582,0
122624,0.26271625836524326,0
115641,0.26269476975219,0
118594,0.26266882822753623,0
118143,0.26265855920589753,0
120523,0.2625695480675086,0
125539,0.2625588571964469,0
126616,0.262537231684861,0
121765,0.26248630641873055,0
119298,0.2624260050730817,0
124473,0.2623536486547715,0
124064,0.2622967921646603,0
124612,0.2622305819299068,0
119106,0.26222820229413496,0
116711,0.26218902933123617,0
126698,0.26216830332731883,0
120036,0.2621060395306062,0
122477,0.2620844436499492,0
121054,0.26204733472816444,0
118914,0.26195151316894333,0
121421,0.2618859507710882,0
115820,0.2618446085170984,0
115306,0.2618431663087099,0
119522,0.2618012942190222,0
124460,0.261784782331688,0
124583,0.26173416408318817,0
118813,0.26173090902588286,0
124430,0.2616549309654765,0
115372,0.26163703691456547,0
122511,0.2616061556626041,0
117594,0.2615747250720018,0
125135,0.26154502019434106,0
126282,0.2615423354595526,0
116764,0.2615336159309222,0
117515,0.26151399438057216,0
123718,0.26148909836286677,0
122885,0.26144690403237036,0
123792,0.2614398414445681,0
123301,0.2613900597628465,0
118598,0.26138278330235637,0
122644,0.2613760570442566,0
120190,0.2613447680513612,0
125346,0.2613395840685126,0
127378,0.2612916123789774,0
122813,0.261270391284499,0
119942,0.2612495746700646,0
123317,0.26114093422261053,0
126276,0.26108348345599297,0
120737,0.26107039539493476,0
118363,0.26105093862893325,0
122912,0.26103146885466416,0
117144,0.26100424860982296,0
121159,0.26099089180943813,0
125970,0.2609636140633317,0
123360,0.2609590914170022,0
118715,0.2608354074887163,0
124725,0.26076554624614146,0
126046,0.2607524471122144,0
127005,0.2607510811446558,0
116302,0.26072019730981694,0
120100,0.26070083723054005,0
123906,0.26069499979882155,0
118667,0.26069248837201364,0
119013,0.26069160771803906,0
123359,0.26069148247879353,0
118229,0.2606425226261039,0
115023,0.26059604144477416,0
116704,0.2605660542600794,0
122159,0.26055642092007786,0
124289,0.2604532923494121,0
119351,0.26044874342315977,0
124589,0.26044499378199537,0
115062,0.26041651410877337,0
124434,0.2603956483860177,0
125548,0.26038714111488775,0
117575,0.26037766804874873,0
117454,0.2603730639844175,0
120895,0.2603721680431561,0
121944,0.26033173314426544,0
120602,0.26031269864722034,0
127181,0.2602750524698948,0
121620,0.2601970953036046,0
118968,0.2601054815564951,0
122084,0.2600163562870667,0
123163,0.25999451388761247,0
116493,0.2599880781775157,0
122998,0.2599712379266767,0
119471,0.2599211820307685,0
117473,0.259889740340933,0
117721,0.2598826931837898,0
115123,0.2598801678380143,0
116911,0.25985336420540944,0
121282,0.25983570801212985,0
122886,0.2598233772943516,0
114984,0.2597887784017273,0
125137,0.25975095722775654,0
117404,0.25966065174607533,0
125664,0.2596440443306168,0
123254,0.2596216705451368,0
121164,0.2595496788366785,0
115392,0.2595244248972497,0
115113,0.259476175075843,0
126039,0.25945896092807824,0
116842,0.25936809059609983,0
123907,0.2593329019636899,0
116935,0.25932833815436873,0
120765,0.25929558057448965,0
119000,0.2592954884753726,0
119143,0.25929167089387545,0
118071,0.25927603435986046,0
115629,0.2592677751237708,0
119296,0.25919044429386373,0
122569,0.2591608590140936,0
123031,0.259155400837715,0
126734,0.2591437788637738,0
122997,0.25913360931085716,0
114911,0.259115097251996,0
122671,0.25911395137657006,0
116277,0.2590821233739804,0
121047,0.25905995893327727,0
119701,0.259053061743551,0
115003,0.2590504286581427,0
124465,0.2590063366561874,0
117464,0.2589605886988722,0
123705,0.2589500984663595,0
123232,0.25893703789952754,0
124169,0.25893687508767915,0
115539,0.2588641005244067,0
127249,0.2588536937487617,0
123899,0.2588454822280295,0
115067,0.2588183747578946,0
116939,0.2588097084718202,0
127054,0.25873288792687854,0
126145,0.2587274765941866,0
124198,0.258703460416249,0
117600,0.2587023951346395,0
119047,0.25865942636057254,0
117445,0.2586591611752492,0
116267,0.25865777585434113,0
121470,0.2586440194153183,0
122320,0.25863388887080485,0
126245,0.25850577824819815,0
121099,0.25849748403973416,0
117484,0.25841745184261566,0
115102,0.2582957841217645,0
121649,0.25828151822767087,0
123993,0.2582623430573889,0
124788,0.25821369127090815,0
125364,0.2581899807527984,0
115837,0.2580941868423833,0
121400,0.2580661062769242,0
123956,0.2580564626223841,0
122673,0.25796307667197477,0
121917,0.2579607576796749,0
125114,0.25786954210017227,0
124375,0.2578635127768778,0
125367,0.2577147687873119,0
125020,0.2577112832011242,0
125411,0.25770596670379814,0
117030,0.25769416805100565,0
123284,0.2576573365132592,0
120706,0.2576547891206512,0
126254,0.25761089441952983,0
124863,0.25757335661156705,0
117854,0.25743962097801504,0
122495,0.2574132318119013,0
124639,0.25737926978866243,0
116600,0.25735209299030004,0
127016,0.25734475734593404,0
125036,0.2572852517739329,0
126004,0.25723230560399246,0
117054,0.2572228531049041,0
115736,0.25720972614395016,0
122126,0.25715707959629996,0
117966,0.25712767770465444,0
127435,0.25712403479544055,0
124222,0.25708388568348584,0
125875,0.2570824314281809,0
117514,0.257016175020272,0
118716,0.257003853792088,0
114954,0.25699219251268157,0
125660,0.25698333181695576,0
117715,0.2569095340212829,0
117333,0.2568701439086963,0
126780,0.2568376485520752,0
116206,0.25674229233369444,0
120837,0.2567415704604052,0
125609,0.256647878471376,0
121694,0.2566139310946992,0
124462,0.2565886448985309,0
116889,0.25657447527316496,0
121516,0.2565482837981978,0
116199,0.2565154584067446,0
121100,0.25651259655265735,0
117944,0.2564916459263415,0
115519,0.2564213040064615,0
122766,0.2563595590012766,0
122136,0.25626996989067763,0
117538,0.25626555714826854,0
115200,0.256253964754547,0
124065,0.2562318376650192,0
122854,0.25622192428975726,0
123887,0.25621276804195914,0
125943,0.25619105776373857,0
117073,0.25617558874310536,0
127232,0.2561573888129708,0
119925,0.2560948048499705,0
116509,0.2560550386364572,0
125623,0.25598905918763615,0
120294,0.2559643791859826,0
118787,0.2559577096103183,0
119686,0.25581818842315046,0
119159,0.25578449264618613,0
121707,0.2557489456845919,0
117942,0.25573678498299446,0
116211,0.25571325146165347,0
122669,0.2556998753930981,0
116593,0.2556063969861669,0
122649,0.2555423380095348,0
120784,0.25550325403064034,0
127344,0.2554948790154341,0
115045,0.25546875724822166,0
119234,0.2554230617448574,0
125600,0.2554209550248461,0
123529,0.2553860472055729,0
116269,0.25537978821562796,0
115895,0.25537104029630114,0
119485,0.2553507982947989,0
126994,0.25529370884228475,0
117206,0.2552650163440997,0
116576,0.2552211989525372,0
126408,0.2552164607755281,0
116106,0.25515345750770346,0
116285,0.25514583917790373,0
115853,0.2550929377931485,0
125918,0.2550644609145256,0
121450,0.25506184720735214,0
117627,0.2550020153554315,0
123210,0.2549934938812066,0
125506,0.2549865834036589,0
125172,0.2549745347247057,0
127108,0.2549703728252897,0
117752,0.2549293217233011,0
127324,0.2548967371363099,0
126439,0.2548596321636595,0
120267,0.2548563029551867,0
127154,0.2548323578350196,0
119362,0.2548320932382527,0
114914,0.2548251884758389,0
117442,0.2547600786888579,0
125084,0.25471955269346097,0
122948,0.25470206523745975,0
123246,0.2546960135109547,0
115482,0.25463886621896453,0
124149,0.2545943174973734,0
115155,0.25458265417142895,0
119868,0.2545215494432758,0
125311,0.254520333784807,0
114970,0.25451761694197905,0
116075,0.25450690634350837,0
125690,0.25447842790813974,0
120418,0.25443820633818054,0
119165,0.2543949651238382,0
118998,0.2543673102982017,0
120146,0.2542822009399886,0
115573,0.2542345519084737,0
119354,0.25422203560574014,0
121914,0.2541997171020037,0
127363,0.25410011196889765,0
124495,0.2540392758181382,0
119184,0.2540077021048295,0
118731,0.2539673322282487,0
119161,0.2539592359129402,0
115822,0.2539135725984724,0
115986,0.25390012746285173,0
118939,0.2538837161696695,0
118026,0.2536925989319552,0
119502,0.25368021232941745,0
119721,0.25363551016745756,0
121269,0.25363254890414916,0
119374,0.253568266762539,0
117946,0.25355097590013237,0
121214,0.2535269510776811,0
120183,0.2533756711899513,0
118824,0.25331202987806756,0
123983,0.2532917263416784,0
121927,0.25323712810483945,0
123220,0.25321866486924544,0
125716,0.25321664300168173,0
118085,0.2531521188765294,0
118415,0.25313002289353215,0
122717,0.2531226754662481,0
122919,0.2530250439510284,0
117718,0.2530152683104811,0
126996,0.25300404591290676,0
125587,0.2529832190235995,0
122282,0.25292536509483543,0
116399,0.2528777039710355,0
121211,0.25283248831166016,0
126824,0.2527434433045101,0
117647,0.25267563613889565,0
126330,0.25264782805874975,0
125841,0.2526293967083503,0
117376,0.2525966894399849,0
124901,0.2525516276210598,0
127012,0.25252773676164325,0
119971,0.25243033010392335,0
127507,0.25242663211784894,0
119075,0.2524182837144615,0
123940,0.25237548294185636,0
121194,0.2523366789353455,0
124191,0.25230728583514084,0
126693,0.2521059672827529,0
117777,0.2520769571796386,0
117869,0.2520647916986282,0
121576,0.25204786272999985,0
121842,0.2520467940150735,0
119930,0.25203503748057854,0
120437,0.2520262562305624,0
126581,0.25202074333458846,0
125899,0.2519583692416054,0
125674,0.2519499795301805,0
123842,0.2519307226748943,0
124348,0.2518959263456709,0
125450,0.2518583671286117,0
115266,0.2518334883462718,0
120055,0.2518310103057852,0
127349,0.25182497029358925,0
119061,0.25182339672027887,0
116785,0.25181471104238445,0
120735,0.2517955092591897,0
115112,0.2517691494851448,0
121643,0.25176580428710965,0
125764,0.2517410357466005,0
120068,0.251719667047239,0
116492,0.25169480017079066,0
118117,0.2516865678921864,0
123931,0.25167512375734774,0
124459,0.25163563959513063,0
123960,0.2516233181432121,0
124792,0.25158341579167626,0
122977,0.2515645409487097,0
119862,0.25145523407342557,0
120777,0.2514163013595561,0
119815,0.2514120340824127,0
115586,0.25139395700098105,0
115111,0.25137896627929446,0
122638,0.25136948447153346,0
117872,0.25136054857971346,0
121167,0.25130045160201464,0
121379,0.25124791385151324,0
119521,0.251234637822618,0
125985,0.25122965894045346,0
125517,0.2511890140296398,0
118013,0.25114254866190894,0
126637,0.25112931820147333,0
116440,0.2510987871148494,0
120110,0.25109394209914715,0
125966,0.25107638352029166,0
117956,0.2510685624678612,0
127042,0.2510555054417563,0
116794,0.25105344842970323,0
121868,0.2510368686930723,0
121254,0.2509511000834238,0
127153,0.25094875536020317,0
124796,0.2508468681467985,0
121432,0.25079979897299043,0
119292,0.25073835346389445,0
119978,0.25071948951824713,0
116560,0.2506966489824316,0
124403,0.2506830258160103,0
119981,0.2506278535390455,0
124616,0.2506207511804351,0
125452,0.2505828127463684,0
118121,0.2505666673958918,0
117750,0.2505443808863414,0
115505,0.2505322674562907,0
118705,0.2505291383383095,0
123086,0.250514148803489,0
124554,0.2504867512184566,0
123221,0.25038220434531555,0
123475,0.2503572435938596,0
116256,0.2503503327423749,0
126451,0.25034233614318563,0
118097,0.2503288615918561,0
120392,0.25030904516528824,0
119400,0.25029813526459926,0
118047,0.2502528291571332,0
117530,0.2501426646742188,0
119830,0.2501307415381618,0
117608,0.25012025981993524,0
124017,0.24995839222306312,0
122876,0.2499522224446411,0
122172,0.2499223077965308,0
120075,0.24989100527904795,0
119979,0.249878124068291,0
124042,0.24982193133009717,0
122816,0.24978139640535904,0
120185,0.24975530378951316,0
115237,0.24975046728482392,0
118873,0.2497197648689057,0
123272,0.24968465349289184,0
121690,0.24965330741442215,0
116543,0.24962195015677094,0
127013,0.24958317656915127,0
121630,0.24954528312009974,0
114977,0.24947637139199763,0
116613,0.24947292109017993,0
121823,0.24945030735934787,0
123893,0.2494463332015291,0
122559,0.24944291489278203,0
126608,0.24941914922587569,0
118984,0.249356685192911,0
121325,0.24932430738517503,0
120197,0.24930521245463177,0
117724,0.24928065808683966,0
120424,0.24913697363108564,0
115450,0.24912193629249,0
120682,0.2490893222060846,0
118949,0.2490752917796628,0
116583,0.2489850797808048,0
123927,0.24896327022933687,0
123433,0.24893949557393782,0
116528,0.24891827634094027,0
124464,0.24886034429178105,0
121117,0.2487778427982137,0
116363,0.24876760176969318,0
120985,0.2487440793737868,0
126528,0.2487081393094917,0
120126,0.2487013448502818,0
124239,0.24869630014987312,0
116136,0.24866382624049357,0
115312,0.2486102492361592,0
124055,0.248604220790144,0
123269,0.24860160866156558,0
124380,0.24854948729598547,0
123034,0.2485353085114955,0
115348,0.24852099758223872,0
119444,0.24844436877189224,0
116968,0.24844260461449807,0
119466,0.2483653592541134,0
119953,0.2483615928222859,0
124519,0.2483063641994008,0
127157,0.2482944976635013,0
125260,0.24824067551050008,0
121844,0.2482385438326772,0
122505,0.24823010882691995,0
114794,0.24822733389658616,0
122124,0.24821265622547117,0
117705,0.2482067606676798,0
117546,0.24817251260706857,0
124409,0.24815553241650964,0
116802,0.24811457277696666,0
121323,0.2481136968776922,0
123814,0.24805576527296133,0
126983,0.24793629913112358,0
127364,0.2479292319747721,0
115181,0.24790785702091625,0
122151,0.24787813815488813,0
119365,0.24784558436400392,0
127289,0.24780137889040707,0
115493,0.2477936075058675,0
120703,0.24775025118244087,0
119670,0.24771942266617983,0
122913,0.24771461101873235,0
122138,0.24769253230480148,0
120769,0.24768655485352176,0
122852,0.24767462668811568,0
117892,0.24767057825750383,0
125951,0.24764953982857013,0
117352,0.24763034282255297,0
118728,0.24755173594406366,0
122870,0.24747885859836796,0
120639,0.2474563013699469,0
120526,0.247446109199126,0
120451,0.2474313061209045,0
122774,0.247413074347148,0
118997,0.2473630787335199,0
126935,0.2473470608018977,0
123043,0.24717636377692398,0
124452,0.24716988270820442,0
114850,0.2471443351642522,0
117816,0.24714185353278043,0
118619,0.24711628142103154,0
116424,0.24710540747260987,0
126992,0.24707645346406656,0
119115,0.24704295315680475,0
119050,0.24704085055894043,0
121606,0.24698192291026863,0
124075,0.24695478375040672,0
121739,0.24693069650395041,0
119859,0.24691229539798812,0
125684,0.24690424336928346,0
120238,0.24690247385529346,0
120619,0.24688513181925748,0
121412,0.24686580351437862,0
121556,0.24679758445289524,0
116595,0.24678841892467057,0
116679,0.24676372259315002,0
121901,0.24665725464969432,0
126211,0.2466533612955902,0
120240,0.24664771637880364,0
118875,0.24662841280332587,0
126262,0.2466271694111886,0
121201,0.24659425520654557,0
122952,0.24659093366558096,0
116151,0.2465126059688186,0
119554,0.24651048223786812,0
120491,0.24643190734436177,0
123938,0.2464090334390061,0
126275,0.24640143653561164,0
126141,0.24636159134369323,0
123098,0.24635147618160763,0
116255,0.2463392300185629,0
116814,0.24632001829603967,0
119080,0.2463129726347114,0
124089,0.24620933449723828,0
126875,0.24618254113109675,0
125120,0.24617623190990007,0
116639,0.24608422973463145,0
117674,0.24607924787783117,0
126825,0.24605843738873628,0
115605,0.24605837882153664,0
121199,0.24596922659172754,0
123013,0.24595816160824918,0
126715,0.24590425226405585,0
122327,0.2458524966530139,0
117474,0.245837087219868,0
115791,0.2458284799194067,0
114802,0.2458247774349801,0
124050,0.2458020792423367,0
126336,0.24579966134895773,0
118185,0.24572695654850085,0
114916,0.24572563131615235,0
119937,0.24569051537066222,0
122078,0.24568352432754906,0
121415,0.24566707612809585,0
119410,0.24564271458097894,0
121706,0.24564146933959252,0
118751,0.24561716509318277,0
121209,0.24561438031799324,0
125165,0.24556444416788936,0
115401,0.24555684486250637,0
123231,0.24552218182560637,0
126674,0.24551723264060693,0
125735,0.24550943757113924,0
124125,0.24549981664153195,0
115351,0.24547398157755324,0
116885,0.2454241211052826,0
117649,0.24541297738297999,0
124350,0.24541217656918765,0
117184,0.24538485392252524,0
118946,0.24534418402710265,0
121377,0.24533349843962096,0
115538,0.2453153751419872,0
124547,0.24527642613654047,0
115418,0.24519425453470137,0
120143,0.24516445058054248,0
121136,0.24514601328566613,0
118430,0.24509000834512698,0
115280,0.24503307519876458,0
127337,0.2450291118387152,0
117032,0.2450219592322863,0
119049,0.24499912422959133,0
115685,0.24497900380175502,0
123335,0.24492314678097346,0
124591,0.2449158179149189,0
122894,0.24491205086378398,0
123877,0.24484464438899758,0
119164,0.2448406739460858,0
126713,0.24479695952708674,0
124573,0.24479444754267163,0
122358,0.24478188069014775,0
119427,0.24471929581307764,0
117626,0.24471080055085928,0
118793,0.24469116814616362,0
119541,0.24465982356501573,0
124765,0.2446500803087234,0
121174,0.24457403954499413,0
119257,0.24457059264174635,0
117758,0.24454689512877317,0
122868,0.2444541117696177,0
126151,0.24442418890966888,0
120559,0.24439066781560995,0
119666,0.2443753159315166,0
118482,0.24437049981333564,0
116408,0.24436624061775677,0
122828,0.24435543955573868,0
117005,0.24433015263857163,0
127271,0.24432252772528912,0
116518,0.2442585617199125,0
115397,0.24424822530072735,0
119445,0.24421193776024736,0
115823,0.24420777422885198,0
121414,0.24419835197669623,0
115593,0.2441605302783587,0
116236,0.24414929283448608,0
118744,0.2440677438403698,0
121274,0.24405834748633828,0
127483,0.24403296317864787,0
115054,0.24399752388151333,0
121080,0.2439794247294048,0
122532,0.2439644828822868,0
122992,0.24394767687138832,0
123539,0.24386710920027133,0
120376,0.2438401825148476,0
116709,0.24370317263713343,0
115492,0.2436937185388221,0
118709,0.24368679483572092,0
126123,0.2436746886509144,0
127502,0.24365612887108687,0
122696,0.24365410819540134,0
123185,0.24360693905202166,0
119500,0.24359041154441521,0
116271,0.24355461082440663,0
126980,0.24351114246689415,0
119201,0.24347986258780513,0
114982,0.24346331773293012,0
124567,0.24345925133278484,0
123198,0.24342284364217107,0
116689,0.24335648987816347,0
115101,0.24334814848500963,0
120434,0.24333222718067304,0
120403,0.2433128183813177,0
117365,0.24329895073348068,0
120467,0.24327327722913217,0
122006,0.24321338527413766,0
121978,0.24312194557116265,0
123675,0.24310824790689303,0
122017,0.24308943203701414,0
118992,0.2430722347061995,0
115116,0.24303876977757824,0
115581,0.24302106227946613,0
117560,0.24296570480686272,0
125544,0.24295433044228965,0
119672,0.2429236276870318,0
116486,0.24286324136618562,0
120661,0.24283113636886505,0
118137,0.242804914592657,0
126170,0.24278937868786266,0
116488,0.24272496424994347,0
123208,0.2426546482723967,0
126407,0.2426481168201139,0
117651,0.24262988604296457,0
122664,0.242621757746977,0
116540,0.2425308949427113,0
117588,0.24252348418885944,0
118817,0.2425151331722241,0
124593,0.24247838710721334,0
119289,0.24247514046218466,0
121177,0.24244154952215308,0
115240,0.24238716988415854,0
119534,0.24233374175876365,0
123158,0.24223827757656854,0
123376,0.24223665184349227,0
117019,0.2422079144160095,0
126792,0.2421793949402645,0
121676,0.2421782503409115,0
118188,0.24217693905705556,0
118761,0.2421648444660856,0
116178,0.24210371745416728,0
126052,0.24206446494897965,0
119453,0.24200738955149825,0
121077,0.24198399489702593,0
124959,0.24196077905989383,0
117913,0.24194959968020963,0
120620,0.24189760659728973,0
124369,0.24172044885800842,0
119071,0.24170912937031433,0
122796,0.241694169254662,0
114800,0.24161730228963066,0
125578,0.2416088800823751,0
124415,0.24159220947499066,0
117029,0.24150914238808172,0
116276,0.24147925551901675,0
115184,0.2414403009765749,0
124638,0.24141856699107747,0
121205,0.2413982249166985,0
122063,0.24137701831119013,0
119788,0.24128421029947084,0
117687,0.24117046608945278,0
120883,0.24114831883109913,0
117578,0.24107331412125574,0
119591,0.24105672241860113,0
115737,0.24104509941230415,0
121388,0.24091757462869248,0
118234,0.24086831382936577,0
116902,0.24083929082944922,0
116642,0.2408336842980162,0
122240,0.24083174130386972,0
116188,0.24082722685383265,0
123909,0.24075695912990563,0
120688,0.24072599174309287,0
122945,0.2407072247008705,0
119720,0.24070583270794418,0
123544,0.24068345542095487,0
115666,0.24064373573400805,0
126138,0.24063500477298236,0
125325,0.24063023980583995,0
121016,0.2406005551087141,0
119996,0.2405637286979638,0
124768,0.2405561979376867,0
118601,0.24054980807705037,0
123012,0.24054977040666076,0
116201,0.2405458148006949,0
123494,0.2405211256567581,0
125288,0.24043058027228992,0
121545,0.24042880528624147,0
117499,0.2404282490932579,0
122233,0.24040718291137414,0
119814,0.24037930524488307,0
119782,0.24037582873498883,0
116738,0.24036039293172945,0
117551,0.24035326330194154,0
115129,0.24029866494918928,0
120280,0.24025019915395063,0
115844,0.24022653452811257,0
120699,0.24022619790214936,0
118733,0.24019365164424383,0
125962,0.24018234635489646,0
123296,0.24018213015041948,0
117882,0.24016139907947792,0
121670,0.24015691240400652,0
125433,0.24014575747114483,0
123574,0.24012000117393228,0
115346,0.24003618494855963,0
117855,0.2400233034666426,0
124621,0.24000769983895656,0
120367,0.24000116384825185,0
119975,0.23993138195762007,0
124985,0.2398934339088587,0
122035,0.2398839644486211,0
116159,0.23985143411934012,0
125426,0.2398323514506133,0
122537,0.23981367847452148,0
122480,0.2397847037307352,0
119900,0.23973366871712956,0
119002,0.239679847633455,0
125864,0.23964588626421282,0
127110,0.23964386375356922,0
122741,0.23963550206064274,0
117735,0.23962641354903924,0
118741,0.23961613642723162,0
126871,0.23960662244274206,0
118995,0.23958451930940095,0
126319,0.2395618416030894,0
115080,0.23945721996343788,0
117422,0.23944820599649044,0
121514,0.23942670528023227,0
126576,0.23942283792769734,0
119903,0.23941772393165614,0
117772,0.23940727956038643,0
115353,0.23939233615911643,0
117408,0.23937950312927228,0
124252,0.23937723233880231,0
127321,0.239372616505203,0
122738,0.23936325748852424,0
117322,0.23930192501243872,0
125788,0.23929639788331164,0
120147,0.23928988651377317,0
124203,0.23928852891956942,0
120307,0.23924479423815373,0
119653,0.23922430706302986,0
119393,0.23921207224346397,0
122332,0.2391959076290636,0
119689,0.23916125764274002,0
122203,0.23914842319014806,0
123795,0.23913831609533961,0
122781,0.23910386025964,0
118785,0.23909332742523667,0
116767,0.23907523837996994,0
123109,0.23903731076464227,0
122999,0.23898598505645,0
116210,0.23898241708741713,0
122225,0.2389704631408163,0
121871,0.23894316298397075,0
117786,0.23888620840077016,0
123988,0.2388566100469016,0
121818,0.23883440976133719,0
122795,0.23879512993917462,0
124921,0.2387740655680005,0
122614,0.23873906993985963,0
125099,0.23871439967038072,0
125705,0.23865752082868563,0
121284,0.23861756299851078,0
116521,0.23859734209805078,0
119553,0.2385616982960472,0
118868,0.23855906304790578,0
125703,0.2385217566141644,0
120337,0.2384982315356964,0
115585,0.2384846874320999,0
121486,0.23846988047661474,0
121648,0.23845659524475188,0
121938,0.23841859760766537,0
117920,0.2383389506127012,0
116451,0.2381959503632826,0
121771,0.23814560596363846,0
125365,0.23811757282983773,0
121858,0.23804928550907767,0
121528,0.2380475734367703,0
121460,0.23803394523270618,0
125620,0.23794187824733556,0
119924,0.23792606821111814,0
117392,0.23788628547624635,0
122940,0.23788367605829205,0
115037,0.23783504909365905,0
117058,0.23779328435894662,0
117926,0.2377882208089941,0
117379,0.23778567470586887,0
115888,0.2377391998395283,0
118654,0.23772848763138793,0
125622,0.237707239733686,0
117192,0.23770100737663247,0
121258,0.23768839300925262,0
120587,0.2376450155522583,0
120800,0.23760456312350703,0
121546,0.2375747597435039,0
115774,0.23756947032670564,0
119488,0.23756454514233016,0
118699,0.23756277798959455,0
122421,0.23755155600287012,0
124261,0.23753895688686383,0
115031,0.23752733381906022,0
126412,0.2375240023774963,0
116457,0.23747285309211844,0
123120,0.23747108050548066,0
125839,0.23745184726010346,0
116956,0.2373991836013325,0
118313,0.2373980999190647,0
126787,0.23739057505491554,0
118801,0.2373266163840748,0
120759,0.23731595957443985,0
117593,0.23730390050389652,0
118347,0.23729425915329574,0
124820,0.2372936975523054,0
123807,0.23728637862658292,0
119025,0.2372029327668438,0
125309,0.2371845653435957,0
122633,0.23712646014831157,0
116352,0.23710452066776364,0
117429,0.23709519372688365,0
120949,0.23707292756483803,0
116929,0.23706021988163112,0
124208,0.2370535198144439,0
118936,0.23703315058353377,0
126860,0.23699270887556842,0
125362,0.23695352662561442,0
118522,0.23671055027147883,0
121902,0.23668430066608845,0
126494,0.23665167869575787,0
125562,0.23664313645524052,0
116422,0.23660944028982217,0
120290,0.2365702221021191,0
116214,0.23651657997084058,0
117366,0.23651511799158131,0
115214,0.23650100587416412,0
115715,0.23647876322924116,0
121980,0.2364524114352047,0
119320,0.23640101888631418,0
115154,0.23639726909288225,0
126426,0.2363950871617819,0
121846,0.23636116346387798,0
115580,0.23635966429093347,0
116410,0.2363122336601801,0
118062,0.23627383382325337,0
122157,0.23624964779198204,0
124302,0.23623365372417723,0
127316,0.236217894798214,0
122549,0.23618652009459065,0
127236,0.23617899903662876,0
123635,0.23617649246823036,0
117744,0.23617421939316746,0
124598,0.23617138919334515,0
121013,0.2361667570709809,0
115033,0.23615506181596035,0
125687,0.23615494966094505,0
125713,0.23614260808241613,0
121562,0.23611617027471477,0
124248,0.23605526687042633,0
118759,0.2360518312216995,0
123289,0.23596837427023873,0
123654,0.23596618611193465,0
115162,0.2359554554907667,0
121567,0.2359194147816672,0
114902,0.23590843750922016,0
120609,0.2359082455459261,0
123782,0.23586876792356987,0
125830,0.23584546101300088,0
119874,0.23584286323805495,0
116346,0.23581216387603104,0
121411,0.23576695750581095,0
124824,0.23565597650679843,0
120406,0.23564297245927815,0
115069,0.2356305476063575,0
121509,0.23553767359965225,0
116520,0.2355287200557281,0
117209,0.23551590809229075,0
127342,0.2355074413614856,0
124300,0.235486824048528,0
127495,0.23548532770626193,0
120239,0.23546368051025438,0
122546,0.23540731037619317,0
126975,0.23538187672395464,0
116376,0.23534998115929484,0
123761,0.2353464898109178,0
121775,0.23534197175742438,0
123191,0.23528327023566328,0
119895,0.2352682311016653,0
126118,0.23526628802364258,0
115563,0.23519958327416396,0
118371,0.23519051828671517,0
126317,0.23517358812027966,0
123976,0.2350992222762794,0
123750,0.23502264283281812,0
126995,0.23501504825454142,0
127086,0.2350122906451024,0
118704,0.23492736110218299,0
116085,0.23491459099589102,0
117553,0.23489981148594385,0
124332,0.23489306337743365,0
117826,0.23489290416566594,0
125096,0.23489091923428,0
115032,0.23486645185777894,0
123924,0.23484750580516892,0
125225,0.23478758684167497,0
118778,0.23478084409925576,0
127182,0.2347451930355015,0
118789,0.2346101350309183,0
125230,0.23460344479061573,0
124641,0.23458921134629449,0
116629,0.2345594572663146,0
117533,0.23452866061802136,0
116559,0.23452519420469878,0
120209,0.23451614058014703,0
116703,0.234480744131969,0
120499,0.2344758641098498,0
118509,0.23444358187516148,0
124126,0.23443929485901832,0
118182,0.2344215175723821,0
120487,0.23439285378882352,0
121939,0.23437811482122425,0
123515,0.23437583798592826,0
123941,0.23429738574475398,0
116603,0.23429351903913298,0
126565,0.2342816204551576,0
121186,0.23427724771276973,0
122250,0.2342726799385714,0
114930,0.23424114335557045,0
124164,0.2342375098458087,0
120343,0.23423464342599204,0
119085,0.23420325073557974,0
124071,0.2341981314062392,0
119578,0.23418714104566046,0
120132,0.23418704609903612,0
120477,0.2341831624934393,0
126770,0.23414411826576256,0
121273,0.23413565963942823,0
115851,0.23413149098969643,0
115569,0.2340768027231787,0
124408,0.23404357570413276,0
124043,0.23404303138336335,0
125661,0.2339699496029842,0
122493,0.2339350632597145,0
123088,0.23391625354643716,0
114873,0.2339012019113063,0
121907,0.2338424997292994,0
125771,0.23384034425625316,0
123306,0.2338293322219812,0
124933,0.23379951749765462,0
115577,0.23379900796237416,0
117367,0.23378541622006035,0
121780,0.23378404750203002,0
123696,0.23377920854610737,0
114903,0.23374095872688194,0
124854,0.23373777900550627,0
118149,0.2337213637304121,0
118700,0.23371305384130228,0
127515,0.23371015147846097,0
117036,0.23369987515056684,0
126400,0.23368003135156903,0
123387,0.23365386600732294,0
116411,0.23363240542322272,0
115651,0.23357448926007415,0
124322,0.23355620777847128,0
119015,0.2335453854869631,0
118000,0.2335437852384971,0
126737,0.23354024489255937,0
120020,0.2335231139307515,0
120340,0.23345134276150634,0
125080,0.23343435665079224,0
121926,0.23342795754701712,0
125063,0.23338990947130264,0
117629,0.23333175181375207,0
125672,0.23325620854947093,0
125695,0.23324615840380514,0
119326,0.23324101251173363,0
119727,0.23321631447637256,0
116076,0.23316733910099793,0
125803,0.23314138992266015,0
118587,0.2331405486869563,0
122322,0.23313437222006136,0
116897,0.23307478147633642,0
121659,0.2330396896092586,0
115279,0.2330375560549402,0
126497,0.23299692690227636,0
126647,0.23297829254411054,0
118727,0.23297630204121403,0
125439,0.2329528159925551,0
115305,0.23294482399834301,0
116223,0.23293829446584166,0
125046,0.23293667010816066,0
121617,0.23293630484025704,0
123205,0.23290047756758459,0
116523,0.23289488713112394,0
126791,0.2328786573544018,0
114872,0.2328046957939309,0
121807,0.2327892483431681,0
118986,0.23276577838347443,0
122806,0.23275846679408108,0
115115,0.23273301936570184,0
122378,0.23267257438365557,0
124874,0.23267063479298106,0
115542,0.23264035104687655,0
118404,0.23262066700565467,0
122629,0.23255433590859403,0
124585,0.23250683485698215,0
119357,0.23248778576754053,0
117083,0.23245310689361992,0
117460,0.23240864031746172,0
120702,0.23236671759356214,0
119465,0.23235971943283448,0
122427,0.23234183673342373,0
123408,0.23232717051938018,0
122502,0.23227812271050224,0
116550,0.2322766927071086,0
119910,0.23226537065038913,0
117031,0.23222490558420375,0
126850,0.23217306019531017,0
121233,0.23216916178522215,0
125144,0.2321575778676868,0
126660,0.23214785973338795,0
119343,0.23214663146435396,0
115261,0.23213258846420376,0
118776,0.2320580605623166,0
120191,0.2320555775266575,0
116563,0.23201908124452136,0
116144,0.2319932572929086,0
123366,0.2319432748532372,0
125145,0.2319186475465083,0
122626,0.23190240045379337,0
122574,0.23189887894217864,0
127084,0.2318936502226944,0
126764,0.2318384083103866,0
125608,0.23181280326324363,0
124606,0.23179814825128434,0
117738,0.23179220026018268,0
121287,0.23179024828823694,0
116681,0.23177477803036198,0
122877,0.23175630646147757,0
121012,0.231611337364374,0
119346,0.23156845645656018,0
123997,0.23150434454697316,0
120681,0.2314664097911659,0
120386,0.23145831519894908,0
119803,0.2314495531251554,0
120071,0.23142857522335283,0
121760,0.2313345410000393,0
123828,0.2312650575814225,0
125565,0.2312285873523369,0
122867,0.23122100133673848,0
122297,0.23120171730254632,0
124392,0.23120076799595957,0
114931,0.231198843656135,0
118606,0.23119453436251988,0
126822,0.23117300074444663,0
120028,0.2311156798138927,0
124637,0.23111430774748207,0
124420,0.23107574297955347,0
124946,0.2310570293683568,0
118916,0.23105349077328702,0
117572,0.23103451660958943,0
121242,0.23098388741915185,0
117633,0.2309788688864839,0
120572,0.23095639927207084,0
120153,0.23095154725236144,0
122609,0.23095113905866033,0
115241,0.23093083530144326,0
126687,0.2309137223180061,0
120088,0.23088420342176955,0
117818,0.23079686199394897,0
125125,0.23077702239917933,0
125870,0.23069720119996956,0
115588,0.2306446910322519,0
123945,0.23064284667859533,0
123395,0.23063294149380845,0
126634,0.23059920643968498,0
123149,0.23059638953875053,0
115361,0.2305955232988933,0
117325,0.23059004951491976,0
121735,0.23058027245034093,0
125572,0.23056810346765808,0
122535,0.23056703387067154,0
117837,0.230463213654438,0
123139,0.23044462391340065,0
119104,0.23044420248582415,0
117719,0.23044163846659294,0
119135,0.23038191943081548,0
120013,0.2303762593932912,0
116374,0.2303476530274176,0
120506,0.23031356573259504,0
118735,0.2302511771866266,0
125479,0.2302343446210008,0
121869,0.23021015503794817,0
121457,0.23020054952362135,0
119231,0.2301315272656964,0
116118,0.23008847210158956,0
124503,0.23007762404838938,0
121635,0.2300683096368928,0
119191,0.23006209737230465,0
118872,0.23003938482738492,0
118814,0.23001947660922273,0
114908,0.23001313338735943,0
121972,0.2300033960831552,0
122087,0.22999337120724872,0
122472,0.22996359725509194,0
120168,0.22995721187820561,0
117238,0.22992653802078447,0
126892,0.2299197841503108,0
124659,0.22988804239782626,0
119873,0.22983920444419262,0
122703,0.2298236251429887,0
127386,0.22980123640337924,0
122610,0.2298004681392269,0
123846,0.22976775390894674,0
119795,0.2297351258024982,0
120613,0.22973301293416382,0
117675,0.22971733965668634,0
124671,0.2296912024353344,0
114808,0.22969058736486409,0
126578,0.22967509533272087,0
115327,0.22966005323186842,0
125410,0.22965004287642538,0
126546,0.2296022933188078,0
119323,0.22956130084902163,0
123708,0.2295424284499335,0
121359,0.22954157343978618,0
119281,0.22953855168583306,0
125357,0.22951752819289767,0
116155,0.2295139431241015,0
116696,0.22950876517409882,0
121752,0.22948568220173335,0
124987,0.22946272144621951,0
127390,0.22926339728286024,0
123419,0.22926026059151425,0
120597,0.22922456727607782,0
120099,0.22922033495080338,0
124096,0.2292046389316825,0
125253,0.22913806098397446,0
123712,0.22908907707034018,0
115476,0.2290850320373625,0
117672,0.2290750473275846,0
116665,0.2290563259004543,0
116630,0.22904237037743058,0
121300,0.22904074325418186,0
126529,0.22903884035872982,0
125516,0.22903817570420523,0
122949,0.22902154825283869,0
116465,0.2290149808377122,0
115356,0.22898631728787952,0
122698,0.22896155209328714,0
118082,0.22892058227944043,0
117742,0.22886323492889415,0
120611,0.22885056458340874,0
115107,0.22884873061426161,0
120396,0.22880930396761887,0
119397,0.2288000718581315,0
124922,0.22878904508520576,0
125182,0.22872483063175578,0
123263,0.22870110047067096,0
116759,0.2286806085607796,0
122709,0.22866338425832702,0
123112,0.22864352381557262,0
121710,0.2286195172113555,0
124722,0.22857019847352694,0
123849,0.22856426241449557,0
124037,0.2285572491797954,0
118046,0.22853637146056963,0
124711,0.22853627493830447,0
117004,0.22851029296039016,0
118638,0.22849302797141166,0
114945,0.22848426158586468,0
123226,0.22844654481516696,0
119398,0.2283749411983053,0
115224,0.2283597425640619,0
122343,0.22834631997834476,0
120416,0.22832094081591836,0
116184,0.22831729037444334,0
127248,0.22829643843171543,0
119305,0.228289774253822,0
126654,0.22827573022305167,0
126202,0.2282456894460342,0
124331,0.22817341706938413,0
124670,0.2281639817927264,0
121932,0.22808950718842153,0
124298,0.22806845574739584,0
122580,0.22801716248250142,0
124552,0.22801705672692976,0
121941,0.22796864741456313,0
121599,0.22794701397191175,0
124085,0.2279028262441373,0
117987,0.22788344200601987,0
124006,0.227875754789184,0
126050,0.22780442306745108,0
118929,0.2277715791853852,0
121544,0.22776533133357701,0
116433,0.22774642209739263,0
127040,0.22771922440071268,0
125514,0.2277140369070558,0
125797,0.2277114180874615,0
124611,0.22769830720529383,0
116233,0.22769026702885684,0
122467,0.22764998502355502,0
119878,0.22760632383395968,0
123898,0.2275940269219738,0
115665,0.2275924010540572,0
120515,0.22758926465116,0
127261,0.2275619298761222,0
122727,0.22754774481372345,0
123007,0.22753946195832409,0
119016,0.2275158897323175,0
117871,0.2275136706728778,0
114888,0.2274566557856524,0
125804,0.22739743961943715,0
115865,0.22739404234076319,0
116692,0.22738744080870796,0
123650,0.22732942752782254,0
126429,0.22732861638487625,0
122729,0.22732683173946924,0
124432,0.22731087832956123,0
121383,0.22725888548304102,0
116800,0.22722809790164092,0
122608,0.22721844331018487,0
123383,0.22719444110305442,0
117776,0.22718810580843676,0
122715,0.22715958119496296,0
122145,0.2271315723367089,0
124362,0.22710835700073287,0
118985,0.22705706813015802,0
126852,0.22704681312408517,0
118753,0.2270318600814726,0
114965,0.22701629360748704,0
116552,0.22701587567906817,0
114895,0.22698428693985748,0
120628,0.2269671738215385,0
120356,0.22694696048384103,0
116615,0.22693093042984008,0
121973,0.2269257709302955,0
121286,0.22684633649427244,0
125089,0.2267785443648547,0
119060,0.22673056551055973,0
125000,0.22670115671192045,0
118967,0.22669752624556327,0
123452,0.226672543937093,0
115384,0.22665952499987696,0
123083,0.22664124500385555,0
122102,0.22659919297035894,0
124035,0.22655354814199044,0
125525,0.2265357722321749,0
121386,0.22651141223231483,0
120840,0.22647032114212867,0
114865,0.22643785466913413,0
124234,0.2264116602255977,0
116081,0.22639870390796155,0
122857,0.22639697088244887,0
124180,0.22637352598206875,0
118659,0.22634802015287386,0
122223,0.22634211856921319,0
126519,0.22629402922172115,0
127021,0.2262913917948594,0
114795,0.2262659147373645,0
120035,0.22623538353560363,0
120695,0.22621354062596588,0
125293,0.22620440630398983,0
122519,0.22619531579366153,0
115491,0.22613326701037628,0
127537,0.22613135502989304,0
123933,0.22611168421049632,0
118092,0.22609724232045622,0
117436,0.22609269439688728,0
114995,0.22609191403686538,0
119001,0.22608462672651664,0
116561,0.22607972054347336,0
121925,0.2260582259412249,0
125646,0.2260141105117442,0
121933,0.22601293937393707,0
117766,0.22599926245503313,0
116904,0.22594174325321406,0
125126,0.2259186506841993,0
115350,0.225911959078681,0
116795,0.22587921100032093,0
122466,0.22585439077128674,0
115036,0.22583245458363133,0
126926,0.22582049818628652,0
125094,0.22569680214787774,0
121376,0.22566697611246042,0
115708,0.22565537375410755,0
116824,0.2256093297891529,0
115340,0.2255921328273359,0
119811,0.2255381536488357,0
124448,0.22549935808919408,0
123910,0.22549355122014772,0
121921,0.2254931553370927,0
126829,0.225482315341079,0
118978,0.2254798595536149,0
127485,0.2254587217194274,0
120459,0.22545753512417782,0
117667,0.22543880898242374,0
120869,0.2254368475452087,0
123793,0.2254360698888254,0
124602,0.22542673433707788,0
116913,0.22541096295677188,0
125726,0.2254013423451163,0
125631,0.2253772587210796,0
125162,0.22535616518742568,0
126981,0.22535102829575338,0
124677,0.2252892050751222,0
115509,0.2252816054626906,0
122174,0.22526784299605895,0
116238,0.2252169002219637,0
114981,0.22521232442720315,0
116517,0.22518100915577977,0
119650,0.2251598295316833,0
116516,0.22513163671161787,0
119390,0.22508067295106546,0
123222,0.22502727890578714,0
120193,0.22501923447484767,0
123566,0.22501914611973664,0
126535,0.22501598094001576,0
115486,0.22499270898303506,0
125059,0.2249727421164813,0
127301,0.22495426305561847,0
124062,0.2249532150949266,0
119341,0.22494286144327014,0
118920,0.22492090289443234,0
118693,0.22491370988285145,0
116453,0.2249018184755598,0
120819,0.22489118438333264,0
114967,0.22488108055532388,0
116786,0.22486271649092898,0
117778,0.22483022226815613,0
121852,0.2248169055381069,0
115097,0.2247890161737192,0
120934,0.22478151998017218,0
118262,0.22477644221530574,0
121175,0.2247621978303699,0
122346,0.22473664909195468,0
121504,0.22472309772195184,0
115358,0.22470754525773173,0
123133,0.2246976942514329,0
115595,0.2246676565644926,0
120472,0.2246629962464313,0
115541,0.22461849563084962,0
125568,0.22458349032412853,0
124167,0.22456310570381946,0
119173,0.2245133996829071,0
116510,0.22447844902170178,0
124053,0.22444002121025955,0
125271,0.22443856916034766,0
120003,0.22442041324322004,0
119773,0.22441099759481867,0
121658,0.22439330075533934,0
126746,0.22438504686969643,0
122566,0.2243609869378395,0
119093,0.2243175905270173,0
123442,0.22428192998030916,0
115290,0.2241581311053266,0
117576,0.2241553996035095,0
123253,0.224152763807351,0
126074,0.22414903063476643,0
124696,0.22413149670677035,0
124928,0.22404944749942032,0
127453,0.22401241479933778,0
125224,0.22396839037788763,0
123727,0.22394604660708436,0
125158,0.22391272990711772,0
117125,0.223905557438578,0
118210,0.22379395397945562,0
126903,0.22377072874226156,0
119383,0.22375847587937908,0
118673,0.22371658289493,0
121940,0.22370214078049547,0
117536,0.22368369062697765,0
125317,0.223670527961871,0
120062,0.22365203517238996,0
126716,0.2236264026009538,0
116305,0.22356920931712335,0
115637,0.22356394627580503,0
123094,0.22354899195180583,0
122372,0.2235239892284201,0
115568,0.22351453544869831,0
122863,0.22348992448155264,0
116123,0.2234785944092929,0
115420,0.2234631407388373,0
122255,0.2234443664839608,0
125563,0.2234022726721386,0
118368,0.22338860201111363,0
119894,0.22336671588014093,0
117591,0.22332969328604735,0
117526,0.22331624915266637,0
118963,0.2233052892745859,0
121923,0.22329978152421665,0
119889,0.2232780415701644,0
123061,0.22323835023083718,0
120970,0.22323490655314043,0
123202,0.2231959894075369,0
123143,0.22317471363868582,0
121558,0.22315927113623135,0
122166,0.22314555899622918,0
117010,0.22313547231893213,0
121712,0.22312666549006943,0
127127,0.22310714080742608,0
122109,0.22304917229659926,0
117455,0.22300676658910198,0
125732,0.2229696127729028,0
121646,0.222957382364926,0
115801,0.22293784438537298,0
124073,0.22293110536201796,0
117785,0.22292042104963758,0
127087,0.22291896214542556,0
119193,0.22289037931409802,0
126865,0.22285764357424198,0
116166,0.2228125868949366,0
127003,0.2227458053339929,0
120388,0.22274048300847532,0
116599,0.22270930962175806,0
126450,0.22270666224954164,0
125547,0.22268255841205065,0
123780,0.22263686570506397,0
121137,0.2226157591562198,0
117788,0.22259486311746862,0
115647,0.22248230593607127,0
121895,0.22246581312711222,0
116058,0.2224577399651069,0
123095,0.22244189419730853,0
118555,0.22243726291697946,0
126962,0.22241743817352716,0
118910,0.22237483243376352,0
115297,0.22236094003404774,0
123504,0.22235983206483648,0
120243,0.2223424183927526,0
117346,0.2222967164971603,0
124753,0.22229203973928005,0
124523,0.22224125125669347,0
121950,0.22223154139576304,0
121860,0.22222477741802674,0
116243,0.2222197336440526,0
124358,0.22218952951010887,0
127254,0.22213137543949174,0
118231,0.22212456328527977,0
118990,0.2221195567130445,0
115331,0.22210105066495633,0
125281,0.22209700611948074,0
121493,0.22208688918069242,0
126053,0.22208116135752468,0
118790,0.22205209134703704,0
122392,0.22200556896386442,0
123848,0.22200480543696974,0
116771,0.2219976590921726,0
121792,0.22199063589459558,0
125351,0.22198300751968877,0
126251,0.22191123880222344,0
125701,0.22189348502512207,0
127474,0.22189330696530962,0
115590,0.2218917938249972,0
117364,0.22187584356925605,0
121401,0.22186001968907493,0
119342,0.22184286335590275,0
124133,0.22184086814914813,0
126951,0.22183116824590823,0
116548,0.22178665364507488,0
116856,0.22174030494831104,0
122600,0.2217152646028048,0
122193,0.2217004042514424,0
125607,0.22169471335325072,0
124230,0.22168719992959113,0
122053,0.22166207617844494,0
123176,0.22163594696819994,0
115966,0.2216332600762633,0
119997,0.2216263785031264,0
119538,0.22162593412555334,0
116672,0.2216048624208349,0
124577,0.22159421655595113,0
126933,0.2215346454184897,0
122874,0.221495958580414,0
122900,0.22144220702805567,0
117630,0.22141240056946335,0
123618,0.2213956900304384,0
117072,0.2213451772754816,0
116585,0.22132449307782526,0
125669,0.22131828360308248,0
120551,0.22129469661317427,0
123949,0.22128612794140937,0
126620,0.22127705717969645,0
120547,0.2212667559101025,0
120454,0.22125396229714978,0
126384,0.2212291397282177,0
120733,0.22116108140283913,0
119812,0.22114680425836453,0
122770,0.22114329252220427,0
122656,0.22114126377348597,0
115339,0.22113612668261412,0
126735,0.22112674795651135,0
116852,0.2211154570448647,0
122185,0.22111323151032808,0
125336,0.22110101477705452,0
118772,0.22103748813953963,0
120281,0.2210148741509616,0
120139,0.22099584617289914,0
122676,0.2209676721479867,0
115656,0.22089748986194344,0
127238,0.22089422577584691,0
123115,0.22089364019943056,0
121304,0.22089276585531367,0
116230,0.22088696047654294,0
122308,0.22081161753409667,0
118377,0.22080851134429316,0
124292,0.22078093855435615,0
115915,0.22077564544575687,0
117601,0.22077541728930528,0
120317,0.22077505864230135,0
123859,0.22075421814920063,0
120753,0.22071435843490378,0
118802,0.22068254740040855,0
127015,0.22067155868914876,0
116208,0.22061841978462157,0
115630,0.2206077589602729,0
125427,0.22059461813781403,0
125454,0.22057496002065705,0
116398,0.22056884826892378,0
115202,0.22054031157129464,0
121812,0.22053969760650075,0
117354,0.22053120528402753,0
116990,0.2205113314542353,0
117564,0.22046577407523593,0
121716,0.2204477368194644,0
126555,0.22043550873872336,0
119425,0.22040139680607596,0
117782,0.220399407837099,0
116722,0.22039412441208805,0
123978,0.22038426563209793,0
116499,0.22036208239827815,0
126599,0.22034436875449656,0
119885,0.22030994091932762,0
119284,0.22028924355251667,0
117414,0.22025169341393677,0
115174,0.22023232484234603,0
117974,0.22023160534307265,0
120590,0.2201979019429559,0
123891,0.22019633222255178,0
116589,0.22015927099789695,0
120212,0.22015724851611604,0
124564,0.22014206286543472,0
120194,0.22010019898571423,0
126134,0.22005317010551825,0
123869,0.22004201353208316,0
120534,0.21997471961016452,0
126934,0.21996645617085567,0
126668,0.2199662397447233,0
124336,0.21995311275736493,0
121863,0.2199504100002988,0
120535,0.21993874985354012,0
125116,0.2199334266198379,0
122586,0.2198865301264651,0
122672,0.21983174812140277,0
126940,0.21980694602478693,0
118449,0.21980252490008112,0
117013,0.21980175289222512,0
118079,0.21979724947440304,0
122636,0.21973768273893235,0
117930,0.21973054747682283,0
118253,0.2197291085622323,0
115597,0.21970535067067137,0
121598,0.21967047161973915,0
117313,0.2196250764256199,0
119216,0.2196182999463628,0
127352,0.21961663270093523,0
119777,0.21958157744761533,0
118941,0.21956786599305492,0
119542,0.21956014222235307,0
119476,0.21954623743313545,0
121465,0.21954447551664663,0
118918,0.21953052634122824,0
118064,0.21948571635684203,0
116354,0.21945021322502256,0
117386,0.219444338156354,0
116530,0.2194307295185869,0
126437,0.21941297185034203,0
121447,0.21938592523753933,0
125772,0.21936810379310917,0
120431,0.21936406075212958,0
127436,0.2193639831754069,0
115344,0.2192733045798017,0
117067,0.21926323343252951,0
117383,0.21924165437548165,0
116658,0.21923924968633005,0
120142,0.21922043621308404,0
121045,0.219207879381825,0
119017,0.219206644142181,0
119984,0.21920659358620287,0
120801,0.21920434249696422,0
124131,0.21916864375240017,0
116197,0.21915218076268403,0
125498,0.21910922661628704,0
124817,0.21906590355982095,0
126015,0.2190380867356078,0
125235,0.21903342179480087,0
126670,0.21901183107674732,0
125388,0.2190067929702553,0
117699,0.21900428570625743,0
126861,0.21899958072440928,0
119055,0.2189940587569455,0
116878,0.21898875219838174,0
117568,0.21896588323763447,0
125387,0.21893610531163946,0
119842,0.2188794679942662,0
117224,0.21883366269256727,0
124287,0.21882975065080085,0
119108,0.21882284016984274,0
115264,0.218784275626311,0
118829,0.2187297102659354,0
123024,0.21872358110921308,0
120668,0.21867950581772666,0
115166,0.21867693019872686,0
115126,0.21866544525417364,0
119392,0.2186583603851127,0
124728,0.21865539881769497,0
119033,0.21864204352655386,0
121839,0.21864201655957619,0
124723,0.21862180735205564,0
115300,0.2185962804927155,0
117592,0.2185900045015073,0
116765,0.21858999029477277,0
115316,0.21858220982435275,0
115448,0.21857543556539152,0
121808,0.21856814354145546,0
120067,0.21852761447673877,0
123800,0.21850998847776182,0
126397,0.21850824118313578,0
119259,0.21845633930722239,0
120718,0.21842543028623157,0
116626,0.21833970462378596,0
124516,0.21832902933402737,0
126466,0.21832301684276728,0
119431,0.2183157313861809,0
115095,0.21826298566944094,0
118743,0.21819356248304986,0
122010,0.21819125148976234,0
127314,0.21819007887756173,0
124335,0.21818114083458487,0
115840,0.21817945882239936,0
119929,0.21813512780989963,0
125697,0.21811438627145285,0
119094,0.21809687093944877,0
121227,0.21805323267223528,0
119069,0.2180476251487468,0
125275,0.2180266490578938,0
116353,0.21802593492863223,0
122979,0.2179852002262357,0
118911,0.2179019250668733,0
122353,0.21789337741301065,0
120030,0.21789024364978313,0
118465,0.21787840894324642,0
119470,0.2178585331742719,0
126534,0.21783773855745134,0
120412,0.2178205391119332,0
126110,0.21778669009852167,0
126763,0.2177818033856463,0
122957,0.21775134703751894,0
125164,0.21774388192578378,0
126234,0.2177213212018218,0
124117,0.21771914441112084,0
116668,0.21769684147302948,0
126911,0.21769613266518048,0
117290,0.21762455849252732,0
127188,0.21762260815834616,0
122987,0.21760110091525403,0
120761,0.21759665229466219,0
122810,0.21752538575539349,0
117787,0.21750800068062287,0
116597,0.2175063636173458,0
119986,0.21741397353630906,0
124911,0.2174117401231042,0
120053,0.21740081010218465,0
125693,0.2173907797221698,0
117889,0.2173493098255753,0
115623,0.21732878930532346,0
125034,0.21730857163092737,0
123227,0.21729666700392494,0
125657,0.21729570598317566,0
114840,0.21728393258111198,0
119066,0.21728376040154757,0
117928,0.21727580242824074,0
121979,0.2172691795617633,0
115242,0.21723163195167264,0
125040,0.21721280988136465,0
117399,0.2172026765003574,0
120098,0.21716278519985285,0
116207,0.21714755287861112,0
120084,0.21712624660518975,0
122581,0.21709171373127395,0
120051,0.2170892861432066,0
117828,0.21708916257829503,0
126626,0.21708614918806093,0
121800,0.21708604443784812,0
116567,0.21703584477753837,0
124721,0.21700423578903388,0
115187,0.21696479453380227,0
123204,0.21696049085581134,0
120073,0.2169566966723428,0
120045,0.21691821054956728,0
125648,0.21691243863030718,0
116357,0.2168329167753923,0
123935,0.2168311327234436,0
125204,0.21679764349250272,0
123144,0.21675390417084633,0
119800,0.21671550973021464,0
125377,0.21671534398054465,0
121433,0.2167014976813468,0
122510,0.2166850680928429,0
124524,0.2166844212578116,0
117617,0.2166263001744231,0
119308,0.21661063451309517,0
119023,0.21660425304540498,0
122616,0.21651215024216455,0
117505,0.21645914739599567,0
116637,0.21643821939381555,0
116257,0.21643612353413666,0
115357,0.21642072287993588,0
123693,0.21631823816969944,0
119157,0.21627986248417502,0
126907,0.2162485503785511,0
123393,0.21624832628006266,0
118303,0.21624828350567138,0
121197,0.21623714917054757,0
122855,0.2162256910665174,0
119078,0.21619543754716244,0
117567,0.21619134628897269,0
123923,0.21615457041068692,0
125370,0.21612640239132325,0
119413,0.21611417739841685,0
118334,0.21611222562549093,0
117597,0.21610583104813635,0
124414,0.2160749753849641,0
120202,0.21607051012737075,0
122982,0.21604774478811897,0
118736,0.21602746749812213,0
120770,0.2160194326859412,0
121225,0.21600685354997343,0
116797,0.21596860742964435,0
115056,0.21595473239427096,0
119166,0.21593400205306817,0
123116,0.21591468559675853,0
115584,0.21590493712525596,0
116883,0.21589320587514238,0
116752,0.2158814630431796,0
122369,0.21588020889294027,0
122881,0.21587711774190338,0
115484,0.21587031835841683,0
124327,0.2158574344627026,0
123234,0.21582550862706587,0
120007,0.2157951183969461,0
127241,0.21579498699202818,0
115848,0.21578787699174243,0
117910,0.2157859694241976,0
121749,0.21577112334896661,0
126166,0.215728550182837,0
126696,0.2156663106794187,0
115370,0.21564440361325343,0
123547,0.2156117374033791,0
126970,0.21559895206496232,0
117517,0.2155939288823193,0
115089,0.21555617749982672,0
125039,0.21555037613700234,0
117477,0.21552147413841646,0
121687,0.2155209416543967,0
121337,0.21548966973910935,0
117953,0.21546638528023024,0
125026,0.21541550212303745,0
124476,0.215389669237018,0
127497,0.21534062425715428,0
126214,0.21532652114633954,0
119304,0.21522797581046732,0
125441,0.21522268006729972,0
125832,0.2152151946895589,0
121173,0.21520663184039954,0
126442,0.21519691648339942,0
120123,0.21519691498826352,0
115027,0.2151850206932843,0
115376,0.21514198166668488,0
124352,0.2151338828101362,0
123781,0.2151286151423421,0
125659,0.2151218490657512,0
118827,0.21503021393797253,0
115074,0.21501153231909467,0
122668,0.21499847285825133,0
124256,0.2149845257266888,0
125228,0.21497811168242345,0
126243,0.2149621409549632,0
117482,0.21495288259601814,0
117798,0.21491950998876824,0
126323,0.21486443201136368,0
120651,0.2148582742769262,0
118880,0.21483191586357092,0
119121,0.21478877681154765,0
126942,0.21476506034980203,0
120300,0.2147590812354794,0
120924,0.2147474901112986,0
121822,0.21469412631339074,0
115423,0.2146452319798701,0
123995,0.21464447931316294,0
121743,0.21463214125166172,0
125386,0.2145417526531205,0
117520,0.21454008180109232,0
115362,0.21453655761653545,0
125304,0.21452397535042278,0
116844,0.21446708224565222,0
124454,0.2144572970427486,0
127065,0.21443768554060266,0
121817,0.21441001593058379,0
123820,0.2143999921737615,0
126638,0.21438106190034106,0
123131,0.2143279232708814,0
125185,0.21430036093430974,0
122899,0.21429763858544848,0
121581,0.2142877456500913,0
119224,0.2142653066990405,0
125483,0.2142634582514137,0
118365,0.21425237094511404,0
120839,0.21424209925793214,0
123830,0.2142417703439763,0
117279,0.21411191833951598,0
126899,0.214109585002698,0
126835,0.21410619661298608,0
123244,0.21404836855304607,0
124315,0.21403459736392033,0
125773,0.21400886583089265,0
121642,0.21400014267689896,0
115007,0.21398705165939147,0
125081,0.21393667157325577,0
114887,0.2139343019864641,0
120261,0.21389587873914617,0
117452,0.21387772276870567,0
115608,0.21386712959024726,0
122215,0.21384425073201818,0
125749,0.2138195119133973,0
124021,0.21380921592794613,0
121454,0.21378254200829952,0
119913,0.21377337072347818,0
124646,0.21375193140276236,0
124446,0.2137422524471981,0
115467,0.21373497562401145,0
121281,0.2137213511931794,0
127275,0.21371686894357333,0
124449,0.21369834653560663,0
120783,0.2136686658636707,0
115649,0.21366758514425047,0
120576,0.2136600393919879,0
123582,0.21360625249068063,0
116511,0.21359520515706493,0
116793,0.21355293149694599,0
125571,0.21348928259521263,0
119007,0.21347936249964297,0
126807,0.21344754140470604,0
115295,0.21344690879823108,0
125658,0.21343049165909542,0
126617,0.21342472984934616,0
117931,0.21342338142731873,0
120829,0.21339180021414744,0
123656,0.21339007306047467,0
115399,0.2133649957937666,0
120685,0.213353483466859,0
121740,0.21334285827853808,0
119671,0.21333330543360168,0
123783,0.21332493481538248,0
119645,0.21331629261101515,0
115221,0.2132900701467196,0
120579,0.21327227405359564,0
115475,0.21326409687920045,0
124251,0.21325652831546574,0
115310,0.21321358759195244,0
123871,0.21319481698131684,0
119915,0.21317581736505298,0
121538,0.2131471362943496,0
122974,0.21307437981061506,0
115860,0.21307244633943567,0
126109,0.21306348147275467,0
115309,0.21306304405838833,0
114819,0.21304136696272055,0
117912,0.2130070933874823,0
116241,0.21298757070727448,0
117972,0.21295748793591873,0
121613,0.21291085421864994,0
114959,0.21290371659284782,0
122779,0.21289562145471888,0
124281,0.2128917670292942,0
126853,0.21287831353578668,0
116095,0.2128489211758987,0
121515,0.21283087948223867,0
119333,0.21278805090779793,0
121453,0.21277622044739206,0
123181,0.2127704527108307,0
124443,0.21276603733149807,0
117156,0.21272276871278564,0
122085,0.21271423199091827,0
122286,0.2127013330786189,0
123841,0.21269107685461688,0
126478,0.21268942445533046,0
117476,0.21266502364731535,0
126304,0.21265991981730772,0
116168,0.2126596223113948,0
119901,0.21264062208585854,0
119120,0.2126210743787917,0
126569,0.21258215152138135,0
117264,0.21253481650118325,0
120852,0.21249483686371304,0
114791,0.21249188513562967,0
120369,0.2124448003462134,0
117635,0.21243238726869,0
121843,0.21242217268678815,0
122693,0.21239571919789213,0
123900,0.21231587609754024,0
126779,0.21231106646278033,0
122776,0.2122835857914521,0
115011,0.212274823519401,0
117830,0.21226550403170158,0
117287,0.2122528317061517,0
119255,0.21224119329370694,0
123460,0.21221318146654344,0
127300,0.21220476496906163,0
122606,0.21219638650191167,0
115670,0.21219602068456614,0
121536,0.21212726152364825,0
116239,0.21211649782083108,0
125385,0.21211449575654556,0
125127,0.2121063093602275,0
123913,0.21209486459825888,0
126352,0.2120575314291222,0
114962,0.21203859384205836,0
125035,0.21201308389606915,0
124626,0.21200133800085363,0
118280,0.21198428960267754,0
117145,0.21196324200409838,0
122951,0.2119372120609158,0
120975,0.21191076101129186,0
121753,0.21190984038554786,0
120886,0.21187885908677978,0
123732,0.21187661888616688,0
125527,0.21187460722775608,0
122944,0.21187191886507087,0
117975,0.2118638092585758,0
119148,0.21185353641128998,0
121985,0.21184937301698875,0
117663,0.21183411439656952,0
117272,0.21179808161754954,0
123874,0.21177568901435856,0
119380,0.21176483561086848,0
117997,0.2117570156216482,0
127212,0.21175282186003178,0
123865,0.211729585188278,0
115613,0.21172452211896706,0
119180,0.21170331008318874,0
120082,0.21169304920376894,0
115798,0.21168986549135843,0
114925,0.21164031648060208,0
115349,0.21158909553411673,0
123973,0.21157165796628066,0
121791,0.21150113916517801,0
126979,0.21144748075706024,0
119213,0.21144544395869927,0
116610,0.21141842251882384,0
114889,0.2113919584166524,0
117862,0.21137584856730982,0
126464,0.21137064758317145,0
121774,0.21130922093242507,0
123446,0.21130750474578527,0
121689,0.2112991325586694,0
120109,0.21129621441806395,0
119128,0.21127958044443942,0
120165,0.21119190565722906,0
117331,0.21115769549796135,0
117500,0.21115135832991516,0
123195,0.21111639191933398,0
117840,0.21108178360201446,0
126745,0.2110673019694634,0
127240,0.21102618098942075,0
122684,0.21101911587234237,0
125645,0.21099674794455664,0
117849,0.2109611939241068,0
115144,0.2109337606728037,0
115354,0.21092878065467918,0
123141,0.21088556125282662,0
124192,0.21085553763101264,0
116286,0.21085380871873155,0
118637,0.21084334010960315,0
114991,0.21082456603634678,0
124504,0.21082131406062501,0
120647,0.2107675362021102,0
125085,0.21071588305025096,0
117819,0.2106867598575246,0
127019,0.21068297708821077,0
121222,0.21066631204954822,0
125432,0.21064791319555246,0
116209,0.21062397534904811,0
114917,0.21062147670578427,0
115039,0.21052190317964672,0
119285,0.21051715188666847,0
124560,0.21051035685725028,0
121422,0.2105054570108896,0
121348,0.2104719167754878,0
126834,0.2104583356736649,0
117784,0.21037275563999935,0
122334,0.2103496434466176,0
116260,0.21033467967234187,0
124575,0.21033165515846655,0
127357,0.21032947757654377,0
120529,0.21031678855212102,0
126016,0.21020831453291913,0
116331,0.21020233819708797,0
126776,0.21019997506932103,0
119008,0.21018079346794638,0
121193,0.21014288241698484,0
123826,0.21012357822777789,0
127309,0.21009372331509896,0
125963,0.21007599142202094,0
121352,0.21007205129435713,0
117792,0.21006740040477948,0
124527,0.21000077124936012,0
117723,0.2099977229751968,0
120323,0.20998553602172368,0
117544,0.2099579838001435,0
115502,0.2099337679440267,0
124122,0.2099334926510922,0
122924,0.20993326275105506,0
125879,0.20991812734486417,0
118971,0.20990425752704495,0
116087,0.20989805945482864,0
124396,0.2098977960681069,0
114830,0.20989762640797507,0
123200,0.2098944168688801,0
125476,0.20988057962760537,0
122873,0.209877234631539,0
116713,0.20986729443520227,0
117344,0.2098522869052117,0
120508,0.20982835202896635,0
120677,0.20979768311488112,0
125557,0.2097874716060942,0
117480,0.20973502687341364,0
115411,0.20973145590409636,0
120483,0.2097218933488956,0
120436,0.20971732859589087,0
116608,0.2097036606208935,0
123239,0.20970244763947354,0
124077,0.20967358333390004,0
125729,0.20963995785884187,0
120561,0.2096270788217651,0
125136,0.20962356466716583,0
121628,0.20961168067309363,0
116879,0.20961073850754103,0
118922,0.2095910672246472,0
127299,0.20957298089453827,0
121750,0.20954770053367863,0
118020,0.20953953686396132,0
123063,0.20952583337681285,0
123152,0.2094508392157672,0
120604,0.20939983250613958,0
121952,0.20939347872151226,0
118710,0.2093928159965893,0
119058,0.20938004281366354,0
121034,0.20934231597895203,0
118007,0.20932530026592838,0
125887,0.20930741461688537,0
119288,0.20927265369742265,0
117052,0.20927161391805466,0
115094,0.20924936886012493,0
125358,0.20923690796593522,0
121089,0.20920403928566825,0
122090,0.20917564934039742,0
121156,0.20916467965124075,0
115759,0.20916188104981576,0
116618,0.20908508571960574,0
123948,0.20907448823284588,0
127531,0.20904696453755964,0
117689,0.20904454345467777,0
124036,0.20899810551592624,0
116115,0.20898517745781925,0
122594,0.20892106085609424,0
124130,0.2089079508090779,0
122177,0.20890537081035404,0
117448,0.20888102870284173,0
117427,0.2088681334018862,0
123128,0.20883571209461407,0
126337,0.20880210709704208,0
124173,0.20875569943315447,0
115992,0.20874047335021728,0
121776,0.2087144831551419,0
118870,0.20864034224570366,0
121462,0.20862888994478015,0
126774,0.2086057352749486,0
121773,0.2086027403829527,0
122499,0.20857714732686916,0
126868,0.20854341668927726,0
122468,0.2085334040648222,0
118399,0.20852636486347614,0
115164,0.20852443001585733,0
120933,0.2084931441989847,0
126308,0.20846692205344508,0
120415,0.20842447920628,0
126929,0.20840894841890809,0
127463,0.20838112167670297,0
122275,0.20835865829341227,0
115326,0.20829866560457067,0
124373,0.20826825188213943,0
124301,0.2082569729921608,0
123944,0.20825430426048083,0
120650,0.20822983856326266,0
118353,0.20822484098782487,0
120660,0.20822250351319294,0
121307,0.20822087594485855,0
117948,0.20820374297800562,0
120284,0.20817389138037495,0
118153,0.2081693665061513,0
125473,0.20816785251786393,0
122352,0.20810292711068257,0
122402,0.20808558512587355,0
116590,0.2080759132083933,0
124231,0.20806576526246437,0
126526,0.20804538034442266,0
122455,0.20802397758048888,0
125296,0.20800640454603972,0
123694,0.20797893556854166,0
123110,0.20797023631971612,0
123249,0.2079627909358195,0
115564,0.20793622044129487,0
115771,0.20793025108763113,0
123742,0.20792462752137295,0
118139,0.2078984786256865,0
116975,0.20788607992068242,0
125202,0.20788209881326244,0
114870,0.2078390363955876,0
116287,0.20783544813547614,0
118002,0.20782864381656338,0
116661,0.20779838892802233,0
118864,0.20779712745530493,0
126925,0.2077897010064998,0
118661,0.20770311072155562,0
125999,0.20768772028868415,0
115555,0.20768034463620155,0
127490,0.20767262428902028,0
122550,0.20765342328167435,0
123344,0.20757388780515576,0
124444,0.2075571045579551,0
115683,0.2075552398406903,0
117438,0.2075413588840608,0
116845,0.20753444446662975,0
124250,0.20752626963006146,0
123297,0.20752082377877032,0
126633,0.20751777966023008,0
120177,0.20750562748445991,0
126653,0.2074929164336032,0
116132,0.20747162524634538,0
124113,0.20745804164622902,0
126416,0.20742990922991436,0
118823,0.20742082489066443,0
123716,0.20741361614890097,0
118301,0.20739872983057397,0
124679,0.207378112112143,0
123864,0.20734349487373901,0
121943,0.20732611470434503,0
116479,0.20725324325944905,0
123264,0.20721421682456054,0
120670,0.20721270260358468,0
121459,0.20720649907941413,0
115490,0.20719404957365686,0
119846,0.20717913788439768,0
126051,0.2071726895053357,0
115065,0.207157604656456,0
122094,0.20715670262579136,0
116430,0.20710689324057419,0
121264,0.20709257973744466,0
117340,0.20706214467796813,0
126573,0.20701144867392937,0
127247,0.20701018417059014,0
120350,0.2070070728048905,0
115267,0.20700442572759037,0
123947,0.20699907465061393,0
120385,0.20699403887608092,0
122632,0.2069913945390463,0
124442,0.20696080064985842,0
119972,0.20688425955238535,0
123085,0.20687346331896803,0
118695,0.2068647012954802,0
119132,0.20685232349849753,0
117815,0.20685045826107373,0
126558,0.2068086652202945,0
120207,0.20680459446850327,0
126917,0.2068017443095346,0
122648,0.20678767666848835,0
115119,0.20677088676904037,0
117459,0.20675262760617402,0
120854,0.2066854882070303,0
121693,0.20667668903527425,0
126612,0.20661470739365256,0
115532,0.20660714804407423,0
127066,0.2065614784954082,0
116054,0.20655178865558818,0
125098,0.20655149157076222,0
124716,0.20651915161655007,0
127006,0.20648480711863634,0
124741,0.20647561508033477,0
127201,0.2064423242380429,0
115171,0.20642542657053928,0
115442,0.20642393114438254,0
116470,0.20640210933483477,0
120679,0.20640123780383537,0
122691,0.20638990457436546,0
117417,0.20637389357733402,0
126119,0.20636158703133087,0
117707,0.20635787543764342,0
117717,0.20635597870460093,0
125642,0.2063407163343161,0
123765,0.20632310158483394,0
118571,0.20632058819322147,0
118131,0.20630905944306094,0
127081,0.20629429690762674,0
116498,0.20628206377783814,0
117831,0.2062652255463463,0
124223,0.20622472922745716,0
116109,0.20621341916639732,0
122748,0.20616300143982239,0
120631,0.20616013128100727,0
122847,0.20612729645927116,0
121942,0.2061116596165432,0
123773,0.20608027753657193,0
127128,0.2060093448369327,0
123250,0.20598101357403806,0
122003,0.2059135909464699,0
122301,0.20590546004117963,0
123806,0.20588614370432745,0
116628,0.20588194320528247,0
122296,0.2058767345533238,0
126958,0.20584191893005513,0
127396,0.20583679503127278,0
118686,0.20582731393896336,0
123377,0.20582056673537583,0
121297,0.20580355331935082,0
118012,0.20580107083032673,0
121826,0.20579128547152173,0
120398,0.20577702811851448,0
125058,0.20577256296370078,0
126335,0.2057706194283491,0
124267,0.2057597916089294,0
119436,0.20574042388201935,0
118732,0.20572701174055688,0
122647,0.20570050586766428,0
116868,0.2056955295569025,0
117303,0.20568058280113735,0
126399,0.2056435285835735,0
120129,0.20561719399620015,0
122552,0.20561180455576913,0
123196,0.20558751573793305,0
121489,0.2055392540865749,0
123741,0.20552141069348615,0
117636,0.20551361593633355,0
126590,0.2055092593995056,0
124514,0.20546657892741382,0
114815,0.2054561911341796,0
124578,0.2054274115623549,0
120974,0.20538338580451843,0
119974,0.20536403028565592,0
115005,0.20535810811070837,0
120880,0.20535410754143585,0
126607,0.20534799668547868,0
123257,0.20531419625428193,0
121354,0.20525513246312216,0
117656,0.2052378447201296,0
121253,0.20522836112005438,0
120397,0.20522053627378772,0
125429,0.20521793645417524,0
123992,0.20519929809773596,0
115293,0.20512799424848902,0
116301,0.20511870233104695,0
126923,0.2051027067132501,0
125582,0.20509074832179738,0
118844,0.20504376572688343,0
123919,0.2049750544214619,0
117378,0.20496720852792139,0
120066,0.2049394372685309,0
116680,0.20492403753192043,0
118899,0.20481275494337642,0
122871,0.20480685893756437,0
125956,0.20475488212081508,0
120192,0.2047416861670603,0
120494,0.2047329598488963,0
118893,0.2046598235707428,0
126738,0.20465747005964696,0
124082,0.20465507105286623,0
118350,0.2046510123985048,0
126099,0.20463806490973102,0
121862,0.20462290886518963,0
120533,0.20460423381353088,0
119321,0.2046025016144581,0
121539,0.2045851658809657,0
120211,0.20458140732909352,0
121632,0.20454475855018409,0
127461,0.20448913911845829,0
125972,0.2044867937595061,0
126302,0.2044790950774641,0
120662,0.2044206205097793,0
124286,0.20441612589668706,0
116768,0.2043922761254692,0
119806,0.20438082842847113,0
121805,0.20437445074150737,0
126420,0.20432050908941451,0
119691,0.20428800035894706,0
121954,0.20427092405748384,0
119775,0.20425580587349798,0
126465,0.2042172834520451,0
121344,0.20421720880336428,0
122461,0.2042119580271644,0
125117,0.20421020023411174,0
125535,0.2041728587553406,0
118749,0.20410180018149002,0
122367,0.20410097052476378,0
120273,0.20409686081233594,0
116370,0.20406483476692314,0
122783,0.20404176097540652,0
121345,0.2040366544242982,0
120812,0.20403336902796013,0
122641,0.20398553601027222,0
124135,0.20396565230149694,0
126244,0.20392896469661081,0
123834,0.20390388146899943,0
117676,0.2038902517844432,0
116297,0.2038594084865546,0
126113,0.20385784041868782,0
126878,0.2038070430277506,0
121677,0.203794100597376,0
118224,0.20376001961967416,0
126041,0.2037448283995444,0
116659,0.20372352661198975,0
127540,0.2036583612410391,0
119854,0.2036550650769487,0
121966,0.20364136350502826,0
119188,0.2036250824668657,0
125537,0.20361796377944733,0
121908,0.20359781428769952,0
125315,0.2035877300606189,0
124979,0.20357351687889147,0
114923,0.20349559030745035,0
118211,0.20347792404413564,0
114919,0.20346304870774978,0
117320,0.20344524151242055,0
116121,0.20342404706548534,0
119994,0.20341848897324707,0
117800,0.20340579135267903,0
122242,0.20340536969890533,0
125901,0.20337533028091853,0
123600,0.20336726715475692,0
127343,0.20336394350958342,0
123669,0.20335441364815943,0
122931,0.20332220616926683,0
116438,0.20329725705901322,0
124450,0.20329692942668712,0
125740,0.20328317803815926,0
117358,0.20327145852753867,0
125198,0.20325671074602658,0
120474,0.2032526533253843,0
120229,0.20317876150901873,0
126511,0.20314642837584443,0
115110,0.2031196794361008,0
116367,0.2031135785056218,0
123994,0.20309906373946535,0
127063,0.20307664376367088,0
125168,0.20304625896459483,0
121639,0.20301070452389355,0
122788,0.20298027375808309,0
127179,0.202966497618543,0
124098,0.20293312974170555,0
120708,0.2029252544224654,0
122722,0.202918228411628,0
115520,0.2028829333372837,0
126876,0.20283637855630718,0
117856,0.20282104311121124,0
126952,0.20276960340558584,0
116104,0.20273935113466646,0
118315,0.20270274362831844,0
122618,0.20269645695229002,0
117403,0.20268866621890871,0
124146,0.20262638555636336,0
116249,0.2026175730027956,0
117579,0.20259525558210037,0
116193,0.20254647145260296,0
116145,0.20250944712753888,0
123165,0.2024828728417294,0
125526,0.2024732459870334,0
120140,0.20246941382371003,0
123388,0.20246403653211348,0
125969,0.20246041180683286,0
118689,0.20245397703896495,0
119585,0.20244698398499367,0
118675,0.2024448110272958,0
122583,0.20243715809515783,0
119271,0.20242988848455945,0
119215,0.20242081283450736,0
125339,0.20236731479166714,0
123140,0.20234944440113992,0
126964,0.202328187735662,0
120196,0.20232646203686314,0
115559,0.2021951046984409,0
118962,0.20218592363857735,0
125647,0.20216596950838311,0
116434,0.2021565144097044,0
126641,0.20214941251152058,0
120667,0.20212787507973068,0
119546,0.20212521106066964,0
123160,0.202091467337251,0
119349,0.20206732225292062,0
121882,0.20203758142287676,0
124418,0.2020242652765366,0
118972,0.20201963524674513,0
119107,0.20193024805379872,0
122651,0.20187285014700063,0
124039,0.20185844399170993,0
119407,0.20185232200197345,0
117512,0.20185138003498077,0
116663,0.20182135321993705,0
117753,0.20180413150948662,0
121064,0.2017059572992011,0
121130,0.20167335321131755,0
120131,0.20166256004473923,0
127504,0.2016386042649403,0
115303,0.20162801680802447,0
122165,0.20161690364415244,0
116463,0.20160588166249288,0
120419,0.20159316728374238,0
123175,0.20158243662269199,0
125108,0.20157527518460092,0
125445,0.2015723443719176,0
127031,0.20153949220934272,0
118766,0.2015365829522441,0
118653,0.20153119909881712,0
123636,0.20152707531287822,0
125209,0.2015215042878888,0
115259,0.2015208544795827,0
125421,0.20150268809641977,0
116386,0.20149925504828173,0
118025,0.20149319365635926,0
120992,0.20146636956238645,0
117984,0.2013077752533321,0
118611,0.20130283033234087,0
119150,0.2012754309929277,0
124148,0.20125266006306874,0
116859,0.20125136409803598,0
126250,0.20121833276749768,0
122907,0.20120322911283867,0
123602,0.20114762474263934,0
115373,0.20112075480045996,0
117764,0.20110621482187852,0
125775,0.2010895800140493,0
119523,0.20108421319788788,0
122768,0.2010428512987614,0
122976,0.2010363963780462,0
117823,0.201032202073959,0
124996,0.20101862691025166,0
115996,0.20098661537892543,0
116383,0.20095079293028886,0
124416,0.20093566199703483,0
117740,0.2009066034198184,0
125478,0.20089617510563826,0
123508,0.2008842525900042,0
114986,0.20087357196655814,0
115780,0.20086543037853796,0
117382,0.2008635686728761,0
115804,0.20085137280290005,0
121120,0.20080307221258525,0
121277,0.20079371368172386,0
115323,0.20077373397625495,0
120484,0.20076779629795333,0
125048,0.2007575430848878,0
116309,0.20074007828062657,0
125064,0.20073128238967278,0
118171,0.2007224838887078,0
117762,0.20068091833580123,0
115870,0.20067631855617288,0
122030,0.20066201357859273,0
114918,0.20064551893107113,0
119896,0.20064308522379545,0
115114,0.20064020743689215,0
117270,0.20063957322427148,0
120588,0.20063355048263054,0
122414,0.20060524035290972,0
125256,0.20060454763232738,0
117732,0.20058227769071327,0
120235,0.20057861679221403,0
115937,0.20054103808876206,0
126187,0.20050657937228017,0
121452,0.20050481513696172,0
117638,0.20048397576849136,0
125550,0.20047596556597536,0
119116,0.20045730688360275,0
119851,0.2004216350068635,0
123754,0.20041717921750268,0
125345,0.20036016673774573,0
123695,0.20033652452170359,0
123969,0.20032506747970633,0
122880,0.20029626948018003,0
118342,0.20027504208961203,0
123565,0.2002658077766926,0
121913,0.2002546000680552,0
119043,0.20024074361628671,0
123251,0.20022290345814212,0
122503,0.20016503308856395,0
121591,0.20016044722667098,0
117522,0.20015981559407234,0
124206,0.20009261247236526,0
121529,0.2000760729632309,0
116324,0.20004591856826398,0
118473,0.20001514297210335,0
121770,0.20000281241891396,0
118024,0.19999148884256146,0
127291,0.19989976000240547,0
122791,0.1998919860724372,0
118694,0.1998790409456466,0
126809,0.19985919094789367,0
115698,0.19979072115409174,0
115885,0.1997817029054838,0
115169,0.19977940783595877,0
117774,0.1997674672263174,0
115834,0.19973389376917142,0
124692,0.19970518957593503,0
120407,0.19970332671108718,0
120257,0.19967698527216232,0
121451,0.19966675999208147,0
125593,0.19966371468103716,0
115148,0.19965378143085394,0
118396,0.19964698972715642,0
120952,0.19960859318393812,0
125381,0.19957568935740833,0
120629,0.19957222389488313,0
119099,0.19955396409750514,0
117387,0.19953416830859858,0
116134,0.19948951554630273,0
126973,0.19948491556571815,0
125588,0.199451488982971,0
125719,0.19935194990215033,0
125501,0.19934943673235966,0
124908,0.19932169594424562,0
124816,0.1993160531869806,0
121410,0.1992744449915203,0
126063,0.19926693904022272,0
116333,0.19916988295772076,0
120665,0.19916649830314617,0
126749,0.19914210482449446,0
115318,0.1991038774847983,0
126029,0.19907013688848638,0
116788,0.19904345724101738,0
127486,0.19899481521103146,0
122953,0.19898874442245393,0
118901,0.19898738001721564,0
125679,0.19898212647389407,0
120763,0.19897853897300363,0
124393,0.1989696910997924,0
120231,0.19893253485654094,0
121957,0.19892560036262555,0
120433,0.1988977063321832,0
125047,0.19887475182644315,0
118626,0.19886707251619748,0
126657,0.19882146472757817,0
124490,0.19880362802453905,0
122882,0.19877419159067028,0
127437,0.19874799588442044,0
119824,0.19873515455154708,0
122379,0.1986892431112151,0
122903,0.1986713936169619,0
119218,0.19865733884865508,0
115185,0.19861040598944485,0
120027,0.19860215496932354,0
126200,0.19857869336855402,0
118816,0.1985444414917276,0
119611,0.19853349207132526,0
116796,0.19852591283448226,0
126783,0.1984733506248556,0
116096,0.19847068445933186,0
122712,0.1984680055675367,0
121754,0.19846143078713238,0
120021,0.1984453172746399,0
117555,0.19842324503568323,0
123829,0.19833707281250934,0
115227,0.1982939951758456,0
123079,0.19828850891651503,0
120112,0.19824901542838988,0
119988,0.19820860442420898,0
121718,0.19819725803889693,0
119858,0.1981706673385121,0
123127,0.19810966325012383,0
120176,0.19810316033748807,0
125890,0.19808828550444926,0
126603,0.19805184269376316,0
115177,0.19805178972695867,0
124398,0.1980287986436225,0
125041,0.19801779727430388,0
117573,0.198017267274479,0
117122,0.198013541698982,0
116803,0.19800751357182245,0
117644,0.19798864944797134,0
122248,0.19796296144829123,0
117495,0.19793942330693998,0
124326,0.19793232594751592,0
124127,0.1979192225627484,0
125301,0.19790670213629571,0
119928,0.19783586357857746,0
121101,0.19783231228974052,0
116442,0.19783156787826792,0
118589,0.1978300763544987,0
115322,0.1978237418728034,0
126702,0.19778697375312768,0
125291,0.19777282550089736,0
126708,0.19777184102650663,0
115077,0.19777159873418917,0
115567,0.1977713278486832,0
126307,0.1977533731032806,0
116007,0.19775188881713487,0
119018,0.19769090732970276,0
119568,0.19768860157721038,0
123434,0.19764403242857045,0
119209,0.19762631178093054,0
116308,0.19760449424302967,0
121828,0.19759121227053084,0
118781,0.19758830785397985,0
122700,0.197571748093557,0
125993,0.19751541278034992,0
117047,0.19748066748165627,0
124634,0.19747612228340936,0
122292,0.19745427302403462,0
127228,0.19744137733897968,0
124411,0.19741693539816782,0
126766,0.1973444774183524,0
119214,0.19734406465256993,0
120342,0.19727923868393735,0
116400,0.19724691296387778,0
118672,0.19724061339745388,0
117519,0.19722590776614066,0
117858,0.19719978176716704,0
118259,0.19718904632148843,0
122890,0.1971840729640682,0
115858,0.19717512696350958,0
121275,0.19715963284654414,0
124237,0.19713809495277138,0
123028,0.19711206485699825,0
115319,0.1971077826089742,0
122869,0.19709961269373164,0
126711,0.19709669417568867,0
121717,0.19708842255655826,0
123975,0.1970873417661345,0
121468,0.19708136667626916,0
114828,0.19707961551453657,0
124439,0.19707373503571024,0
125504,0.1970662521946926,0
117773,0.19704655176801977,0
122504,0.19704370064692076,0
121729,0.1970385419869197,0
125802,0.19702703228842716,0
120911,0.19701642713410836,0
115668,0.19700056355215995,0
124684,0.19699432410537185,0
120701,0.19696011386477516,0
125458,0.1968712808138776,0
117068,0.19686420705661087,0
117898,0.19685737025785435,0
125254,0.1968509357576518,0
118966,0.1968208482893026,0
117668,0.19680870011633514,0
125560,0.19680623890614082,0
117373,0.19679561646375027,0
126191,0.19677792964209997,0
126530,0.1967616822094098,0
126441,0.19673293916834975,0
124974,0.19672961267353728,0
119056,0.19672645302342914,0
124144,0.19671745882052905,0
121033,0.19671321278864548,0
117450,0.19669521247815752,0
119669,0.19667926547865933,0
121398,0.196623825433155,0
125093,0.19660518442760516,0
126585,0.19657986239572042,0
115078,0.19655857881294833,0
122573,0.1965543206103778,0
125395,0.1965068835739136,0
124730,0.19649384301323014,0
124343,0.19646385820637538,0
117733,0.19638429353233294,0
116181,0.19633282567026658,0
125649,0.1962652618789792,0
121149,0.1962638525808787,0
119146,0.1962406398195122,0
119597,0.1961876449562243,0
117727,0.19616507444351539,0
117619,0.1961225938878424,0
116114,0.19611913620125046,0
126453,0.19611892396978495,0
119509,0.1961167185644807,0
121482,0.1960462824589178,0
119980,0.19601843295919685,0
119757,0.19601652189859078,0
118152,0.19601466676221155,0
117844,0.19599901654291868,0
118725,0.1959961993366629,0
117960,0.19597364610339912,0
118905,0.19595070642141243,0
119012,0.1959379074918879,0
126695,0.19593740716238242,0
116307,0.19593539109318206,0
117825,0.1958785888996443,0
124048,0.19584260073515836,0
115810,0.19582176273680746,0
116819,0.19581424477981013,0
116439,0.1958052591773304,0
124110,0.1957998492498137,0
118091,0.19578997471772258,0
122554,0.19578289745777255,0
118909,0.19574006222702223,0
121051,0.1957344025564027,0
118208,0.19569417618883972,0
122525,0.19569240921358536,0
116101,0.19568321849337847,0
115592,0.19565812632949253,0
122518,0.1956330641829108,0
121728,0.19563265363133572,0
116707,0.19562986964763454,0
117639,0.19561368863940562,0
125310,0.19557533952505224,0
118841,0.19554314650778556,0
122303,0.19550865100589923,0
126456,0.19549083656760785,0
119944,0.19548766380453153,0
120435,0.19547506869161554,0
124277,0.19547485829657227,0
126382,0.1954130358952867,0
117652,0.1954043832916751,0
120044,0.19539549097056239,0
121759,0.19539539579311566,0
121953,0.19532577712103236,0
126805,0.19527193024630918,0
125837,0.19526334313451074,0
126873,0.19522191232562075,0
126313,0.19521640820945374,0
126321,0.19521477783733399,0
115317,0.19520912946860772,0
117498,0.19515909664802622,0
125241,0.19511109773019866,0
125323,0.19508910538373392,0
119454,0.19508568860705713,0
124168,0.19506809272246098,0
119091,0.19506767284962795,0
117605,0.19502221650554735,0
125566,0.19499540081540342,0
117334,0.19497704367966884,0
120188,0.1949392613926753,0
123884,0.19488808581270745,0
121090,0.1948606852473966,0
126619,0.1948504225353742,0
118783,0.19480330620736855,0
126840,0.19479283808814363,0
127460,0.1947591445814823,0
124382,0.19475668786161604,0
120596,0.1947478332734483,0
116131,0.19474684576956994,0
121317,0.19474390591858318,0
116541,0.19473975497715817,0
117157,0.19470464826604023,0
114940,0.1947021012701783,0
116397,0.1946808722612092,0
116734,0.19467463274248195,0
124826,0.19463200075531772,0
120295,0.19462501344068617,0
119610,0.19459451960057927,0
124453,0.1945780615936671,0
118617,0.19456568944577432,0
116068,0.19450870224967326,0
126984,0.1945017809028935,0
117571,0.1944801073514077,0
119574,0.1944478654685886,0
126080,0.19443744885201622,0
119041,0.1943903320555437,0
115470,0.19434173349956746,0
122093,0.19431828009156346,0
122496,0.19431670798123576,0
115694,0.19429486435816815,0
123405,0.19426597084874914,0
115959,0.1942618810949161,0
125240,0.19422590434869239,0
121250,0.19418368065458194,0
119920,0.19413070924165038,0
120365,0.1941261113566011,0
122744,0.19412491762390136,0
127129,0.19410313415544464,0
117289,0.1940882405595636,0
125629,0.19406190808153337,0
120325,0.19404527700851945,0
116485,0.19404148779117142,0
125368,0.1940289999743312,0
122862,0.19402674330901495,0
123653,0.1940096361703544,0
121958,0.19399291346338848,0
114896,0.19395879566539675,0
126788,0.19389033573268288,0
116458,0.1938627296768432,0
125437,0.19384132282233446,0
124291,0.19383503864234175,0
117361,0.19381854805794393,0
119778,0.19381460573172346,0
120595,0.19378908517467108,0
116459,0.19377676127437884,0
124007,0.1937457973148506,0
117190,0.19374389992633054,0
125246,0.19374171696267387,0
124897,0.19373335305330644,0
124623,0.19372977314237727,0
119936,0.1937230271549359,0
123726,0.19366770375392978,0
126570,0.19362858109853617,0
125699,0.1936279285834468,0
123066,0.19360655073789368,0
126417,0.19360166104467075,0
123255,0.19356910908297212,0
115006,0.19356809973377936,0
124116,0.19356789726547033,0
119450,0.19355980043093893,0
119200,0.19353895011869324,0
115308,0.19352944306371814,0
116232,0.1935125273854572,0
119438,0.1934954521691388,0
125237,0.19346305360741697,0
123878,0.19345324608794656,0
124873,0.1934490790538695,0
119316,0.19344588193487247,0
125867,0.19341400311292292,0
116248,0.1933892103968856,0
125384,0.1933528298937956,0
115363,0.19334334443544937,0
125876,0.19333145499867357,0
118730,0.1933304073922365,0
125845,0.19332456761530983,0
125269,0.19327332999888236,0
126458,0.1932683525679115,0
127163,0.19326145322206137,0
124676,0.1932495815100395,0
123802,0.19323592136633402,0
126219,0.19321448746931819,0
116685,0.1932083328668107,0
116347,0.1932048657976523,0
123211,0.19318678644406292,0
117119,0.19317805933677612,0
127538,0.1931740597367253,0
121243,0.19313645734449084,0
117964,0.1931347600926996,0
120428,0.19308512204733883,0
125793,0.19308268320767194,0
116687,0.1930657737008182,0
116203,0.1929941067733843,0
121945,0.19298037382268002,0
117435,0.19295565403541604,0
127101,0.19295406432671577,0
127070,0.1929121740152711,0
122563,0.19290874786919968,0
115277,0.19289015020496633,0
117589,0.19285752500940792,0
121685,0.19283635026407384,0
123760,0.19282499470864614,0
121448,0.19279243465726553,0
126744,0.19277737629564093,0
119642,0.19275865455822835,0
124478,0.19275476562113986,0
115165,0.19275421755907735,0
116835,0.19275332637800666,0
122823,0.19274264437359578,0
116602,0.19268959132012345,0
124407,0.1926274778882396,0
125829,0.1926085066240792,0
122191,0.1925956289795651,0
122792,0.19259086529274805,0
114941,0.19254134433871453,0
117291,0.19246260765614878,0
125625,0.19243175419745948,0
118631,0.19241463839586279,0
123835,0.1923826498215951,0
117851,0.1923346967640322,0
125731,0.19229291713225402,0
117802,0.19229185376077568,0
126492,0.19226794693757504,0
122123,0.1922210898002412,0
124260,0.19222076706951752,0
116009,0.19221863218217441,0
122960,0.19221366342155236,0
121864,0.19221111605832827,0
123010,0.19221075035793675,0
116415,0.1922033564211589,0
116823,0.1921912959855026,0
119204,0.19218698996816588,0
115455,0.19214988685208756,0
115700,0.1921440414112738,0
122431,0.1921262372813099,0
125343,0.19212557089356752,0
114860,0.192124934675979,0
119606,0.19212029121121102,0
116569,0.1921099917364578,0
116838,0.19210365428313558,0
120083,0.19204787594467876,0
120107,0.19203818164957398,0
124229,0.1920361718253499,0
121711,0.19200835581302025,0
123763,0.19198882473864498,0
122457,0.19197886525118063,0
124308,0.1918889761609181,0
125596,0.19183455727220006,0
123646,0.1918262124982454,0
121301,0.19181163835260678,0
118329,0.1918081568210076,0
115276,0.19180646842082397,0
123706,0.19180640254298276,0
126921,0.19179519469274983,0
114913,0.19177891717446774,0
122908,0.19176902162543946,0
121861,0.19176025546424952,0
118951,0.1917334496348331,0
125611,0.1916947918916655,0
121523,0.19168298209418821,0
116294,0.19164952065370153,0
119205,0.19163356363804207,0
120108,0.19161117384818854,0
119202,0.19160514680350413,0
120269,0.19158922806017098,0
120821,0.1915783085582894,0
119269,0.19156421256653156,0
119667,0.1915386894185966,0
126374,0.19152592113268618,0
116513,0.1915210821308066,0
122993,0.19151924629330516,0
120545,0.1915125507734853,0
126396,0.19150446109666475,0
122812,0.19149252934350935,0
120011,0.19148933860360268,0
116200,0.19148786177544966,0
124537,0.19143812997769002,0
115438,0.1914319395174902,0
122024,0.19143113280156715,0
123154,0.19141270636931762,0
126174,0.19140997083285188,0
120779,0.19139612367252304,0
125543,0.19139120816821606,0
120751,0.19134807591113573,0
121541,0.19132579941314093,0
117014,0.19131264771475484,0
119570,0.19128436225538836,0
123245,0.19128121800307982,0
115213,0.19125095751729465,0
124377,0.19124745401006715,0
127043,0.19122675267586092,0
117879,0.19117053306207693,0
123688,0.19114719322498588,0
126594,0.19112749092588496,0
119371,0.19112736916703493,0
118846,0.1911116645798626,0
120221,0.19109478649036063,0
115234,0.19109155434556968,0
121533,0.19107223541338836,0
126705,0.19102436839274572,0
125827,0.19096843432659505,0
116936,0.1909219950927806,0
125656,0.1909037153288395,0
116378,0.1909020739845753,0
122283,0.1909011513198782,0
116564,0.19087841734119615,0
117655,0.19086647243281826,0
121147,0.1908343072735333,0
121151,0.19080269593879948,0
127257,0.19079244856375013,0
120577,0.19077721645234536,0
122895,0.19076890258315118,0
119716,0.19075386806388897,0
124020,0.19074990772458236,0
123942,0.19074970816957162,0
123134,0.19074152422875845,0
118665,0.1907143664046009,0
124346,0.19071392823000177,0
126753,0.19069358670844386,0
119168,0.19066789382694646,0
118132,0.19066652588447827,0
126548,0.19065340280992094,0
121785,0.19062318632378716,0
122366,0.19061183034585255,0
121392,0.19057981446457298,0
116044,0.19056127303772621,0
126676,0.19054992544493524,0
121471,0.19050965585277094,0
126677,0.1904997820922434,0
119328,0.19049456999209682,0
120610,0.1904730303172437,0
125083,0.19046174123709458,0
122154,0.19044031721048482,0
121652,0.19042172052180112,0
123286,0.19035656934401005,0
117927,0.1903143758866466,0
120405,0.19030103058010212,0
118067,0.1902743038040263,0
124916,0.19026893606820114,0
121937,0.19026294319198078,0
116737,0.19022853949404867,0
119504,0.19020854711933813,0
118794,0.1901755596680289,0
126601,0.1901491239405374,0
121935,0.19013195471766722,0
123041,0.19012000905636628,0
118133,0.19011716781034316,0
120425,0.1901101668752967,0
119738,0.19008580663073396,0
124306,0.19000979239487506,0
124244,0.1899299474368806,0
127194,0.18992857943448055,0
115402,0.1899139128989153,0
120029,0.18982109308022324,0
117746,0.18982103956229898,0
125790,0.18979986496382642,0
118042,0.18979548398093335,0
115298,0.18977530755981664,0
126267,0.1897681135653238,0
126895,0.18976587455606847,0
120461,0.1897389832998306,0
121970,0.189732576972491,0
120256,0.18970059577796625,0
119088,0.1896909271887728,0
121811,0.18968231872617763,0
127200,0.1896754574486541,0
118993,0.18967455126904859,0
126391,0.18965456658873558,0
119217,0.18965111272955598,0
116369,0.18964518378051745,0
123073,0.1896152533250601,0
118718,0.18960478471062708,0
126023,0.18958212703109045,0
116755,0.18955604760264247,0
120554,0.1895230613840241,0
124321,0.18949275517004266,0
127523,0.18946350058349304,0
119040,0.18945385972119647,0
116456,0.18942990945713958,0
123623,0.18942802964430697,0
116827,0.18942032770901263,0
115176,0.18938580082257547,0
117693,0.1893331398967829,0
125025,0.1892816210533395,0
120204,0.18927999837069515,0
117176,0.1892428026399808,0
116156,0.1892297134441895,0
126613,0.18921999226515174,0
126821,0.1892008461186107,0
127033,0.1891906285625874,0
122048,0.18917543701157913,0
126618,0.1891564270331742,0
122560,0.18914912758137623,0
120513,0.18914412733217045,0
126795,0.18910735574130133,0
123564,0.18904805453254264,0
125597,0.18903333765750235,0
117507,0.1890085955247878,0
126180,0.18900573997572634,0
122137,0.18899883080376795,0
125106,0.18898216334066337,0
126449,0.1889429959976997,0
116747,0.1889372906612647,0
117790,0.18884368970249346,0
120612,0.1888385627772852,0
117400,0.18882358609859634,0
125142,0.18879959331077414,0
116839,0.18874097017678867,0
124972,0.18871050774074655,0
121964,0.1886868365353491,0
115206,0.18865682762185904,0
124057,0.18865536322104046,0
117541,0.18864644675953723,0
123415,0.18863950403022658,0
120285,0.1886347018885,0
117895,0.18861562455977515,0
116103,0.18860397622443043,0
127076,0.18858025564852632,0
124400,0.18852029753295638,0
119563,0.18849574917315576,0
116138,0.18847419140531158,0
126672,0.1884675003003021,0
119902,0.188426695550088,0
125060,0.18840767138614917,0
126833,0.1883712112226263,0
121335,0.18833777359947762,0
125294,0.18831970126834596,0
125569,0.1883192788235686,0
118668,0.1883110907646393,0
119475,0.1882975125744206,0
115886,0.18826022203397405,0
123851,0.18824272799104855,0
126418,0.18824120248903933,0
118098,0.18821810509986328,0
124010,0.1881982271261098,0
117739,0.1881842881152908,0
119199,0.1881117612956655,0
114969,0.1880981392277909,0
126740,0.18807830118133415,0
120426,0.1880055106329217,0
118533,0.18799943661113955,0
114953,0.18794461200789364,0
118486,0.18792495395908784,0
120728,0.18792033949561418,0
127017,0.18791905914949214,0
123500,0.18791243829246151,0
125231,0.18790259677836846,0
117543,0.18788537681221115,0
125734,0.18787480269626589,0
115355,0.18785486758494027,0
119263,0.18784952644494102,0
120584,0.18784841862193394,0
115377,0.18783992256383636,0
120990,0.18782537270297417,0
126434,0.18781653978348622,0
122628,0.1877670579068776,0
115437,0.1877569650430072,0
121977,0.18774801868821026,0
123076,0.18768070747155696,0
125015,0.1876178713740233,0
117015,0.18759344330069,0
114812,0.18757854736355614,0
121637,0.18757374229383944,0
120346,0.18756673583280167,0
115051,0.18755057264684702,0
125242,0.18754815715118564,0
123872,0.18752862640446818,0
117634,0.1875030678913567,0
126582,0.18748649763290856,0
114990,0.18747522743074535,0
116837,0.1874722834224722,0
115135,0.18746741874481848,0
125495,0.187428159508004,0
116606,0.18737302975573827,0
118021,0.18734906515748762,0
121549,0.18734267752906839,0
125757,0.18733942538969223,0
125806,0.18733040399351555,0
122841,0.18731491620473253,0
126512,0.18730212777243116,0
119893,0.18728743823870284,0
115462,0.18725797172002234,0
122821,0.187239569854458,0
122548,0.18723672124147128,0
125283,0.187232717687772,0
124132,0.18722666368369667,0
116855,0.18720379986950225,0
117868,0.18717557809044766,0
125213,0.1871716757694356,0
119252,0.1870945641645989,0
125442,0.18706938052349495,0
116366,0.18706851776156033,0
125676,0.18705772426928916,0
121565,0.18703016614552984,0
115208,0.18702732848037742,0
119081,0.1870061148397472,0
115501,0.18694668068162404,0
121357,0.18692089958125985,0
125133,0.18687722542520657,0
125601,0.1868587155820458,0
117375,0.18684066983282277,0
127044,0.18681843305023255,0
120618,0.18681799627782333,0
125247,0.1868068054945136,0
127480,0.1867740541728122,0
124607,0.1867728406979034,0
121247,0.18676799614356773,0
123379,0.18675919901136953,0
115018,0.18671642713491848,0
120355,0.18668660404211287,0
124271,0.18663719623715844,0
117226,0.18662209857536227,0
115203,0.18661630898088477,0
119583,0.18660957503505088,0
116614,0.18659826814561192,0
115751,0.18659722121196803,0
117812,0.18656711626854738,0
116647,0.18656009795436018,0
120636,0.18655008197928954,0
122850,0.18653701958172075,0
122814,0.18652085254385706,0
121163,0.1865083042326212,0
115246,0.18645474219458025,0
115530,0.1864343284063465,0
123856,0.1863786390001239,0
118656,0.18637359164575398,0
117451,0.18635828256928438,0
121244,0.1863240236583508,0
122260,0.18630414822702582,0
122611,0.1862932273620815,0
125146,0.18627752484907115,0
125008,0.18625141540645962,0
120117,0.1862508877621629,0
116224,0.1862329734057917,0
116137,0.18621661567963196,0
114821,0.1862010049701362,0
124505,0.18619807567273544,0
125465,0.18616928729283364,0
125616,0.186162481995505,0
124179,0.18613959439902467,0
114921,0.18611077081487104,0
116107,0.18606915477505695,0
116022,0.18603933905854123,0
122883,0.18599656989176513,0
124891,0.18599266775553122,0
122735,0.18597179062047753,0
118576,0.18593841658605212,0
116126,0.18592586835823807,0
123970,0.1859124432063569,0
118011,0.18590955308215804,0
122344,0.1858974179880734,0
123217,0.1858848815006323,0
127160,0.18585918713708616,0
114894,0.1858572883716226,0
123020,0.1858498570778848,0
125800,0.18584731978317273,0
121835,0.1858186611074115,0
120259,0.18581670716071808,0
127356,0.18581344269875535,0
117914,0.18578660656919158,0
115368,0.18575199628342393,0
123630,0.1857321319064409,0
119232,0.18571219177246515,0
114813,0.185707140531063,0
116749,0.1856505201597652,0
121824,0.1856229829475569,0
125129,0.18560224069303807,0
119337,0.1855887030732123,0
126341,0.18558724188335335,0
120430,0.1855504124945568,0
125297,0.1855304671605799,0
127245,0.18549309067485048,0
121340,0.18544932373569795,0
120558,0.18544518494715834,0
117891,0.18542988354416395,0
117237,0.18542322003567113,0
120106,0.18538483067950795,0
116414,0.18536696248004783,0
117580,0.18534145316334255,0
120234,0.18528508154144102,0
121573,0.18521905012437848,0
126003,0.18521903700344491,0
122507,0.18520876541304432,0
125363,0.1852069865553176,0
121428,0.18520639121549468,0
115132,0.18516780188505944,0
114848,0.18515324348554169,0
116395,0.18512848037502092,0
116645,0.1851055519813259,0
119228,0.18510111803632773,0
118636,0.18509704106222744,0
120673,0.1850939175384618,0
117189,0.1850897326469171,0
123052,0.18501528465738934,0
118179,0.18495678244966177,0
126591,0.1849448651525806,0
118630,0.18483701470122413,0
120276,0.18482273832469537,0
116506,0.1848201939727051,0
120464,0.1848008076968437,0
115215,0.18477358665537524,0
117471,0.18475750149403966,0
121789,0.18472259032276747,0
117339,0.18471988853527768,0
122652,0.1847150779521552,0
126673,0.18470087126119736,0
126085,0.18468531228956253,0
116004,0.18466345381802743,0
114826,0.1846406191945248,0
124562,0.18463392223392544,0
126561,0.18463351394330357,0
121587,0.18463215680645698,0
118496,0.18461422663672503,0
126201,0.18461122817365394,0
121296,0.18459234688180523,0
125417,0.1845817476689814,0
122445,0.18456870419425495,0
118851,0.18454334658761382,0
124983,0.1845068610615478,0
126908,0.1844805577689288,0
125754,0.1844784107659642,0
125302,0.18446004443324862,0
116330,0.18444845916249492,0
122620,0.1844278749357648,0
125298,0.18442419493537063,0
127214,0.18441341864791497,0
114814,0.1844012358738997,0
127178,0.1843997017015709,0
116514,0.18436635584309816,0
122501,0.1843497723775931,0
120302,0.18434836023121257,0
124268,0.18434219304157257,0
119943,0.18434082507890764,0
115393,0.18433965595390267,0
123070,0.18431406811546275,0
118796,0.1842787352902458,0
124413,0.1842780502139132,0
119376,0.1842401276543392,0
119961,0.18423747778075722,0
117353,0.1842373949649914,0
115609,0.18420667404126395,0
115269,0.18420619222905504,0
123108,0.18420400106452686,0
127062,0.18419756487558575,0
125644,0.18416089668164556,0
115334,0.18415330776689648,0
126683,0.18411397773145863,0
121329,0.18410433443014176,0
125781,0.18410073663433746,0
114809,0.18409084791734567,0
118758,0.1840855615651429,0
127052,0.18407159717768973,0
117577,0.1840635534055246,0
115835,0.184034886712561,0
120939,0.18399738168094304,0
126694,0.18399257638783326,0
126362,0.18397797601805563,0
126564,0.18397626398537673,0
118692,0.1839480075022298,0
123187,0.18392240834923795,0
116282,0.1839059738189299,0
121737,0.18371359680728208,0
122418,0.18370780177463894,0
117757,0.18369530538294263,0
124012,0.18368937945818184,0
126587,0.18367478712364643,0
121239,0.18366563311048523,0
119111,0.1836587715557685,0
120149,0.18365492713425832,0
117113,0.18364461974935858,0
118861,0.1836423799006815,0
116092,0.18363738009010988,0
121148,0.18363683375441417,0
119991,0.18363104464175517,0
118038,0.18361541627861183,0
126552,0.18355710141291265,0
117981,0.18355055523939143,0
121998,0.18355033673530413,0
116675,0.1835209444298723,0
121521,0.18351252434821433,0
120296,0.18344928248305759,0
118762,0.18343920365676056,0
125335,0.1834316797214431,0
124609,0.1834194871105986,0
121369,0.18339705318341343,0
115845,0.183370906091884,0
126938,0.18329451478387807,0
120514,0.1832092827628601,0
125991,0.1832045700494914,0
126801,0.18318402388260385,0
124249,0.18318226506520793,0
115620,0.18318135941518648,0
126509,0.18315333790172209,0
118826,0.18306546996385784,0
121480,0.1830295292990933,0
117805,0.18302720236013345,0
125118,0.18301836117002399,0
118331,0.18298049647551892,0
125632,0.18297071578681462,0
119881,0.1829568913734462,0
127233,0.18289217656046997,0
121779,0.182867757011282,0
119239,0.18282500770711263,0
122705,0.18281392218100387,0
116481,0.18280078084678164,0
116471,0.1827905729347783,0
118952,0.18277220598281313,0
119927,0.18275563087967514,0
124213,0.1827368113122357,0
120349,0.18272274597750404,0
119810,0.18271519690748012,0
117116,0.1827068020035753,0
121294,0.18263699987988696,0
125471,0.18260938144094058,0
125584,0.18260165924205196,0
117111,0.18259535170609828,0
121709,0.18259439284772744,0
119899,0.18257452647784456,0
122108,0.1825490443625197,0
115890,0.18250243377162276,0
117393,0.18246878857431856,0
121261,0.18245160237576785,0
125407,0.18244312304946453,0
123059,0.18241267264399674,0
123389,0.18239554639444328,0
118514,0.18237489569471166,0
126930,0.18236061696609118,0
120684,0.18235600410800276,0
119237,0.18234082888933995,0
119952,0.18233718196537604,0
122804,0.1823241604604303,0
121511,0.18230268612050768,0
121303,0.18229515749167421,0
115412,0.1822925258807741,0
123369,0.18227299195247296,0
124181,0.18226605945006316,0
123351,0.18224850914859606,0
121104,0.18224583148361845,0
125776,0.1821502378614737,0
116100,0.1820838646341494,0
120469,0.18208135765832856,0
126862,0.1820760598900268,0
114901,0.18204165428387614,0
116034,0.18201371394291047,0
117653,0.18199679027537494,0
121076,0.18195598843383648,0
116172,0.18193425519342535,0
126914,0.1819244743599745,0
121122,0.18188204650339476,0
122769,0.18186257546772638,0
119163,0.1818599648730152,0
126699,0.18183515078500723,0
125219,0.18182851413570034,0
115447,0.18182464981792465,0
124026,0.18181296448300474,0
117645,0.18180557598142882,0
121738,0.18180153169948654,0
116762,0.1817501431297446,0
119219,0.18172069058074727,0
117900,0.181715737579144,0
123616,0.1816989277556115,0
120244,0.18168843306256974,0
120806,0.18167626134280193,0
115524,0.18165928154431138,0
117470,0.181595207798492,0
122380,0.18155685006668515,0
124433,0.18147258992311088,0
127060,0.18147201128345442,0
123885,0.18144605486172774,0
125739,0.1814356351525151,0
117406,0.18139657285233943,0
116617,0.1813959275043872,0
123537,0.18139113361545808,0
117640,0.181374016833151,0
125941,0.18137192348222725,0
120614,0.1813409468035822,0
126505,0.18133990584836376,0
125027,0.18132110495446901,0
122679,0.1813168487072217,0
124114,0.18131538439943892,0
125379,0.18131135477292074,0
121183,0.18129153506598394,0
117547,0.1812882084048244,0
122385,0.18121364543969387,0
124771,0.18119875142098613,0
117416,0.1811979212005706,0
123651,0.1811850003121981,0
122674,0.1811767849026474,0
121827,0.18117526640071244,0
114869,0.18117224055401152,0
120249,0.181151147330772,0
118028,0.1811484833205557,0
125249,0.18114575405904904,0
123225,0.1811342308224192,0
115042,0.1810795076031167,0
117947,0.1810563474612955,0
123023,0.18105376045940408,0
122642,0.18101615021707945,0
126324,0.18098464983808654,0
117444,0.18097292848734817,0
117935,0.1809718364097781,0
119309,0.18093978330041688,0
122730,0.18093373942091578,0
119656,0.18087406994219923,0
116413,0.18087272633082122,0
122929,0.18086248775485408,0
126733,0.18083785495500418,0
123917,0.1808027351313736,0
117665,0.18080148674764324,0
120891,0.18075519542579707,0
121440,0.18072579182154683,0
126432,0.18072337628276666,0
117440,0.18071053325701295,0
114988,0.18067730749861152,0
125214,0.18067713731677693,0
120776,0.1806706098751039,0
125541,0.18058933517049428,0
116133,0.18057189519058447,0
121714,0.1805699948281328,0
119306,0.18056327006694348,0
117791,0.18054737093983617,0
120090,0.18054151246371253,0
121445,0.18049305235354185,0
121742,0.18047114855345586,0
121583,0.1804419882222033,0
123101,0.18038517411712188,0
121767,0.18035997686515132,0
123904,0.18029793404153735,0
116143,0.18028704549624602,0
121692,0.18028308049198877,0
120275,0.18026963582313812,0
114876,0.1802657167292401,0
118799,0.18026301909525647,0
116512,0.18026038791650797,0
124581,0.18024012060326622,0
125423,0.18022158822313447,0
123219,0.18016847915722214,0
120822,0.1801636323343847,0
116653,0.18015623245067175,0
117148,0.18011779164775282,0
118618,0.18009912518910018,0
125270,0.18009686650340154,0
118607,0.18009269077761114,0
121856,0.18008771529359327,0
118895,0.18004671030762018,0
117415,0.1800363927015013,0
117009,0.18002549109485033,0
124474,0.18002053661501138,0
116478,0.18001364202199693,0
120378,0.17999556068380518,0
115943,0.17999483755852064,0
121726,0.17995532406567885,0
127290,0.1799506114582398,0
118676,0.17993562984979436,0
123067,0.17991818787200423,0
120884,0.17989008167319367,0
122222,0.1798563457897561,0
119253,0.17985236199624685,0
121330,0.17984820062931503,0
117428,0.17983854349675782,0
127243,0.17982350056481272,0
123004,0.179814739440516,0
117381,0.17980546513511564,0
124094,0.17977638166029128,0
119674,0.17975232749584472,0
124344,0.17974385760218212,0
125203,0.17971187630076063,0
114971,0.1796649219461752,0
120516,0.17963768921468004,0
115424,0.1796158157188473,0
125422,0.17959546776739585,0
119412,0.17958493778622656,0
124435,0.17956666504597923,0
119976,0.17955602101774365,0
116412,0.17955410938119032,0
116899,0.179543390551261,0
115749,0.1795323287592745,0
114937,0.17951421521593097,0
119945,0.1795115330015298,0
125156,0.1795105163438888,0
121257,0.17946871376934875,0
122486,0.1794665536615961,0
117783,0.17941649499288767,0
125054,0.17941615575020178,0
120700,0.17939431367773462,0
118863,0.17931888522658262,0
126956,0.1792895138607813,0
124509,0.17928232789211518,0
119079,0.17924769003280808,0
126870,0.17923745408416097,0
120152,0.1792319145477677,0
116215,0.17922771258222825,0
121324,0.1792275999881744,0
119264,0.17922524129932815,0
123410,0.17921313008568815,0
120018,0.1791850864017836,0
126353,0.17917429753808123,0
123837,0.1791681134373719,0
115709,0.1791331855997438,0
120530,0.17912583221946624,0
124083,0.17910629500181574,0
125542,0.17910403523370247,0
124174,0.1789678664467725,0
116343,0.17894973064126088,0
124309,0.17893668746586006,0
118887,0.17890935891996684,0
119939,0.17889922269740882,0
123159,0.1788866434369499,0
117657,0.17883283177102294,0
116342,0.1788316614377966,0
116090,0.17879070882762824,0
121223,0.17876408266750662,0
116018,0.17870714775981947,0
121686,0.17868165093519786,0
120159,0.17867266329830925,0
123719,0.17863315032840382,0
117449,0.17862932314177124,0
121072,0.17861035460151464,0
123850,0.17859254159923427,0
125615,0.1785776463025664,0
124058,0.1785302970796025,0
115599,0.17851720601758334,0
116740,0.17838553337528607,0
121798,0.1783677037365043,0
125742,0.17833478268678202,0
117998,0.1783335340232478,0
125700,0.17831130143258195,0
120293,0.17827097099571707,0
126350,0.17824532399695928,0
119311,0.1782401099414188,0
126329,0.17821220422165227,0
123867,0.17819958832116978,0
123787,0.17815848644337437,0
116500,0.17815551243699543,0
122749,0.17810890335377455,0
120453,0.17809988442315972,0
116082,0.1780936268552205,0
126401,0.17807922921116337,0
126358,0.1780224134829574,0
125430,0.17799425197106053,0
116973,0.17797602395498988,0
115528,0.17793252922686806,0
125486,0.17792688711725488,0
127262,0.17791293803692299,0
120914,0.1778872678320244,0
115146,0.17788261444418058,0
117467,0.17786951777732798,0
126879,0.17783150667920475,0
121241,0.17782373612647107,0
123573,0.17772398030391293,0
126897,0.17770353113419915,0
122687,0.17769482740061762,0
120025,0.17768415407886778,0
121381,0.1776836594342593,0
123892,0.17767109215842727,0
123444,0.1776655898423092,0
115098,0.1776268352705315,0
119946,0.1776217741492943,0
127193,0.1775763892282912,0
122956,0.17755748661641615,0
116690,0.17754498700191002,0
119134,0.17749811107940675,0
114874,0.17749358332688478,0
118804,0.17749358058335651,0
120642,0.17746482564458563,0
116227,0.17745367817839594,0
122492,0.17743865177796955,0
121838,0.17740777927668844,0
126469,0.17738592076382165,0
117493,0.17722119714849358,0
121790,0.1771669360507383,0
116050,0.17716246879801498,0
118590,0.17714802801363252,0
126411,0.17712687671795163,0
117749,0.17711423920550456,0
118053,0.17709813790243897,0
121046,0.1770928352586482,0
127029,0.17708245177226067,0
118900,0.1770805180679056,0
126882,0.1770658892020359,0
121251,0.1770604193516497,0
118865,0.1770451959617313,0
119038,0.17701616485283303,0
125360,0.17695588548048824,0
117351,0.17690153065894096,0
118595,0.17681771058538967,0
120033,0.17681072681451301,0
126404,0.17678518322819833,0
126669,0.1767622475325315,0
119192,0.17675434445345267,0
118786,0.1767496145309744,0
115205,0.17673863022490385,0
123156,0.1767026156068317,0
123103,0.17668823951007442,0
126422,0.1766878844225111,0
117385,0.1766739973151058,0
121590,0.17667258844662992,0
116533,0.17667182624082783,0
123507,0.1766670541281602,0
122605,0.1766645059398641,0
119973,0.17665415511352014,0
124254,0.1766478282576031,0
116876,0.1766294035739379,0
120497,0.17662791920940454,0
126506,0.17662152223707037,0
126761,0.17661625062099418,0
116263,0.17659659706781888,0
125639,0.1764728746836474,0
122914,0.1763958996791334,0
123788,0.1763815699241204,0
117127,0.17637764560960772,0
120265,0.1763596593676975,0
121542,0.17634807527502294,0
115179,0.17634347831694885,0
115044,0.17633640068370546,0
120546,0.17628616924458454,0
126793,0.17627285611246013,0
124421,0.17624200607739274,0
122921,0.1762251334952608,0
120210,0.17621849120313826,0
115186,0.17610035893754458,0
123488,0.17605665471499188,0
114897,0.17605634073954804,0
125147,0.17605162900925575,0
126972,0.17601662802095497,0
118977,0.17600976840499613,0
119206,0.17598957824522285,0
114972,0.17598827906870496,0
124372,0.17597679752281611,0
124347,0.17593674238857804,0
118973,0.17591190843255808,0
114806,0.17590719051101425,0
126431,0.175847922305499,0
123474,0.17584316094501362,0
124917,0.17579658350436966,0
118717,0.17576073989218452,0
117779,0.17575027856612901,0
115421,0.1757341701125672,0
125777,0.17570673834850672,0
115506,0.1757022798687958,0
125132,0.17567980084316348,0
126877,0.1756628729642871,0
127439,0.1756488189998894,0
126510,0.17561730769692163,0
122889,0.17560231865508424,0
121655,0.17559587950733885,0
117037,0.17558181001623252,0
119841,0.17556155180266436,0
123428,0.1755077908145577,0
118898,0.1755065941810955,0
125655,0.17550500558528911,0
115289,0.17550007716938473,0
121981,0.17549880107496887,0
126477,0.1754885415839039,0
114799,0.17548761276512762,0
120314,0.1754669719059669,0
122384,0.17544631638169766,0
124040,0.1754334701554847,0
115557,0.1754113410985884,0
119367,0.17540542332118034,0
126701,0.17538418940737316,0
125416,0.1753430711556171,0
114946,0.17533262275209244,0
124118,0.17529471765738106,0
123343,0.17528907390229223,0
127252,0.17525143877141636,0
121682,0.17523606208352702,0
126385,0.17523088835510578,0
117846,0.17520087515195945,0
125163,0.1751395008649486,0
122824,0.17509549792519005,0
126334,0.1750779641130086,0
122498,0.1750720009262446,0
126800,0.17506808067298402,0
117402,0.17506387656243275,0
125727,0.17505413570733583,0
126828,0.17504905421670156,0
117462,0.17504843835220624,0
117990,0.1750360993131325,0
117082,0.1749993888331597,0
126373,0.17499859189493355,0
115001,0.17498873427635606,0
125585,0.1749764578251881,0
116084,0.17496595768536177,0
115469,0.17496344553107818,0
115120,0.1749458715150299,0
119198,0.1749456463940743,0
116806,0.17492278832082972,0
118712,0.17491921337309144,0
119083,0.1749156140476764,0
122598,0.17490809118336814,0
122529,0.17489404891376079,0
117265,0.17488904708393374,0
120861,0.17484750102037888,0
123058,0.17484030088191074,0
117491,0.17483935949605633,0
123106,0.17483280417133937,0
122733,0.17482635551080464,0
125666,0.17482225957351707,0
126649,0.17480228970602393,0
126433,0.1748014346078975,0
115275,0.17476782548001446,0
126682,0.17475958862123542,0
123386,0.17475874711337785,0
125633,0.17473688741599894,0
118462,0.17472581117828942,0
122043,0.1747232777453314,0
123000,0.17470983338892226,0
122807,0.17467908640374202,0
122481,0.17466821626320647,0
117412,0.1746168224518122,0
126301,0.17460707453234256,0
122991,0.1745996749314024,0
117684,0.17455613001219702,0
127286,0.1745213672813032,0
115141,0.17444704426485402,0
122752,0.17440848573658488,0
123197,0.1744074697896978,0
118049,0.1744036992332724,0
116102,0.17439189176972306,0
116176,0.17435306561918068,0
122971,0.17434749252753587,0
119187,0.17433585740704105,0
121813,0.1743340261108912,0
122625,0.1743299654568057,0
120255,0.17427571727088403,0
122743,0.17423204575354106,0
125774,0.17422132132553145,0
116754,0.17419840166751518,0
116866,0.17419799611798956,0
118052,0.17415781265233826,0
124743,0.1741356391687885,0
123955,0.17409251479294913,0
121346,0.17405097459923974,0
124124,0.1740404895447359,0
116279,0.17404016204677536,0
125842,0.17403356901780395,0
124015,0.17402225532397084,0
125199,0.17396266013628736,0
119137,0.17395537181050452,0
115198,0.17395407663878168,0
126685,0.17393696366590217,0
126813,0.17391991231452683,0
126919,0.17389358932054985,0
126311,0.17388648558462508,0
122076,0.17385664600369996,0
125443,0.1738432129861294,0
116315,0.17383295687142072,0
123677,0.1738199023088542,0
116846,0.1738155787665069,0
121607,0.17379630688838613,0
116957,0.17377663606061475,0
121513,0.1737232128120169,0
120041,0.17370188180604088,0
123054,0.1736822130426176,0
123161,0.17364623642469207,0
120778,0.17363806283380842,0
116621,0.17362467214958613,0
125157,0.17360684303831753,0
120246,0.17360054384601367,0
124568,0.17357999945087385,0
117613,0.17357566590901582,0
120247,0.17354975156188313,0
125795,0.17352549243868567,0
118682,0.17350900532114782,0
125257,0.17347853103022687,0
120698,0.17346104935097423,0
126430,0.17345787836498838,0
126363,0.17342616290194562,0
125355,0.17339124439470335,0
120644,0.1733898811226999,0
120444,0.173331467680145,0
126436,0.17330546643892042,0
126922,0.1732811153341321,0
125287,0.17323500660837873,0
127476,0.1732196390712338,0
116474,0.17321912428503122,0
122536,0.17320973905707923,0
122450,0.17317052881414596,0
120336,0.17316113840182726,0
116923,0.1731568297232391,0
126309,0.17314248713936237,0
117767,0.17314162967595095,0
117848,0.17309960949346676,0
126366,0.17308856655546748,0
123188,0.17308323072165946,0
120282,0.17306615474698744,0
118204,0.1730652249271019,0
120260,0.17306193647308582,0
117660,0.1730589357986893,0
115118,0.17304301194434507,0
124466,0.17302095003353357,0
122983,0.17300993112237734,0
114891,0.1729636885424916,0
123905,0.17296333147600637,0
123816,0.17294072093697815,0
123888,0.17291444421892355,0
119987,0.1729116461547765,0
119030,0.17286005385739495,0
123173,0.17284164619274714,0
125295,0.17282924491774962,0
125091,0.17281481697845305,0
125599,0.17281220015863683,0
119293,0.17280483798249996,0
125603,0.1727712662086319,0
118575,0.17271967885927392,0
116437,0.1727036787705478,0
115396,0.17270266298687312,0
126648,0.17269148695272063,0
117362,0.17256512461381937,0
121695,0.17255177987668216,0
124895,0.17252418092570568,0
127334,0.17252117883032084,0
127109,0.1724582623560688,0
124190,0.17244427498588286,0
126090,0.1724311690595025,0
115896,0.17241915694017057,0
117323,0.17240603474935767,0
115104,0.1724016057960253,0
117561,0.1724013378935306,0
116105,0.17235209504820376,0
122677,0.1723386634227221,0
124328,0.17233079663648043,0
120562,0.17232727937297473,0
120370,0.1723239801759235,0
123894,0.17227932217102065,0
118503,0.17226165090627527,0
125897,0.17224842238895666,0
125057,0.17224653268728915,0
115156,0.17222455543887866,0
123707,0.1722182455336208,0
124038,0.17220409979641066,0
119817,0.17217991328596186,0
118045,0.17210370772860326,0
118957,0.17203952630257685,0
126680,0.17202414051394527,0
125538,0.17200451835670527,0
122117,0.17198519958121639,0
117832,0.1718896131064128,0
118138,0.1718872550228218,0
117585,0.1718801121451841,0
119141,0.17187465701805404,0
114939,0.17187077120207006,0
121341,0.17180230312625797,0
127384,0.17180222983226315,0
123516,0.1717983602054196,0
116756,0.17177513467190036,0
125372,0.17174444362314592,0
123336,0.17174319156475376,0
115335,0.17162493818202884,0
118756,0.17153155075201798,0
119608,0.17147146252725187,0
117850,0.17143395417372556,0
126075,0.17142997182344472,0
124401,0.17141892684356289,0
119926,0.17138354184800175,0
120081,0.1713746136780434,0
122088,0.17131570773923777,0
116502,0.17131051698390948,0
123443,0.1712990761826703,0
117328,0.1712904645737547,0
116496,0.17128819286576713,0
119294,0.1712398099423754,0
119685,0.17123762843516668,0
121681,0.17123728670861346,0
115085,0.17120982880166213,0
115404,0.1712088667276721,0
121292,0.171207952887252,0
123338,0.1711817458529181,0
122879,0.17117268137306046,0
116450,0.17115972878217586,0
124128,0.17113990449047653,0
115619,0.17113620544042,0
116933,0.17112479396135805,0
116631,0.17112040810611476,0
116394,0.1710923956077272,0
124544,0.17109169780627817,0
120169,0.17102152318655303,0
121419,0.17100315242514863,0
126584,0.17094060692485022,0
118843,0.17092827604832048,0
116609,0.17090238870304988,0
123169,0.1708815782174092,0
122256,0.1708602023826728,0
116544,0.17085821059195547,0
126133,0.17084176976281004,0
120299,0.17083981511475776,0
124320,0.17083470204555135,0
121524,0.17081325751159582,0
119181,0.17074557344221566,0
115375,0.17074550090727786,0
116242,0.1707157746422678,0
114949,0.17067228557842035,0
126932,0.17066343528361422,0
121353,0.17066187796431675,0
119417,0.17065654185751106,0
124869,0.17064518968551984,0
118775,0.17064254824206382,0
122920,0.17062175500427104,0
124440,0.1706187689451598,0
124801,0.17061158548764072,0
121135,0.17060683529931592,0
119661,0.17060145499464727,0
122861,0.17056848909827158,0
120621,0.17055499232428464,0
124930,0.1705532567462599,0
125332,0.1704993095196377,0
121368,0.17049882467905733,0
119348,0.17049029113239803,0
125689,0.17042926028605576,0
116718,0.1704139953883859,0
117615,0.17041097419093734,0
119604,0.1703783886579557,0
126832,0.17035137894986466,0
122902,0.17032234286534773,0
125333,0.17032013140448252,0
115260,0.17030872412700274,0
125574,0.1702748137207288,0
119695,0.17025021124095482,0
122561,0.1702464581463848,0
118181,0.17024596406502387,0
115140,0.17022710693984433,0
119310,0.1702111668319969,0
125675,0.17018197706509494,0
119954,0.17017380397329485,0
123261,0.17014439923918262,0
121554,0.17011265528179348,0
116078,0.1700776418985274,0
120128,0.17002905070922364,0
116077,0.17001448106924055,0
124965,0.16999739428023497,0
125267,0.16996628243339018,0
120531,0.1699537912563679,0
114926,0.1699296051427045,0
120653,0.16984320261089583,0
118792,0.16984110603768696,0
120254,0.16983518781622242,0
127458,0.1698183807608627,0
125155,0.16981243883270206,0
123799,0.16979622716858844,0
126627,0.169774470483671,0
115191,0.16976145517184546,0
121597,0.16975051305120714,0
124364,0.1697474294134427,0
124521,0.16972345965374874,0
122838,0.16967858155363227,0
125066,0.16963317515145845,0
126515,0.16961541465107816,0
121910,0.16958596382029117,0
117612,0.16957260154380047,0
126222,0.16956816773421982,0
115057,0.16956594802613936,0
117918,0.16947758002734337,0
121226,0.16943319881304036,0
117729,0.16943188608932339,0
126079,0.1694202343706017,0
120303,0.16939542023291732,0
114974,0.1693864575846638,0
123126,0.16937389018371538,0
118666,0.1693738021226202,0
126212,0.16936713314194032,0
116379,0.16936695893463372,0
124262,0.16936014351780077,0
117814,0.169330719102481,0
118927,0.16929472241629268,0
122790,0.1692285255365716,0
122506,0.16921535788318262,0
125050,0.16920009947545486,0
121152,0.16917976314206007,0
123157,0.16917162605625433,0
115073,0.16915258150146517,0
124263,0.16913840168260014,0
119336,0.16907155921483644,0
114841,0.16903757745816347,0
119169,0.16902558843167806,0
119648,0.16899423105589362,0
126065,0.1689706230624272,0
123827,0.16895324021929264,0
115223,0.1689460933729099,0
118040,0.1689457179834069,0
115366,0.16889415423924833,0
124361,0.16886927543194294,0
125391,0.1687904997459505,0
119147,0.16876111855192938,0
117390,0.1687477836963639,0
119032,0.16871966900398325,0
114856,0.16871723134081557,0
119809,0.1686864850039007,0
124395,0.16867630910100284,0
122836,0.16861837131214685,0
115024,0.16858131118906497,0
123136,0.16857915019275646,0
118289,0.1685697102086667,0
118608,0.1685529653302553,0
125159,0.1685329628180874,0
123011,0.1685234571105462,0
121035,0.16851458476301562,0
126632,0.16850695752391454,0
115522,0.16845058730080112,0
123576,0.16844517587614172,0
116505,0.1683177660507029,0
121506,0.1683151257585703,0
119394,0.16829655837114574,0
121305,0.16827129999769166,0
126872,0.16826497967725718,0
118588,0.1682516679149617,0
116807,0.1681993601464055,0
125023,0.1681623475492916,0
116714,0.1681614115749067,0
117434,0.16815313593635992,0
122485,0.16814960084159689,0
123168,0.16811739678101037,0
115380,0.16810439285214637,0
121416,0.16806039872512926,0
121290,0.16805461486074763,0
117683,0.16802096217205814,0
124354,0.1680106164944275,0
115971,0.16799553827474684,0
126447,0.16799342900378367,0
120001,0.1679779767590279,0
115762,0.16794604148368697,0
126446,0.16792442932586368,0
126969,0.1678649041850824,0
122252,0.16785259074608966,0
116676,0.1678128236725996,0
115243,0.1678091771523577,0
125983,0.16779589375511544,0
116641,0.16779351040451693,0
116951,0.1677785418513624,0
126462,0.16777069474538583,0
119113,0.1677654940026602,0
127464,0.16776416987071158,0
123001,0.16774341543670793,0
124157,0.16772776675166756,0
115071,0.16767446365048466,0
124120,0.16765904648941218,0
123216,0.16764852854521695,0
124864,0.16763540832965274,0
115284,0.1676298661801841,0
117098,0.16762269091615065,0
125113,0.1676065009266694,0
124508,0.1675840205742351,0
122978,0.16750241112965308,0
119256,0.16749346854463631,0
115232,0.16748195952116127,0
120341,0.16745786357896095,0
126953,0.16741512131343306,0
125104,0.1674122119116223,0
121178,0.16733575081666102,0
124273,0.16731620316733736,0
126772,0.16730233010172835,0
120232,0.16730176497884464,0
120816,0.1672992483923004,0
117734,0.16727139080197848,0
118956,0.16726602595697498,0
127007,0.16724658915703433,0
118212,0.1672419111482955,0
119962,0.16723740876239207,0
117431,0.16723185422319747,0
116725,0.1671927164460196,0
121272,0.16713363462856526,0
123598,0.1671261860909726,0
123267,0.16712489167334402,0
123634,0.16712157491571064,0
123943,0.16705731578154448,0
124763,0.16703108698878877,0
121553,0.16702711340935764,0
115258,0.1670047432208907,0
121081,0.16699586706514832,0
126503,0.1669193272595538,0
120447,0.16691721370091378,0
125244,0.1668999724544941,0
116234,0.16688643405240783,0
123178,0.16688448090552382,0
126357,0.166874334199977,0
119916,0.16686567093408142,0
124378,0.16686088218653689,0
122508,0.16684293243738121,0
122650,0.16683112069294614,0
119334,0.1668165989785425,0
114868,0.1667989986181839,0
119555,0.1667942819186585,0
125389,0.16675503016799068,0
126525,0.16675363590045408,0
115400,0.16671727873532807,0
123117,0.16667595051629489,0
126817,0.1666512007623112,0
124060,0.16662706797091978,0
119208,0.16662700418086768,0
118469,0.16660661530145612,0
119582,0.16659419090025762,0
118840,0.16658545190349872,0
122522,0.16656827221528822,0
121418,0.16655936269847535,0
118519,0.1665326393051316,0
115395,0.16647814261637728,0
118907,0.16644599227762277,0
116212,0.16643028136211688,0
121430,0.1664230923746333,0
127058,0.16640264624543813,0
120421,0.16630767511734865,0
114957,0.1662796424968588,0
122011,0.16624831889683844,0
116522,0.16621816040683324,0
120978,0.16619772778501293,0
120835,0.16619455768538308,0
118765,0.16618871798937754,0
121291,0.16614085348419827,0
120154,0.16613445322737808,0
115408,0.1661245450450164,0
121794,0.16612327365222487,0
115285,0.1660659478074581,0
121146,0.16605856324801987,0
119783,0.16605416888135846,0
120401,0.16604129096994444,0
115571,0.1660329307215683,0
124264,0.16602351422505957,0
114910,0.1660201489606172,0
124066,0.16594940077786224,0
125376,0.1658997756885602,0
123876,0.16585733501642325,0
118897,0.16583011029459863,0
114886,0.16582634879963756,0
114989,0.16582501516996004,0
116112,0.16582297855467237,0
126216,0.1658094918820985,0
126758,0.16579693811283608,0
126327,0.16576659683402192,0
126803,0.16573738653356657,0
117976,0.16573475728588072,0
119330,0.1657134712922868,0
121236,0.16569534481484927,0
125489,0.16568415326784794,0
124529,0.16565790872800784,0
118613,0.16562057998177707,0
124441,0.16561240440844519,0
118698,0.1656013051027779,0
121552,0.16557652874963563,0
124355,0.1655693120119767,0
126403,0.16552457496017564,0
115249,0.1655237064634521,0
126364,0.16547595656372607,0
115343,0.1654214796259709,0
121840,0.16541823588827437,0
120603,0.1653966130395786,0
118089,0.16539362075937328,0
126976,0.16537514776036877,0
122490,0.16536827595282613,0
115878,0.1653628926633078,0
126636,0.16535442946520007,0
123008,0.16533471277179793,0
116389,0.16532193359479866,0
115216,0.1652314769138796,0
127217,0.1652256706564179,0
114824,0.16515455092684547,0
123074,0.16509525711446316,0
115701,0.16507209436468168,0
119220,0.1650425758495072,0
125728,0.16503799024948412,0
120460,0.16502239140171776,0
123111,0.16490973720982924,0
116187,0.16484588674175712,0
117479,0.16479139629802733,0
125440,0.16478152534926227,0
125531,0.16473628296347317,0
119957,0.1647267519081052,0
122516,0.16472521934025805,0
124502,0.16468829111880087,0
115336,0.1646516802157069,0
119706,0.16461644285675828,0
126823,0.16457735280319002,0
119977,0.1645744353237431,0
115338,0.16455096841414557,0
119710,0.16452715004091448,0
122482,0.16451200696885565,0
118292,0.1644899442735804,0
124176,0.16446936198853815,0
115268,0.1644588884746705,0
116880,0.16444460090073315,0
117223,0.16444300996232877,0
120375,0.16442890757865902,0
120676,0.16442382235250053,0
127088,0.1643878309671865,0
117865,0.16433137239004425,0
120986,0.16432723405709096,0
118578,0.16430306368258984,0
126778,0.16429209866842032,0
126622,0.16426813696123896,0
124535,0.16426276116586386,0
116117,0.1642610109398779,0
120328,0.16425066014417433,0
125519,0.16421394131893954,0
126949,0.16417342318884284,0
118390,0.16414035121598394,0
124587,0.16410174419179918,0
119246,0.16409412245251717,0
126724,0.1640711570839246,0
126650,0.16401852511357756,0
120493,0.16401754773227623,0
119580,0.16401275411775246,0
118158,0.16400853680277516,0
122572,0.1639790355224908,0
117616,0.16397546411060465,0
124187,0.16396136279339213,0
120180,0.16389444959478383,0
115347,0.16389352040708677,0
118162,0.1638933469103512,0
116601,0.16388608069044094,0
120391,0.1638596998456074,0
120289,0.1638403213409043,0
126857,0.1638161213779495,0
125448,0.16380377687703299,0
126331,0.16380147436834935,0
126918,0.16378722082546843,0
115483,0.16377439095364918,0
115092,0.16375815641683233,0
126797,0.16375686230468844,0
119911,0.1637241971510283,0
119035,0.1636989943650298,0
127024,0.16360880618445464,0
120696,0.16360863406527276,0
119318,0.16356978086868976,0
122670,0.1635548919308255,0
115008,0.1635211753020898,0
120536,0.16350632424389955,0
124318,0.1634967608978171,0
116580,0.1634889419926231,0
115912,0.16348081911414938,0
118083,0.1634438172660777,0
126710,0.1633768985985412,0
124457,0.16336701537514411,0
127511,0.16334377107495412,0
120615,0.16333954507794624,0
119869,0.16330442788652233,0
125299,0.16329223174096605,0
115072,0.16327825867358456,0
116419,0.16325204740343055,0
121705,0.16324971116530806,0
118586,0.16322870198427306,0
114843,0.16322447651693658,0
116226,0.16321647407385376,0
115105,0.16317691056515862,0
116250,0.16314855009738816,0
119074,0.1631323450825245,0
118688,0.16312864313099001,0
122789,0.16309294368230653,0
125981,0.1630801334717589,0
125378,0.16307871100317267,0
116169,0.16307189132583097,0
118148,0.1630620001495019,0
114912,0.1630573582738571,0
120387,0.16303988306801864,0
119009,0.1630243486810295,0
121315,0.16302108263000392,0
116828,0.16296497301766286,0
124215,0.16295468152239032,0
116487,0.1628614318079714,0
126367,0.1628424664713923,0
126867,0.16283484930509423,0
116311,0.1627141271527432,0
117924,0.16270769072394015,0
115247,0.16269229238726973,0
124517,0.16268850155218278,0
116392,0.16265208485227112,0
115274,0.16258381405608524,0
126615,0.162552857444272,0
120118,0.16252565350536632,0
116778,0.16250195623337732,0
115579,0.1624387409242315,0
120393,0.16242124478371886,0
119029,0.16238555416110131,0
116080,0.16238354317890108,0
115409,0.16238248509050127,0
121512,0.16237696251091555,0
116942,0.1623726266142762,0
116070,0.16236121118079067,0
122692,0.1623484200420475,0
125570,0.16226697492269757,0
121309,0.16225063260490666,0
123786,0.1622447796844358,0
127035,0.16218957787894753,0
120478,0.16215848242384337,0
117178,0.1621134157948621,0
125715,0.16207244115470332,0
117396,0.16207142340484806,0
119882,0.16201779191423746,0
114966,0.1620134534049154,0
122269,0.1619759939302732,0
116364,0.16195161652573145,0
116142,0.1618835099221702,0
115427,0.16184450496578368,0
120050,0.16178742647170036,0
119203,0.16174624881023886,0
126393,0.1617447030707648,0
119295,0.1617427334107915,0
114823,0.16167266932473753,0
116292,0.1616577403543058,0
126572,0.1615744775199667,0
117104,0.1614728694970599,0
122690,0.16145105840360077,0
125765,0.16143046600371092,0
126557,0.16142750796319968,0
120400,0.16142108461868446,0
125176,0.16135264642836283,0
114893,0.16133424524694145,0
124394,0.16131995949526118,0
123543,0.16131438756612232,0
121375,0.1612973268609567,0
119327,0.16129574735869726,0
120452,0.16127573335000178,0
120345,0.16124992314107858,0
126827,0.16122006232088545,0
117249,0.16120881040436275,0
124074,0.161207846389412,0
121578,0.16118274075831432,0
116235,0.16109423949703103,0
115572,0.16109125781998587,0
121501,0.16108251911976468,0
124596,0.16103588439375555,0
115731,0.16103397737023525,0
116393,0.16100669612446086,0
120458,0.16098187063608801,0
119167,0.16093367461097005,0
126460,0.1609266908619987,0
126596,0.16091277574175636,0
119780,0.16089374174570512,0
123525,0.1608725205202653,0
120443,0.16086332131453604,0
124742,0.1608554539466379,0
119211,0.1608420850013457,0
126645,0.16083903183077322,0
125028,0.1607720882806934,0
115578,0.1607610632757903,0
115004,0.16076068548628908,0
118616,0.16070900887778064,0
121697,0.16064684125846643,0
121271,0.16060569923312154,0
115544,0.16053259340456114,0
116620,0.16053230763349574,0
115504,0.16052682493776124,0
118127,0.16052335238287763,0
118738,0.160523123454629,0
114964,0.16049886508029,0
127050,0.16043694285128735,0
122077,0.16042554807675363,0
121881,0.16040872495881972,0
121082,0.1604021176773987,0
115382,0.16038469965679525,0
120488,0.16037052778553312,0
119021,0.16036852663693715,0
119254,0.16036078170752002,0
114825,0.16035160412116758,0
121574,0.16030989266302656,0
120904,0.16030728257450097,0
126476,0.16030100328928204,0
115995,0.16028269020303432,0
124376,0.1602652920285294,0
114979,0.16025664954331642,0
116683,0.1602475910971021,0
124958,0.16022786558569407,0
118145,0.1602023507241057,0
116074,0.16012180210761573,0
121312,0.16011575547490112,0
121004,0.16011015595233236,0
116454,0.16002581100099186,0
117834,0.16001177405130865,0
126729,0.16000812490617397,0
120486,0.1600044655963429,0
118953,0.15998834430426395,0
120155,0.15997932063531783,0
120923,0.15997477779984268,0
126024,0.15996322231746493,0
122597,0.15994678300403595,0
126750,0.15993021818004707,0
124431,0.159908147930505,0
121336,0.15987477427242272,0
117999,0.15987056134381183,0
123407,0.15985802670878357,0
123037,0.15983879716242141,0
126598,0.15983006368183272,0
117804,0.1598204701835981,0
119301,0.15980996912546738,0
123879,0.15979982079978716,0
125559,0.1597863497438385,0
121781,0.15977134604960994,0
124387,0.15975235765502166,0
118254,0.1597400386977083,0
122487,0.15973501286000166,0
126863,0.15969903757556936,0
125383,0.15966399377368526,0
126443,0.15966261076706342,0
124342,0.15965012655708427,0
121028,0.1596465058693386,0
125328,0.15962448550885305,0
118090,0.15961770467794584,0
126020,0.15956194830896198,0
119177,0.15953995516246208,0
127008,0.15953462993800493,0
119011,0.15952805036970097,0
114796,0.15952575930623206,0
119999,0.15948604188881862,0
125232,0.15942192367567848,0
118950,0.15938127313655984,0
125215,0.15933145471229523,0
118593,0.15913278866768188,0
121883,0.1590942257427286,0
115342,0.15908143970768318,0
116726,0.15906444823732285,0
119506,0.15906186990052798,0
121612,0.15904513941788764,0
121665,0.15903981450017546,0
119807,0.15900433671634714,0
119229,0.158939627335627,0
119155,0.15888018717682248,0
124384,0.1588246553162167,0
121299,0.15876714826290794,0
120313,0.15874163578479167,0
119877,0.1587267776299531,0
116072,0.15871829623926811,0
127025,0.15868433705100798,0
125653,0.158667868473928,0
121751,0.15865001342670051,0
115093,0.1586469502198885,0
124468,0.15863479951329632,0
121891,0.1586154720764017,0
126851,0.15860841032781972,0
118554,0.15858817409492654,0
120016,0.1585002512390335,0
119125,0.15845437607295437,0
124780,0.158449394934265,0
118612,0.15843621161877142,0
124868,0.15842481894809535,0
121623,0.15840471365662018,0
117678,0.15838086948744046,0
121439,0.15835699673335826,0
123044,0.1583340279969333,0
116750,0.15833328560778104,0
124004,0.15830709366993534,0
123756,0.15829439147790475,0
118764,0.15825252040690693,0
118265,0.15820562175052594,0
120054,0.15819998714216016,0
122592,0.15816052966945715,0
118434,0.1581130542989823,0
118033,0.15807283787143192,0
116928,0.1580653646663811,0
118010,0.158061059663138,0
119386,0.15805749443263262,0
121087,0.1580318011277485,0
116202,0.15799732659494228,0
123174,0.1579962903443804,0
120654,0.15797977175681252,0
115496,0.15797338853167978,0
123113,0.15796109063624028,0
121196,0.15791111893316662,0
116195,0.1579003453990078,0
121741,0.15788621137063735,0
125848,0.1578847244388005,0
115960,0.15786366448165579,0
125959,0.15783656264327509,0
116253,0.1577881297754113,0
125605,0.1577062935696349,0
121220,0.15770274723865876,0
119469,0.15767129784016973,0
120571,0.1576186926254308,0
116702,0.15761702355034674,0
117609,0.15751691631005077,0
116191,0.15746842161371452,0
116403,0.15744574338554418,0
122564,0.15744434432893478,0
121154,0.15742124232658997,0
115302,0.15737737738175303,0
119062,0.15737679280827338,0
115292,0.1573401261527186,0
124324,0.15733807581821255,0
126732,0.15729515595067328,0
123880,0.1572616032661375,0
115494,0.15723774338980692,0
122801,0.15714683488383888,0
121213,0.15708833543711354,0
116368,0.15707011267312423,0
118885,0.15706720665119583,0
125154,0.15706444261068855,0
125077,0.1570186904423597,0
119742,0.15701380431844802,0
125138,0.15699605847817988,0
120503,0.15699239911904084,0
125865,0.1569882564696451,0
125415,0.15695126501471218,0
117395,0.15690927399105364,0
121288,0.15689434118266524,0
117425,0.15687711917084282,0
127403,0.15686507140339678,0
120527,0.1568053570039115,0
117398,0.15679714395722338,0
126010,0.15678890649664748,0
124103,0.1567309800338148,0
114983,0.1566950786823138,0
126703,0.15669481567747232,0
118819,0.15669479584855353,0
122995,0.156693252550341,0
126120,0.15666277573369372,0
118979,0.15665878150217288,0
123026,0.15663960742977415,0
127377,0.1566031975309996,0
124732,0.15659413814909892,0
121651,0.15659159387750393,0
114884,0.1565862510216683,0
115610,0.15648309705497204,0
119355,0.15634447073554547,0
119890,0.15632060190466132,0
126915,0.1562541070838101,0
117084,0.15623425059754042,0
115515,0.15623313531514038,0
122556,0.1562073120744396,0
126365,0.15618031188591083,0
116124,0.1561633932915191,0
115121,0.15615563921285414,0
125952,0.15613442660072938,0
125456,0.15606485256965258,0
115332,0.15606283216911318,0
117332,0.15605714632332843,0
118908,0.15602365098107326,0
115263,0.15600561163120025,0
117967,0.1560032925743492,0
120592,0.1559710590937103,0
125397,0.15594961665680304,0
124687,0.15591809835205409,0
116507,0.15591341778638199,0
121719,0.15590841091232854,0
121801,0.1558212920710526,0
119006,0.15579671607273834,0
122584,0.15578913333728941,0
123777,0.15576525697744995,0
121265,0.1556978583153053,0
116222,0.15568967729968058,0
124698,0.1556864360346342,0
124193,0.15568566313726637,0
115002,0.15555691672649297,0
125171,0.1555284676742854,0
116497,0.1554979356389621,0
118935,0.15548907807001322,0
121476,0.15548230265099572,0
120357,0.15547973431068468,0
120227,0.15542923294183156,0
125095,0.15536039689531175,0
116556,0.1553321311902041,0
117524,0.15532698356392946,0
119236,0.15530931062167935,0
116361,0.1553071700538059,0
126487,0.15525228601863836,0
124794,0.1552303977910502,0
123077,0.15522772906057508,0
119059,0.15521854453849726,0
125354,0.1552143043998689,0
122809,0.15515393566175528,0
125444,0.15514563067658513,0
115055,0.15513325144956036,0
125532,0.15512632670951543,0
126124,0.15510172272722214,0
123036,0.1550822210024335,0
121764,0.1550802294011436,0
121279,0.15507463570706698,0
126991,0.15505699180739363,0
119755,0.15503422717480733,0
123476,0.1550113813542772,0
119112,0.15500235848573393,0
115046,0.15499492412494864,0
124512,0.15497759302744477,0
118609,0.15494665387010703,0
118273,0.1548704738720064,0
117769,0.15484510982341415,0
121984,0.15484149329716476,0
124424,0.15480618911942523,0
119684,0.15479348524446634,0
122524,0.15475896156951766,0
118974,0.1547548259295582,0
124009,0.15469529595843104,0
123902,0.15468052471231722,0
118003,0.154667107923433,0
116607,0.15453518361737656,0
117345,0.15449909074396065,0
115406,0.1544978735376127,0
121619,0.15442045696813747,0
120086,0.15436417810748876,0
116524,0.1543597740903391,0
116874,0.15434556945180172,0
119233,0.15434298330242638,0
115452,0.15434112175352882,0
126808,0.15433903402576873,0
125265,0.15433520319885108,0
116914,0.15432425990838408,0
120622,0.1543086709567443,0
117720,0.15430168336889882,0
127014,0.15426248788086128,0
120366,0.15421780431497797,0
126782,0.15421084648851502,0
122765,0.15418102418323051,0
124095,0.15414510529377667,0
126743,0.15413824762164713,0
125078,0.15410753302813734,0
116949,0.15404637797616405,0
120404,0.15402864684419085,0
123858,0.1540107606797052,0
124019,0.1539745477739458,0
125192,0.1539713866951842,0
120929,0.15395999934001942,0
125911,0.15393304592194765,0
126338,0.15384928706544268,0
121009,0.1538413596137533,0
126700,0.1538161582230678,0
123235,0.15375777822841913,0
126354,0.15375664139025214,0
124496,0.15373387698178403,0
126369,0.1537071878364001,0
120095,0.15369377034802248,0
124359,0.1536882128630941,0
119142,0.1535213352760826,0
118671,0.15350947949955718,0
115394,0.15350556410922542,0
118543,0.15349008736316763,0
122699,0.15348846141578557,0
118678,0.1534844227148239,0
123340,0.15348353873952497,0
116173,0.15342807590469087,0
116160,0.15342127034407746,0
120606,0.1534076414372906,0
116116,0.15334974302898757,0
114948,0.1533404919633406,0
125706,0.15333666468802745,0
124543,0.15332465867698486,0
117327,0.15329746969675243,0
115738,0.15325486457402646,0
116706,0.1532480514263519,0
125469,0.15314111915652645,0
124076,0.15313947688329457,0
122686,0.15302790812479572,0
121795,0.15299195083090364,0
119934,0.15298337854315064,0
116447,0.1529472344527347,0
118874,0.15292818474245892,0
127285,0.15291546158896743,0
119314,0.1529152280333434,0
118302,0.1529134495145599,0
124539,0.15288686291057493,0
119241,0.15288220970972832,0
126804,0.15287586737364206,0
125431,0.1528234185532037,0
122967,0.1528037439395544,0
116164,0.15277152943888256,0
118763,0.15276954438804766,0
125451,0.15275745085107856,0
124778,0.15275333510649577,0
117603,0.15273173423501346,0
116775,0.15271777020847066,0
119819,0.15269534755097502,0
115142,0.15266824744161012,0
123040,0.15262606592216796,0
126498,0.152605655266131,0
115727,0.15260146548539064,0
118954,0.1525803645209683,0
121262,0.15257913525118447,0
117501,0.15255527955039658,0
119627,0.15255380290215526,0
126496,0.15252472510678472,0
125394,0.15251762011325495,0
117890,0.15249621260608226,0
117875,0.15246957360897864,0
125553,0.15246686063087636,0
114950,0.1524598865005158,0
119283,0.152448345525245,0
126709,0.15244279796888277,0
117347,0.15242697723374005,0
119908,0.15242229063139223,0
127149,0.1523779571283878,0
119959,0.15236284822641197,0
121602,0.15236126483681528,0
121580,0.1523539315509821,0
119272,0.15232258162991255,0
124194,0.15232231763613333,0
126583,0.15231218426852447,0
122994,0.15230245949451704,0
116542,0.15229771890482133,0
127411,0.15229226878222257,0
116228,0.15227933439127267,0
118690,0.1522669527699806,0
122526,0.15220267866250742,0
121949,0.15218210770930365,0
119174,0.1521796453154858,0
119790,0.15216742902887107,0
122906,0.1521234207550999,0
127136,0.15208995296233502,0
123316,0.15208335517747393,0
122575,0.15206452567583878,0
115485,0.15202173424144308,0
124386,0.15198118975643757,0
122473,0.15197333960206708,0
125420,0.15193496253876537,0
117662,0.1518599893979595,0
124329,0.1518400407572973,0
123553,0.1517544807035379,0
121898,0.1517215598682799,0
121143,0.15172092039238663,0
126939,0.15170402298091543,0
119245,0.1516503564809911,0
123069,0.15161420925375588,0
126664,0.15148293058962375,0
120399,0.15147961398662135,0
118037,0.1514652275617714,0
127397,0.15144296228632464,0
121224,0.15142034542379687,0
121517,0.1514043006490419,0
123987,0.15140173834497175,0
116810,0.15139547988578556,0
115175,0.15136640898122694,0
117690,0.15136600935923533,0
119982,0.1513381417567303,0
127199,0.1512349326803737,0
123918,0.15121710294855387,0
120113,0.15119099514116696,0
120205,0.1511704737424083,0
124059,0.15116913496497789,0
124063,0.1511660231978898,0
115195,0.15111852213735902,0
125428,0.1510982248163711,0
126378,0.15109495420592914,0
125181,0.15105384388011733,0
123809,0.15103775052075624,0
125812,0.15098384159136355,0
115245,0.15094986152623172,0
119665,0.1508898448464028,0
122617,0.1508587617755405,0
125820,0.15084889354400002,0
114816,0.15084866282621287,0
121162,0.15084624055276463,0
117540,0.15081990232902762,0
125762,0.15081693123639298,0
117968,0.1507810250999865,0
121803,0.15077373848069195,0
117401,0.15071211532332493,0
121674,0.15070431543830332,0
123237,0.15070414931881862,0
119737,0.15068379612754965,0
119629,0.1506752021801338,0
125406,0.15059658153321206,0
116266,0.15059091880191294,0
121408,0.15053596488549909,0
119235,0.15053241379955118,0
119258,0.15049362999405028,0
124136,0.15048646988154568,0
120656,0.15048081420003606,0
119950,0.15047555007907434,0
121847,0.15046826729748947,0
117838,0.15041937632126237,0
116323,0.15038844428136272,0
122782,0.15038053550626435,0
116198,0.15029822298744883,0
123503,0.15026978346738512,0
117632,0.15022776880307334,0
117982,0.150186768105553,0
125850,0.15012818809526235,0
120674,0.15012617555432306,0
121561,0.15010646451197082,0
117234,0.15008942086503008,0
121887,0.15007617177283622,0
118809,0.1500657153627057,0
124266,0.1500492298462109,0
116436,0.15002895668492344,0
124749,0.14997434073074076,0
115081,0.14987058415817814,0
120148,0.14982699386528295,0
118567,0.14974438351052413,0
118379,0.14971965934211914,0
117936,0.14971261932540597,0
121270,0.14969804822238492,0
120409,0.1496406292988465,0
126427,0.14963674207953215,0
118773,0.14963339249814595,0
118056,0.1496151756259998,0
127370,0.14952135399390679,0
125680,0.1495183434713696,0
123046,0.14948892920651238,0
119860,0.1494740827012894,0
115672,0.1494244969844534,0
122917,0.149412212362308,0
116175,0.14934498417348735,0
126339,0.14934306477563297,0
121417,0.14934300226786357,0
117925,0.14933180734251525,0
124162,0.14933177199320047,0
122909,0.14932058549106036,0
117986,0.1492822935759063,0
126402,0.14928182653717778,0
125141,0.14926713402777494,0
123451,0.1492667980740594,0
124976,0.14924711051383402,0
117531,0.14924202945585185,0
117893,0.14918808312301235,0
123148,0.14912747859998532,0
126662,0.14910355743275014,0
126646,0.14905875528188864,0
119818,0.1490462420734123,0
123839,0.14901687905610636,0
121968,0.14895144380933825,0
119242,0.1489513182653918,0
120658,0.14882490826644004,0
124993,0.14880663795995505,0
115236,0.14880244759331468,0
116674,0.1487454974721532,0
119119,0.14873292004020527,0
115508,0.14872135679370133,0
126218,0.14869158524810563,0
115345,0.1485710949640277,0
123882,0.1485575248703618,0
122986,0.1485154343383139,0
123138,0.14842698019111422,0
117915,0.14842064472024316,0
119144,0.1484204118543755,0
120372,0.1483995964504994,0
119833,0.14838753150629763,0
123180,0.14828874703711512,0
126371,0.1482722087507836,0
125220,0.1482161105665113,0
124856,0.1481786095248458,0
122860,0.14814238904456137,0
118858,0.14813844403958756,0
120023,0.14811870774048236,0
119770,0.148096704911659,0
118570,0.1480895018244349,0
115381,0.148049858755799,0
120377,0.14804821705874943,0
115473,0.14803465180794326,0
121721,0.14796108139553346,0
120566,0.14795278906047152,0
122153,0.1479380607285607,0
126125,0.14791057020019763,0
119036,0.14790034327671553,0
124225,0.1478757645409629,0
121172,0.1478703517170051,0
119551,0.14786802601284016,0
121582,0.14782365872106987,0
121736,0.14780461844544562,0
126303,0.14775699285285188,0
116733,0.14775290761584875,0
124565,0.14766701504971705,0
126955,0.1476516077114412,0
116534,0.1476094862711386,0
125349,0.1475935814966504,0
125736,0.14756096859806658,0
125201,0.1474775416814346,0
116772,0.14746470705899092,0
125491,0.14746131124355727,0
119207,0.1474401548748264,0
126320,0.14736821300501413,0
123057,0.14733481422681674,0
126107,0.14732935533780303,0
121384,0.14730985804516056,0
120093,0.14730864751871792,0
125402,0.14727140838122907,0
114793,0.1472555994857526,0
126445,0.1472386800845106,0
118378,0.1472114225877901,0
124595,0.1471218631845427,0
122833,0.14711243322673465,0
123271,0.1469167519759979,0
126300,0.14682661186840665,0
122382,0.14681837245903337,0
120624,0.1468104727381833,0
126414,0.14680363455243947,0
122356,0.14674788027876728,0
115244,0.14674683105681263,0
122775,0.14673850163194296,0
124833,0.14670258620733556,0
127038,0.14668185857112512,0
117754,0.1466557003246617,0
120987,0.14665328245350254,0
123124,0.14663366855638782,0
118429,0.1466243316983132,0
117822,0.14659645378763742,0
121936,0.14659423517079295,0
125115,0.1465781544376406,0
123915,0.14656194258587105,0
120815,0.14655258146647204,0
122988,0.14652805314136386,0
119897,0.14647997157937756,0
124011,0.1464625119220467,0
119870,0.14644383233227276,0
118706,0.14644335849746704,0
121830,0.14638409937625332,0
116940,0.14637672055136805,0
117795,0.14636278229487137,0
126968,0.14629922885448768,0
117558,0.14619396635059487,0
117765,0.14615226334127937,0
115100,0.14613711700222823,0
122182,0.14609095698224436,0
125400,0.14608539088595757,0
120724,0.1460806569855363,0
124295,0.14607876259395847,0
126305,0.1460728431042102,0
124257,0.14604975904440334,0
115252,0.14603037044309605,0
125419,0.14602543686522634,0
115082,0.14599884371495325,0
124032,0.14599380006963217,0
126916,0.1459911787066087,0
117962,0.14598530489360895,0
125344,0.14590981682278062,0
121404,0.14584425428700884,0
115313,0.1457948496397591,0
122488,0.1457838968386887,0
124406,0.14570622267113584,0
119045,0.14569615787881382,0
123881,0.14568144702772362,0
126410,0.14549147955973293,0
115832,0.14540749957542026,0
121564,0.14536363140101044,0
118845,0.14536344831100634,0
122972,0.14536280950423588,0
117426,0.14535882596110125,0
126971,0.14535163453814126,0
125350,0.14533808141660182,0
116318,0.14530544439377752,0
115328,0.14529146037771656,0
120019,0.14524113554868587,0
127496,0.14515016272705528,0
123804,0.14508283728670465,0
116604,0.1450765055473376,0
119518,0.14505567055699048,0
120752,0.1450348973068075,0
115489,0.14502496865852016,0
124100,0.14499377440258496,0
117439,0.14497446722822832,0
116162,0.14493651453062487,0
121974,0.14488090586101965,0
126455,0.14479520199385407,0
116717,0.144775764082275,0
119194,0.14476183041644336,0
116598,0.14473102965834053,0
124371,0.14472681361192558,0
117969,0.14471042782739382,0
118889,0.14466064309030097,0
117896,0.14464406135140445,0
121614,0.14463315393137607,0
121067,0.14456737304597816,0
116013,0.1445289251654016,0
118583,0.1444853713289235,0
123125,0.1444406817759437,0
116375,0.14442961405753146,0
123768,0.1444214782621763,0
121198,0.1444046274876622,0
123350,0.1443971693946452,0
121409,0.14431872695113276,0
120417,0.14430653105707097,0
120672,0.144296371907649,0
119005,0.14429591470855513,0
122197,0.1442698544195939,0
116482,0.14425915873566986,0
125474,0.1442503789645753,0
117961,0.1442227301215413,0
118742,0.1442113091063561,0
117670,0.1441330072465274,0
120151,0.1441279108409493,0
120170,0.14412022357910678,0
121601,0.1440676643733619,0
116728,0.14405691344973925,0
119621,0.14401831871168924,0
125743,0.14397970666374946,0
126370,0.1439741222984098,0
115776,0.14387931987778696,0
119286,0.1438562774397159,0
120928,0.1438328240983253,0
124944,0.14380428516248794,0
126440,0.14376784245546895,0
115856,0.14375148564497292,0
122721,0.14374744134880002,0
125724,0.1437393445558592,0
120213,0.14373235073862248,0
121423,0.14372947908105413,0
119948,0.1437109263421502,0
118556,0.1436627677824979,0
123114,0.14366077099100907,0
116577,0.1436416744838347,0
126818,0.14360195471099127,0
119175,0.14358749524675216,0
125464,0.14351868374737078,0
120253,0.14351521779502177,0
119965,0.14350068737752766,0
124927,0.14348793487894004,0
124528,0.14347901125261764,0
124746,0.14339200050650264,0
114890,0.14335565224895636,0
123775,0.14333742310702802,0
120532,0.14332328763374447,0
125446,0.14330519919838386,0
125576,0.14327284198404314,0
119730,0.14325150929522598,0
127513,0.14323486584851366,0
119003,0.143224243882567,0
125976,0.14318874212977398,0
127090,0.14316588815542072,0
122764,0.14312312818517617,0
125628,0.14310537338482637,0
115478,0.14308115932224713,0
123464,0.1430802020589979,0
115287,0.143066777285278,0
117685,0.14304423570666638,0
123715,0.14298523080572514,0
118649,0.14297937055842957,0
124201,0.14296811130414783,0
118926,0.1429314155510223,0
124333,0.14289265660965117,0
120333,0.14288004563935083,0
127010,0.1428551467978509,0
124014,0.14285340295043972,0
125069,0.1428527145713075,0
116023,0.14284018858211814,0
116373,0.14283447465081783,0
118647,0.14282231771249176,0
122784,0.14278087185121116,0
118931,0.1426809210998473,0
114944,0.14257209937401802,0
126543,0.1425240203075325,0
120605,0.14246742329096207,0
121730,0.14241822726770423,0
116782,0.1424133739158167,0
119037,0.1424018921160227,0
119027,0.1423244077238007,0
125508,0.14222853395975327,0
126838,0.1421708526652783,0
125102,0.14212925774840163,0
126690,0.14210311627000816,0
124030,0.1420927813792389,0
124207,0.14208249709218368,0
120498,0.14203110450495288,0
127048,0.14201960521232693,0
121661,0.14198051180084306,0
114905,0.14196563178283017,0
127259,0.14193860881675155,0
123502,0.14191901677635485,0
118989,0.14191600582589403,0
114855,0.1419073765375626,0
120479,0.14187305034835893,0
116787,0.14185526951483549,0
126471,0.1418236411227189,0
119866,0.14177427113918142,0
118463,0.14176849299996422,0
116171,0.14174967828982166,0
126014,0.14171133473540945,0
121289,0.14170597017112319,0
117443,0.14170165701431928,0
123772,0.14168674214051197,0
123714,0.14166651532785307,0
124202,0.1416207041811844,0
121441,0.14157911098497963,0
124307,0.14157534062100074,0
118401,0.14156850538468638,0
121850,0.1415563743109547,0
125131,0.14153687315922156,0
119140,0.14152318977517617,0
125522,0.14151814814350988,0
125580,0.14151616357117866,0
124156,0.14149826503873533,0
123557,0.14149736782410105,0
123861,0.1414748424484951,0
117503,0.14146587972000307,0
116119,0.14143066989166214,0
118080,0.14140540572374274,0
125586,0.14139853007584466,0
116185,0.14133589082132464,0
126847,0.1413195406415964,0
120354,0.14131095222637752,0
126986,0.1412089460272665,0
124235,0.14119742763142776,0
126950,0.1411945795537223,0
126896,0.14116186503517358,0
119863,0.1411612894304678,0
125051,0.14109969248232695,0
116705,0.14105993126009145,0
123422,0.1410052709555406,0
119276,0.14100516970419105,0
126463,0.1409774416841286,0
122896,0.14096666902980884,0
119176,0.1409602811052053,0
119909,0.1409090865467656,0
126909,0.14089524924858765,0
122471,0.14089506521565734,0
125300,0.14084577390299535,0
125405,0.140812438963469,0
120792,0.140804614860081,0
123764,0.14077529478592965,0
115197,0.14077025830606343,0
120017,0.14071726483264416,0
123280,0.14071530064258267,0
126948,0.14071225277433566,0
126461,0.14066659018665975,0
122665,0.14059881873075508,0
124477,0.14050640638908737,0
117420,0.14048620739338494,0
123193,0.14042107114244196,0
126375,0.14037392305109833,0
120805,0.1403568615817541,0
116578,0.14030382431863295,0
117468,0.14028338833464116,0
118501,0.1402033691637381,0
124608,0.14020007585168345,0
119373,0.14019990024007753,0
124832,0.14018987213799314,0
125211,0.140090287377007,0
114898,0.14007608292667742,0
121848,0.1400546420587287,0
117319,0.14005397555920895,0
121745,0.13997288836164293,0
117492,0.1399702328357645,0
116830,0.13995177938445819,0
123903,0.1399495749274694,0
115556,0.13992239754182179,0
121263,0.13991013657902707,0
121744,0.1398828277709978,0
117350,0.1397996573922259,0
116783,0.13976238795862853,0
117316,0.1397509440083041,0
125898,0.13969917513156307,0
122438,0.13969359032132628,0
122872,0.13965855330703422,0
115446,0.13963672373194944,0
127345,0.13958696764740533,0
125612,0.13955790585064534,0
124258,0.13952564648218144,0
118825,0.13946959282806753,0
120184,0.1394376162717679,0
123019,0.13940712252120457,0
123089,0.1394028557968957,0
115109,0.1393917841031036,0
122184,0.13937133772742158,0
122576,0.1393303189843553,0
121267,0.1393280055410164,0
117336,0.13924550329415064,0
120557,0.13920027484855504,0
117884,0.13916489148693073,0
119481,0.13915495761589589,0
125707,0.13914815440669215,0
120518,0.13912893890192404,0
122996,0.13910714766316107,0
126413,0.13909055559687059,0
124520,0.13905923608201964,0
116712,0.13897054707806292,0
120009,0.13896890153282843,0
123075,0.13892473823533696,0
127375,0.1389058521165218,0
125353,0.13888880856307736,0
121833,0.1388446358489473,0
114882,0.13883984324882903,0
122347,0.13882196320979545,0
125778,0.138744302430501,0
120298,0.13872938489479378,0
126586,0.1387190238547354,0
125650,0.13865951060519727,0
126927,0.13864444427313832,0
114880,0.13852631273867383,0
115513,0.138480756216822,0
126656,0.13846630107098257,0
120171,0.13825097143155296,0
116183,0.13824094891993324,0
121078,0.1382401241996584,0
125457,0.1382126015740605,0
124221,0.1382009470237618,0
114837,0.13815672667667955,0
122588,0.13805180948715115,0
118655,0.13798227474622843,0
117835,0.13787000532195057,0
125621,0.1378450088322231,0
122578,0.13783562692167545,0
119068,0.13781933463884274,0
123003,0.13765492459682577,0
122483,0.1375730407685492,0
118602,0.1375570812689622,0
116508,0.13754656591356573,0
126773,0.13754475645143313,0
126454,0.13752480455220814,0
126943,0.13751243889910997,0
115697,0.13750245236184927,0
124931,0.1373794170092626,0
115460,0.13736330681627534,0
123065,0.1372907628107072,0
122539,0.13728815553272647,0
119170,0.1372836789884716,0
121129,0.1372634838664823,0
121757,0.137240791636777,0
127294,0.1372348492798283,0
120556,0.1372028873233515,0
116316,0.13718448581453535,0
119969,0.13714050101314137,0
124397,0.13710303438455587,0
118596,0.1370988504482171,0
115419,0.1370847903825631,0
117550,0.13707356487430677,0
120032,0.1370448391850187,0
117599,0.13702682029746788,0
115321,0.13702518655034865,0
127022,0.1369591621634329,0
124158,0.13695744802577978,0
115899,0.13693681388862158,0
119406,0.1369361566220896,0
120495,0.13678546702867392,0
121487,0.13674885165873493,0
115371,0.13671148961770624,0
121219,0.13668034112594846,0
121875,0.13662548955598816,0
121836,0.13656387352080415,0
125467,0.13648394902519484,0
121527,0.1364747923184239,0
121884,0.13639478479215678,0
123060,0.13637915457954933,0
125424,0.13635202569200827,0
115228,0.1363364214950878,0
117681,0.13633619380694037,0
114928,0.13630457255053482,0
120575,0.13625312878919635,0
127020,0.13624907555011342,0
115549,0.13621663490071387,0
123278,0.135968841741307,0
117485,0.1359207461154039,0
122354,0.13591941411123093,0
116818,0.13585081748906408,0
116743,0.1358125313040984,0
124209,0.13578921789286605,0
120553,0.1357826937693423,0
124379,0.13577337385111163,0
124023,0.13576587936232237,0
116766,0.13561690030638052,0
125279,0.13558922307557827,0
124479,0.13557312292939908,0
118027,0.13556439581699797,0
122098,0.13556202794104294,0
122019,0.1355452038190164,0
120000,0.1355361891312604,0
117955,0.13552067228494652,0
123100,0.13549143973536357,0
118837,0.13544047369305548,0
118917,0.1354161024970114,0
119186,0.1354097717527992,0
122411,0.13540960741470778,0
122377,0.13540164417279227,0
121947,0.13537708739843848,0
126924,0.13535663214508423,0
120897,0.13530389279759572,0
119368,0.1352733019925207,0
125939,0.13525520245476047,0
126993,0.13525207955546903,0
120754,0.1352137860826941,0
116625,0.13515683302408166,0
126985,0.1351499211980371,0
124246,0.13503387889711027,0
120072,0.13501014015238869,0
119044,0.13499959506033604,0
119644,0.13499036617742652,0
115543,0.1349623008179708,0
116251,0.13492091949074927,0
122932,0.13487945709101626,0
122278,0.13485674867304995,0
118310,0.13485510308681922,0
115049,0.1347915742801858,0
124548,0.13478118243499493,0
126712,0.13476494628973718,0
119227,0.13473306731484214,0
125524,0.1346427850914004,0
115360,0.13462205093066762,0
125722,0.13445930046682872,0
115168,0.1344442133308571,0
123137,0.13436550211854348,0
119046,0.13432775080787931,0
124123,0.13431450269121178,0
118884,0.1342846922621658,0
124013,0.13427803179497558,0
119964,0.13427535880498928,0
115523,0.13422333071393616,0
124312,0.1341764287548931,0
120525,0.1341421557320091,0
121406,0.13407238148894268,0
123929,0.13402257229378317,0
126982,0.13401556759922073,0
124212,0.13399561402953647,0
119951,0.13398985051093845,0
124632,0.13398624973529177,0
122251,0.13398179816365963,0
115329,0.13387654133630192,0
118970,0.1338712138578578,0
120286,0.13383624439676317,0
120220,0.13380590659383684,0
117809,0.13373735528567512,0
117648,0.13367415533046625,0
123883,0.13364777073477074,0
116735,0.13362949935439503,0
119875,0.13356087954174117,0
126989,0.13339767678721223,0
120179,0.13334720284277776,0
121326,0.13332755472274288,0
116475,0.13332102655001332,0
120520,0.13329074062456409,0
115847,0.1332799590347023,0
120468,0.13323851507571396,0
116908,0.13320295557811826,0
124491,0.13315556011104043,0
126666,0.1331354494138047,0
121496,0.13310533764980476,0
125435,0.13307989937082407,0
115075,0.13307545513463484,0
117696,0.13306787915036575,0
119171,0.1330082972159264,0
126630,0.13298605364296695,0
127487,0.13285612246395428,0
121772,0.13275691466999792,0
126122,0.13271826021903668,0
121724,0.13270428402263168,0
124311,0.13260437567819747,0
121548,0.1325326574630378,0
125766,0.132467436553359,0
115987,0.1323867105081109,0
121650,0.13236315961812262,0
125741,0.1323373083234305,0
120335,0.13233309274029814,0
117698,0.13233203346139152,0
125072,0.1322893557389227,0
124108,0.13223321645790206,0
119421,0.1322291335618439,0
114811,0.13222336607375734,0
115210,0.13219025795454883,0
124489,0.13212842179850637,0
120439,0.13212110539889876,0
118745,0.13210324588129355,0
122227,0.13209156493055632,0
118818,0.13206282200431096,0
123064,0.13205489401336074,0
124383,0.1320075154850147,0
125507,0.13198742412659648,0
125677,0.13190986922158868,0
125567,0.13190629752920854,0
117952,0.1318978939578178,0
116273,0.13185239411161884,0
118878,0.1318274930313106,0
118063,0.13178584562333165,0
125579,0.13172842043563518,0
117494,0.13169368909947798,0
119223,0.13168726173255355,0
121522,0.13162982041745022,0
126344,0.1316277974705405,0
120550,0.1315740541363855,0
116445,0.13156163143717944,0
125536,0.1315273495248513,0
122619,0.13148298732833263,0
120166,0.13147255892643867,0
123570,0.13145866302744305,0
116644,0.1313195098652196,0
117722,0.13131235004833405,0
119995,0.13130313166377516,0
121956,0.13129097355486674,0
118810,0.1312216762194791,0
119358,0.13121893125275635,0
115436,0.13121108503665083,0
124142,0.1311677749568795,0
121367,0.13111585673866238,0
118372,0.13109402313846824,0
121283,0.13104218285540434,0
123791,0.1310102912138367,0
123199,0.13097763459152273,0
115137,0.13091511156787602,0
116636,0.13088626956924462,0
119864,0.13082877768041734,0
117278,0.13080663269779036,0
117706,0.13073428191359587,0
125143,0.13071929448387923,0
122049,0.13068553954555764,0
125933,0.1306719976006427,0
115682,0.13067074121369704,0
121268,0.13065834986588518,0
118677,0.13059589636396862,0
125043,0.1305246025822976,0
126325,0.13049048562854867,0
121180,0.1304173967763379,0
123734,0.1303551101678789,0
125635,0.13027719575143154,0
117243,0.13024370018129805,0
127424,0.13022314942438995,0
118539,0.13006909444569986,0
117508,0.13005259944736203,0
121023,0.13003312516204205,0
115391,0.12990458860663925,0
120105,0.12987819352078783,0
115385,0.12987694132390604,0
120648,0.12987014292223023,0
126452,0.12981296692263056,0
127530,0.12979793178187268,0
121371,0.12976020224489243,0
122441,0.1296974630633538,0
119185,0.1296547885345119,0
116751,0.12962315974682356,0
120504,0.12957776517304379,0
115684,0.1295568042229325,0
125149,0.12950227626828556,0
121490,0.12946164841907384,0
126688,0.1294220619727242,0
125183,0.12931592821680196,0
122475,0.12929632836527066,0
124799,0.1292425030356226,0
119489,0.1292135675661746,0
116300,0.12920924837212214,0
116432,0.12905033670955515,0
119379,0.1289785362292034,0
122555,0.1289628809634947,0
120410,0.1289566350293296,0
126887,0.12890511967402157,0
125216,0.12889135004903918,0
115281,0.1288829054274739,0
116654,0.12881913953937255,0
122604,0.12879321621069337,0
124284,0.12870554946838023,0
122254,0.1286803967459051,0
116388,0.12864684193383957,0
117847,0.12848941158636348,0
126842,0.1283160977560355,0
127318,0.12828838619886365,0
119559,0.12796759595813637,0
121877,0.12792413249160786,0
122515,0.1278987243355332,0
126886,0.12785981668201166,0
119678,0.12782130524057428,0
122637,0.1278001390059349,0
122865,0.12770524199419786,0
118747,0.12757121639881422,0
119274,0.12751669764837104,0
117883,0.12750188601602652,0
121708,0.12739204535364868,0
126768,0.1273121099429996,0
124044,0.1272988417352254,0
118852,0.12729760135696752,0
118445,0.12722438272481096,0
117424,0.12708875494927876,0
119268,0.1270616720990847,0
126977,0.12704920542314374,0
117611,0.12704663415286435,0
124081,0.12697129124019957,0
118791,0.12696343858616596,0
115783,0.12690733390892894,0
119532,0.12690265044072901,0
122082,0.1268849731908349,0
116753,0.12688142014797366,0
117874,0.12683677045343714,0
124469,0.12680340489128789,0
121276,0.12677421399724048,0
121176,0.12676126102847562,0
123690,0.12665736433560199,0
124507,0.12664654118266438,0
114929,0.1266012873896524,0
125278,0.12654157142423153,0
119230,0.12651869079738143,0
119273,0.12642742697978135,0
120510,0.12640330537249928,0
120395,0.12640028549226684,0
117410,0.12639201567382785,0
126508,0.12630688854185915,0
123099,0.1262051577927794,0
116099,0.12606995251565406,0
122731,0.12605880250391527,0
118932,0.1259573509715546,0
122915,0.12593750118274746,0
126580,0.12592657599171245,0
122553,0.12592067292248346,0
125327,0.12589431634465698,0
118996,0.12568777152683985,0
126898,0.12565164286154354,0
125692,0.12559330997295376,0
120683,0.12550577590782994,0
117908,0.12550109461457476,0
121360,0.12546121956534434,0
125024,0.12543271597747124,0
121185,0.1252982209087302,0
125177,0.1252710856739979,0
126722,0.12517251329973098,0
124549,0.1251690774732248,0
117583,0.12511810649524321,0
121084,0.1250774672609508,0
124404,0.1250002551538357,0
125286,0.1249512915608939,0
124693,0.12492999895161139,0
116194,0.12484028282382395,0
117725,0.1247068046594963,0
120226,0.12467026129362083,0
116314,0.1246012645712688,0
117877,0.12442904299648554,0
122170,0.12439149776234544,0
127510,0.12414309256897985,0
125195,0.12413891798168782,0
127175,0.12412675766477924,0
125101,0.12406106880780736,0
121965,0.12405510480506864,0
120573,0.12404258619650668,0
124087,0.12401762297142067,0
127494,0.12391681390968551,0
124663,0.12390758170737258,0
121820,0.12389027366490643,0
126997,0.12388593117166842,0
119127,0.1238386085391632,0
116423,0.1236334460162231,0
118982,0.123540872740279,0
125785,0.12352149961477563,0
121420,0.12350451898821901,0
116758,0.12347253280712088,0
115988,0.1232921430132153,0
118035,0.1231216193730005,0
117140,0.12309121686222127,0
119960,0.12306932571406237,0
116402,0.12302895270930168,0
120542,0.12302742837992035,0
116401,0.12293345942377523,0
123640,0.1228841537670308,0
119917,0.12280234505182562,0
124966,0.12275461082941547,0
117359,0.12273861327451438,0
121169,0.12250415648604779,0
117342,0.12201930201783387,0
126421,0.12199037407580939,0
122708,0.12195297362604575,0
124890,0.1219051299975949,0
125730,0.12189308033346072,0
119947,0.12182298544025487,0
126318,0.12173287041215758,0
115161,0.12168335808820674,0
123778,0.1216435147359844,0
122681,0.12163396044579507,0
123870,0.12156423028458152,0
122585,0.12153601361670473,0
115529,0.12152493970364629,0
120465,0.12145780501804716,0
121638,0.12117876722971829,0
116666,0.12097422273846549,0
123348,0.12096541012479436,0
122666,0.12091549876756165,0
114807,0.12091462217737128,0
121796,0.12080904948845007,0
120038,0.12066112578594015,0
123084,0.12047725379312611,0
122965,0.12002019937630831,0
116240,0.1200155038085488,0
119361,0.11994340291287636,0
125638,0.119915514689892,0
118670,0.11980375177985418,0
123162,0.11955390266332414,0
115535,0.11952612776556232,0
126312,0.1193827095513786,0
119249,0.11937414748552098,0
126890,0.11933784224766016,0
116129,0.11928838328945801,0
114947,0.11928198142868807,0
117694,0.11924128767003948,0
117465,0.11918611093247022,0
120440,0.11915334608944578,0
127244,0.11908392488655972,0
117836,0.11905728923538823,0
116699,0.1189869917289329,0
117983,0.11882518159120584,0
125352,0.11864841787067562,0
125748,0.11820827873708506,0
127004,0.11820125575862628,0
117902,0.11816191858642748,0
124323,0.11814936141266823,0
123105,0.1180977814256667,0
124797,0.11803310590779503,0
115429,0.11798215334365736,0
122734,0.11791796766953537,0
121485,0.11787852519682182,0
114829,0.11785966773879353,0
120617,0.11775573862631313,0
116760,0.1177486753477196,0
125662,0.11761909638872159,0
124134,0.11755665859441009,0
124410,0.11751703646423532,0
120640,0.11728651281008222,0
126316,0.11721097702886234,0
116462,0.11704696778745974,0
123784,0.11688964774082697,0
117230,0.11683699697358098,0
115387,0.1167326916489765,0
114833,0.11651726471191406,0
117904,0.1161238415465459,0
119156,0.11524693126728422,0
119152,0.1148746282266651,0
119461,0.11465631642209514,0
120492,0.11312763884447308,0
123821,0.11261021959564727,0
115147,0.11250478112088304,0
122803,0.11223791641232603,0
123533,0.11221552490240685,0
125434,0.111836839761155,0
116229,0.11146929887353008,0
116723,0.11146763774415254,0
125326,0.11131153448706542,0
122680,0.11109078517976004,0
124003,0.11077721725842123,0
118860,0.1107367490221363,0
114980,0.11043308590603829,0
127484,0.11027167165421567,0
118536,0.10943691478073521,0
119028,0.10909408577965696,0
122759,0.1085526585608746,0
117324,0.10847908598171337,0
115212,0.10809518641528787,0
116113,0.10705502525363907,0
125694,0.10674205229408802,0
120214,0.10650102465980117,0
124356,0.10493948150463665,0
116180,0.10412436894429318,0
125193,0.10310773386594028,0
124104,0.10250554298823104,0
114904,0.10240146173257143,0
